mode: set
github.com/k0sproject/rig/v2/aliases.go:44.58,46.16 2 1
github.com/k0sproject/rig/v2/aliases.go:46.16,48.3 1 0
github.com/k0sproject/rig/v2/aliases.go:49.2,49.16 1 1
github.com/k0sproject/rig/v2/aliases.go:53.85,55.16 2 1
github.com/k0sproject/rig/v2/aliases.go:55.16,57.3 1 1
github.com/k0sproject/rig/v2/aliases.go:58.2,58.17 1 1
github.com/k0sproject/rig/v2/aliases.go:62.89,64.16 2 1
github.com/k0sproject/rig/v2/aliases.go:64.16,66.3 1 1
github.com/k0sproject/rig/v2/aliases.go:67.2,67.16 1 1
github.com/k0sproject/rig/v2/aliases.go:71.59,73.16 2 1
github.com/k0sproject/rig/v2/aliases.go:73.16,75.3 1 1
github.com/k0sproject/rig/v2/aliases.go:76.2,76.19 1 1
github.com/k0sproject/rig/v2/aliases.go:80.65,82.16 2 1
github.com/k0sproject/rig/v2/aliases.go:82.16,84.3 1 1
github.com/k0sproject/rig/v2/aliases.go:85.2,85.16 1 1
github.com/k0sproject/rig/v2/aliases.go:90.62,92.2 1 0
github.com/k0sproject/rig/v2/capabilities.go:70.64,71.9 1 1
github.com/k0sproject/rig/v2/capabilities.go:72.18,73.20 1 1
github.com/k0sproject/rig/v2/capabilities.go:74.21,75.33 1 0
github.com/k0sproject/rig/v2/capabilities.go:76.10,77.19 1 1
github.com/k0sproject/rig/v2/capabilities.go:82.39,87.2 1 1
github.com/k0sproject/rig/v2/capabilities.go:89.41,90.17 1 1
github.com/k0sproject/rig/v2/capabilities.go:90.17,92.3 1 1
github.com/k0sproject/rig/v2/capabilities.go:93.2,93.20 1 0
github.com/k0sproject/rig/v2/capabilities.go:93.20,95.3 1 0
github.com/k0sproject/rig/v2/capabilities.go:96.2,96.18 1 0
github.com/k0sproject/rig/v2/capabilities.go:99.41,100.16 1 1
github.com/k0sproject/rig/v2/capabilities.go:100.16,102.3 1 1
github.com/k0sproject/rig/v2/capabilities.go:103.2,103.26 1 0
github.com/k0sproject/rig/v2/capabilities.go:103.26,105.3 1 0
github.com/k0sproject/rig/v2/capabilities.go:106.2,106.18 1 0
github.com/k0sproject/rig/v2/capabilities.go:109.41,110.28 1 1
github.com/k0sproject/rig/v2/capabilities.go:110.28,112.3 1 1
github.com/k0sproject/rig/v2/capabilities.go:113.2,113.32 1 0
github.com/k0sproject/rig/v2/capabilities.go:113.32,115.3 1 0
github.com/k0sproject/rig/v2/capabilities.go:116.2,116.15 1 0
github.com/k0sproject/rig/v2/capabilities.go:119.41,120.24 1 1
github.com/k0sproject/rig/v2/capabilities.go:120.24,122.3 1 1
github.com/k0sproject/rig/v2/capabilities.go:123.2,123.28 1 0
github.com/k0sproject/rig/v2/capabilities.go:123.28,125.3 1 0
github.com/k0sproject/rig/v2/capabilities.go:126.2,126.15 1 0
github.com/k0sproject/rig/v2/capabilities.go:129.43,130.12 1 1
github.com/k0sproject/rig/v2/capabilities.go:130.12,132.3 1 1
github.com/k0sproject/rig/v2/capabilities.go:133.2,133.22 1 0
github.com/k0sproject/rig/v2/capabilities.go:133.22,135.3 1 0
github.com/k0sproject/rig/v2/capabilities.go:136.2,136.13 1 0
github.com/k0sproject/rig/v2/capabilities.go:139.54,140.23 1 1
github.com/k0sproject/rig/v2/capabilities.go:140.23,142.3 1 0
github.com/k0sproject/rig/v2/capabilities.go:143.2,143.13 1 1
github.com/k0sproject/rig/v2/capabilities.go:155.46,161.41 3 1
github.com/k0sproject/rig/v2/capabilities.go:161.41,163.3 1 0
github.com/k0sproject/rig/v2/capabilities.go:165.2,165.52 1 1
github.com/k0sproject/rig/v2/capabilities.go:165.52,167.3 1 1
github.com/k0sproject/rig/v2/capabilities.go:167.8,167.22 1 1
github.com/k0sproject/rig/v2/capabilities.go:167.22,169.3 1 0
github.com/k0sproject/rig/v2/capabilities.go:169.8,171.3 1 1
github.com/k0sproject/rig/v2/capabilities.go:173.2,173.70 1 1
github.com/k0sproject/rig/v2/capabilities.go:173.70,175.3 1 1
github.com/k0sproject/rig/v2/capabilities.go:175.8,175.22 1 1
github.com/k0sproject/rig/v2/capabilities.go:175.22,177.3 1 0
github.com/k0sproject/rig/v2/capabilities.go:177.8,177.43 1 1
github.com/k0sproject/rig/v2/capabilities.go:177.43,179.3 1 1
github.com/k0sproject/rig/v2/capabilities.go:179.8,181.3 1 0
github.com/k0sproject/rig/v2/capabilities.go:183.2,183.47 1 1
github.com/k0sproject/rig/v2/capabilities.go:183.47,185.3 1 1
github.com/k0sproject/rig/v2/capabilities.go:185.8,185.22 1 1
github.com/k0sproject/rig/v2/capabilities.go:185.22,187.3 1 0
github.com/k0sproject/rig/v2/capabilities.go:187.8,187.43 1 1
github.com/k0sproject/rig/v2/capabilities.go:187.43,189.3 1 1
github.com/k0sproject/rig/v2/capabilities.go:189.8,191.3 1 0
github.com/k0sproject/rig/v2/capabilities.go:193.2,195.25 2 1
github.com/k0sproject/rig/v2/capabilities.go:195.25,197.3 1 1
github.com/k0sproject/rig/v2/capabilities.go:199.2,199.13 1 1
github.com/k0sproject/rig/v2/client.go:108.79,111.21 3 1
github.com/k0sproject/rig/v2/client.go:111.21,113.3 1 1
github.com/k0sproject/rig/v2/client.go:114.2,116.16 3 1
github.com/k0sproject/rig/v2/client.go:116.16,118.3 1 0
github.com/k0sproject/rig/v2/client.go:119.2,120.20 2 1
github.com/k0sproject/rig/v2/client.go:124.62,127.2 2 0
github.com/k0sproject/rig/v2/client.go:134.85,136.16 2 1
github.com/k0sproject/rig/v2/client.go:136.16,138.3 1 0
github.com/k0sproject/rig/v2/client.go:139.2,139.28 1 1
github.com/k0sproject/rig/v2/client.go:149.75,152.40 3 1
github.com/k0sproject/rig/v2/client.go:152.40,154.3 1 0
github.com/k0sproject/rig/v2/client.go:155.2,159.16 5 1
github.com/k0sproject/rig/v2/client.go:159.16,161.3 1 0
github.com/k0sproject/rig/v2/client.go:162.2,162.12 1 1
github.com/k0sproject/rig/v2/client.go:192.55,194.43 2 1
github.com/k0sproject/rig/v2/client.go:194.43,196.3 1 0
github.com/k0sproject/rig/v2/client.go:197.2,198.37 2 1
github.com/k0sproject/rig/v2/client.go:198.37,200.3 1 0
github.com/k0sproject/rig/v2/client.go:201.2,201.18 1 1
github.com/k0sproject/rig/v2/client.go:204.42,206.16 2 1
github.com/k0sproject/rig/v2/client.go:206.16,208.3 1 1
github.com/k0sproject/rig/v2/client.go:209.2,211.12 3 1
github.com/k0sproject/rig/v2/client.go:214.52,215.19 1 1
github.com/k0sproject/rig/v2/client.go:215.19,216.20 1 1
github.com/k0sproject/rig/v2/client.go:216.20,218.4 1 0
github.com/k0sproject/rig/v2/client.go:219.3,220.23 2 1
github.com/k0sproject/rig/v2/client.go:220.23,222.4 1 1
github.com/k0sproject/rig/v2/client.go:224.3,236.65 11 1
github.com/k0sproject/rig/v2/client.go:238.2,238.18 1 1
github.com/k0sproject/rig/v2/client.go:248.57,250.16 2 0
github.com/k0sproject/rig/v2/client.go:250.16,252.3 1 0
github.com/k0sproject/rig/v2/client.go:253.2,253.77 1 0
github.com/k0sproject/rig/v2/client.go:263.52,264.25 1 1
github.com/k0sproject/rig/v2/client.go:264.25,266.3 1 1
github.com/k0sproject/rig/v2/client.go:267.2,267.43 1 1
github.com/k0sproject/rig/v2/client.go:267.43,269.3 1 1
github.com/k0sproject/rig/v2/client.go:270.2,270.12 1 0
github.com/k0sproject/rig/v2/client.go:275.34,276.25 1 0
github.com/k0sproject/rig/v2/client.go:276.25,277.61 1 0
github.com/k0sproject/rig/v2/client.go:277.61,279.4 1 0
github.com/k0sproject/rig/v2/client.go:280.3,280.46 1 0
github.com/k0sproject/rig/v2/client.go:283.2,283.30 1 0
github.com/k0sproject/rig/v2/client.go:287.54,295.2 5 1
github.com/k0sproject/rig/v2/client.go:298.33,299.23 1 1
github.com/k0sproject/rig/v2/client.go:299.23,301.17 2 1
github.com/k0sproject/rig/v2/client.go:301.17,303.4 1 0
github.com/k0sproject/rig/v2/client.go:304.3,308.4 1 1
github.com/k0sproject/rig/v2/client.go:310.2,310.20 1 1
github.com/k0sproject/rig/v2/client.go:313.53,314.55 1 1
github.com/k0sproject/rig/v2/client.go:314.55,316.3 1 1
github.com/k0sproject/rig/v2/client.go:317.2,317.12 1 1
github.com/k0sproject/rig/v2/client.go:324.53,328.25 3 1
github.com/k0sproject/rig/v2/client.go:328.25,330.3 1 0
github.com/k0sproject/rig/v2/client.go:332.2,332.34 1 1
github.com/k0sproject/rig/v2/client.go:332.34,336.3 3 1
github.com/k0sproject/rig/v2/client.go:338.2,338.30 1 1
github.com/k0sproject/rig/v2/client.go:338.30,339.40 1 0
github.com/k0sproject/rig/v2/client.go:339.40,341.4 1 0
github.com/k0sproject/rig/v2/client.go:342.3,342.13 1 0
github.com/k0sproject/rig/v2/client.go:345.2,345.66 1 1
github.com/k0sproject/rig/v2/client.go:345.66,347.3 1 1
github.com/k0sproject/rig/v2/client.go:348.24,348.76 1 0
github.com/k0sproject/rig/v2/client.go:350.2,350.16 1 1
github.com/k0sproject/rig/v2/client.go:350.16,352.3 1 0
github.com/k0sproject/rig/v2/client.go:354.2,354.12 1 1
github.com/k0sproject/rig/v2/client.go:358.31,362.25 3 1
github.com/k0sproject/rig/v2/client.go:362.25,364.3 1 0
github.com/k0sproject/rig/v2/client.go:365.2,365.58 1 1
github.com/k0sproject/rig/v2/client.go:365.58,367.3 1 1
github.com/k0sproject/rig/v2/client.go:374.116,375.63 1 1
github.com/k0sproject/rig/v2/client.go:375.63,376.79 1 1
github.com/k0sproject/rig/v2/client.go:376.79,378.4 1 1
github.com/k0sproject/rig/v2/client.go:379.3,379.13 1 1
github.com/k0sproject/rig/v2/client.go:381.2,381.35 1 1
github.com/k0sproject/rig/v2/client.go:391.35,393.16 2 1
github.com/k0sproject/rig/v2/client.go:393.16,396.3 2 1
github.com/k0sproject/rig/v2/client.go:397.2,397.11 1 1
github.com/k0sproject/rig/v2/client.go:404.65,406.16 2 1
github.com/k0sproject/rig/v2/client.go:406.16,408.3 1 1
github.com/k0sproject/rig/v2/client.go:409.2,409.11 1 1
github.com/k0sproject/rig/v2/client.go:413.44,415.16 2 1
github.com/k0sproject/rig/v2/client.go:415.16,417.3 1 1
github.com/k0sproject/rig/v2/client.go:418.2,418.16 1 1
github.com/k0sproject/rig/v2/client.go:425.37,426.25 1 1
github.com/k0sproject/rig/v2/client.go:426.25,428.3 1 0
github.com/k0sproject/rig/v2/client.go:429.2,429.35 1 1
github.com/k0sproject/rig/v2/client.go:436.36,437.25 1 1
github.com/k0sproject/rig/v2/client.go:437.25,439.3 1 0
github.com/k0sproject/rig/v2/client.go:440.2,440.32 1 1
github.com/k0sproject/rig/v2/client.go:447.40,448.25 1 1
github.com/k0sproject/rig/v2/client.go:448.25,450.3 1 0
github.com/k0sproject/rig/v2/client.go:451.2,451.36 1 1
github.com/k0sproject/rig/v2/client.go:455.35,456.25 1 0
github.com/k0sproject/rig/v2/client.go:456.25,458.3 1 0
github.com/k0sproject/rig/v2/client.go:459.2,459.11 1 0
github.com/k0sproject/rig/v2/clientoptions.go:26.51,28.2 1 1
github.com/k0sproject/rig/v2/clientoptions.go:52.110,54.2 1 1
github.com/k0sproject/rig/v2/clientoptions.go:60.98,62.2 1 1
github.com/k0sproject/rig/v2/clientoptions.go:68.92,70.2 1 1
github.com/k0sproject/rig/v2/clientoptions.go:77.88,79.24 2 1
github.com/k0sproject/rig/v2/clientoptions.go:79.24,82.60 3 1
github.com/k0sproject/rig/v2/clientoptions.go:82.60,84.18 2 1
github.com/k0sproject/rig/v2/clientoptions.go:84.18,86.5 1 0
github.com/k0sproject/rig/v2/clientoptions.go:87.4,87.22 1 1
github.com/k0sproject/rig/v2/clientoptions.go:87.22,89.5 1 1
github.com/k0sproject/rig/v2/clientoptions.go:90.4,92.23 3 1
github.com/k0sproject/rig/v2/clientoptions.go:95.2,95.50 1 1
github.com/k0sproject/rig/v2/clientoptions.go:102.80,104.2 1 1
github.com/k0sproject/rig/v2/clientoptions.go:106.44,114.2 1 1
github.com/k0sproject/rig/v2/clientoptions.go:117.53,118.27 1 1
github.com/k0sproject/rig/v2/clientoptions.go:118.27,120.3 1 1
github.com/k0sproject/rig/v2/clientoptions.go:124.42,125.55 1 1
github.com/k0sproject/rig/v2/clientoptions.go:125.55,127.3 1 0
github.com/k0sproject/rig/v2/clientoptions.go:128.2,128.12 1 1
github.com/k0sproject/rig/v2/clientoptions.go:132.48,141.2 1 1
github.com/k0sproject/rig/v2/clientoptions.go:144.44,146.2 1 1
github.com/k0sproject/rig/v2/clientoptions.go:149.70,151.25 2 1
github.com/k0sproject/rig/v2/clientoptions.go:151.25,154.3 2 1
github.com/k0sproject/rig/v2/clientoptions.go:154.8,155.33 1 1
github.com/k0sproject/rig/v2/clientoptions.go:155.33,157.4 1 0
github.com/k0sproject/rig/v2/clientoptions.go:158.3,160.17 3 1
github.com/k0sproject/rig/v2/clientoptions.go:160.17,162.4 1 1
github.com/k0sproject/rig/v2/clientoptions.go:163.3,164.11 2 1
github.com/k0sproject/rig/v2/clientoptions.go:167.2,168.18 2 1
github.com/k0sproject/rig/v2/clientoptions.go:172.72,173.21 1 1
github.com/k0sproject/rig/v2/clientoptions.go:173.21,175.3 1 1
github.com/k0sproject/rig/v2/clientoptions.go:176.2,177.15 2 1
github.com/k0sproject/rig/v2/clientoptions.go:184.49,185.32 1 1
github.com/k0sproject/rig/v2/clientoptions.go:185.32,187.3 1 1
github.com/k0sproject/rig/v2/clientoptions.go:191.60,192.32 1 1
github.com/k0sproject/rig/v2/clientoptions.go:192.32,194.3 1 1
github.com/k0sproject/rig/v2/clientoptions.go:198.49,199.32 1 1
github.com/k0sproject/rig/v2/clientoptions.go:199.32,201.3 1 1
github.com/k0sproject/rig/v2/clientoptions.go:205.68,206.32 1 1
github.com/k0sproject/rig/v2/clientoptions.go:206.32,208.3 1 1
github.com/k0sproject/rig/v2/clientoptions.go:212.70,213.32 1 1
github.com/k0sproject/rig/v2/clientoptions.go:213.32,215.3 1 1
github.com/k0sproject/rig/v2/clientoptions.go:219.86,220.32 1 1
github.com/k0sproject/rig/v2/clientoptions.go:220.32,222.3 1 1
github.com/k0sproject/rig/v2/clientoptions.go:226.70,227.32 1 1
github.com/k0sproject/rig/v2/clientoptions.go:227.32,229.3 1 1
github.com/k0sproject/rig/v2/clientoptions.go:238.47,239.32 1 1
github.com/k0sproject/rig/v2/clientoptions.go:239.32,241.3 1 1
github.com/k0sproject/rig/v2/clientoptions.go:245.87,246.32 1 1
github.com/k0sproject/rig/v2/clientoptions.go:246.32,248.3 1 1
github.com/k0sproject/rig/v2/clientoptions.go:252.66,253.32 1 1
github.com/k0sproject/rig/v2/clientoptions.go:253.32,255.3 1 1
github.com/k0sproject/rig/v2/clientoptions.go:259.41,260.32 1 0
github.com/k0sproject/rig/v2/clientoptions.go:260.32,262.3 1 0
github.com/k0sproject/rig/v2/clientoptions.go:266.44,272.2 1 1
github.com/k0sproject/rig/v2/clientoptions.go:275.60,279.2 3 1
github.com/k0sproject/rig/v2/compositeconfig.go:26.74,29.38 3 1
github.com/k0sproject/rig/v2/compositeconfig.go:29.38,32.3 2 1
github.com/k0sproject/rig/v2/compositeconfig.go:33.2,34.38 2 1
github.com/k0sproject/rig/v2/compositeconfig.go:34.38,36.3 1 0
github.com/k0sproject/rig/v2/compositeconfig.go:37.2,37.19 1 1
github.com/k0sproject/rig/v2/compositeconfig.go:37.19,38.21 1 1
github.com/k0sproject/rig/v2/compositeconfig.go:38.21,40.4 1 1
github.com/k0sproject/rig/v2/compositeconfig.go:42.2,42.31 1 1
github.com/k0sproject/rig/v2/compositeconfig.go:42.31,44.10 2 1
github.com/k0sproject/rig/v2/compositeconfig.go:44.10,46.4 1 1
github.com/k0sproject/rig/v2/compositeconfig.go:47.3,47.26 1 1
github.com/k0sproject/rig/v2/compositeconfig.go:49.2,49.12 1 1
github.com/k0sproject/rig/v2/compositeconfig.go:61.73,65.20 3 1
github.com/k0sproject/rig/v2/compositeconfig.go:65.20,68.3 2 0
github.com/k0sproject/rig/v2/compositeconfig.go:70.2,70.18 1 1
github.com/k0sproject/rig/v2/compositeconfig.go:70.18,73.3 2 1
github.com/k0sproject/rig/v2/compositeconfig.go:75.2,75.22 1 1
github.com/k0sproject/rig/v2/compositeconfig.go:75.22,78.3 2 1
github.com/k0sproject/rig/v2/compositeconfig.go:80.2,80.17 1 1
github.com/k0sproject/rig/v2/compositeconfig.go:80.17,83.17 3 1
github.com/k0sproject/rig/v2/compositeconfig.go:83.17,85.4 1 0
github.com/k0sproject/rig/v2/compositeconfig.go:86.3,86.17 1 1
github.com/k0sproject/rig/v2/compositeconfig.go:89.2,89.15 1 1
github.com/k0sproject/rig/v2/compositeconfig.go:90.9,91.88 1 1
github.com/k0sproject/rig/v2/compositeconfig.go:92.9,93.22 1 1
github.com/k0sproject/rig/v2/compositeconfig.go:94.10,95.112 1 1
github.com/k0sproject/rig/v2/compositeconfig.go:104.44,106.16 2 1
github.com/k0sproject/rig/v2/compositeconfig.go:106.16,108.3 1 1
github.com/k0sproject/rig/v2/compositeconfig.go:109.2,109.40 1 1
github.com/k0sproject/rig/v2/compositeconfig.go:109.40,110.38 1 1
github.com/k0sproject/rig/v2/compositeconfig.go:110.38,112.4 1 1
github.com/k0sproject/rig/v2/compositeconfig.go:114.2,114.12 1 0
github.com/k0sproject/rig/v2/compositeconfig.go:118.69,120.16 2 1
github.com/k0sproject/rig/v2/compositeconfig.go:120.16,122.3 1 1
github.com/k0sproject/rig/v2/compositeconfig.go:123.2,124.16 2 1
github.com/k0sproject/rig/v2/compositeconfig.go:124.16,126.3 1 0
github.com/k0sproject/rig/v2/compositeconfig.go:127.2,127.18 1 1
github.com/k0sproject/rig/v2/compositeconfig.go:131.43,133.16 2 1
github.com/k0sproject/rig/v2/compositeconfig.go:133.16,135.3 1 1
github.com/k0sproject/rig/v2/compositeconfig.go:136.2,136.21 1 1
github.com/k0sproject/rig/v2/passphrase.go:11.48,15.16 4 0
github.com/k0sproject/rig/v2/passphrase.go:15.16,17.3 1 0
github.com/k0sproject/rig/v2/passphrase.go:18.2,18.26 1 0
github.com/k0sproject/rig/v2/service.go:40.33,42.2 1 0
github.com/k0sproject/rig/v2/service.go:45.35,47.2 1 0
github.com/k0sproject/rig/v2/service.go:50.52,53.70 3 1
github.com/k0sproject/rig/v2/service.go:53.70,55.3 1 0
github.com/k0sproject/rig/v2/service.go:56.2,56.46 1 1
github.com/k0sproject/rig/v2/service.go:60.51,63.69 3 1
github.com/k0sproject/rig/v2/service.go:63.69,65.3 1 0
github.com/k0sproject/rig/v2/service.go:66.2,66.46 1 1
github.com/k0sproject/rig/v2/service.go:73.54,74.73 1 1
github.com/k0sproject/rig/v2/service.go:74.73,77.74 3 1
github.com/k0sproject/rig/v2/service.go:77.74,79.4 1 1
github.com/k0sproject/rig/v2/service.go:80.3,80.48 1 1
github.com/k0sproject/rig/v2/service.go:83.2,83.36 1 1
github.com/k0sproject/rig/v2/service.go:83.36,85.3 1 0
github.com/k0sproject/rig/v2/service.go:86.2,86.37 1 1
github.com/k0sproject/rig/v2/service.go:86.37,88.3 1 0
github.com/k0sproject/rig/v2/service.go:89.2,89.12 1 1
github.com/k0sproject/rig/v2/service.go:102.84,103.33 1 1
github.com/k0sproject/rig/v2/service.go:103.33,104.22 1 1
github.com/k0sproject/rig/v2/service.go:104.23,104.24 0 1
github.com/k0sproject/rig/v2/service.go:106.2,106.56 1 1
github.com/k0sproject/rig/v2/service.go:109.76,113.6 4 1
github.com/k0sproject/rig/v2/service.go:113.6,116.29 3 1
github.com/k0sproject/rig/v2/service.go:116.29,118.4 1 1
github.com/k0sproject/rig/v2/service.go:119.3,119.10 1 1
github.com/k0sproject/rig/v2/service.go:120.21,121.92 1 1
github.com/k0sproject/rig/v2/service.go:122.18,124.43 2 0
github.com/k0sproject/rig/v2/service.go:124.43,126.5 1 0
github.com/k0sproject/rig/v2/service.go:127.4,127.22 1 0
github.com/k0sproject/rig/v2/service.go:133.53,136.71 3 0
github.com/k0sproject/rig/v2/service.go:136.71,138.3 1 0
github.com/k0sproject/rig/v2/service.go:139.2,139.71 1 0
github.com/k0sproject/rig/v2/service.go:139.71,140.62 1 0
github.com/k0sproject/rig/v2/service.go:140.62,142.4 1 0
github.com/k0sproject/rig/v2/service.go:144.2,144.12 1 0
github.com/k0sproject/rig/v2/service.go:148.54,151.72 3 0
github.com/k0sproject/rig/v2/service.go:151.72,153.3 1 0
github.com/k0sproject/rig/v2/service.go:154.2,154.71 1 0
github.com/k0sproject/rig/v2/service.go:154.71,155.62 1 0
github.com/k0sproject/rig/v2/service.go:155.62,157.4 1 0
github.com/k0sproject/rig/v2/service.go:159.2,159.12 1 0
github.com/k0sproject/rig/v2/service.go:164.67,168.16 4 0
github.com/k0sproject/rig/v2/service.go:168.16,170.3 1 0
github.com/k0sproject/rig/v2/service.go:171.2,171.24 1 0
github.com/k0sproject/rig/v2/service.go:176.55,180.2 3 0
github.com/k0sproject/rig/v2/service.go:192.74,196.9 4 0
github.com/k0sproject/rig/v2/service.go:196.9,198.3 1 0
github.com/k0sproject/rig/v2/service.go:200.2,201.16 2 0
github.com/k0sproject/rig/v2/service.go:201.16,203.3 1 0
github.com/k0sproject/rig/v2/service.go:204.2,204.18 1 0
github.com/k0sproject/rig/v2/service.go:210.70,212.9 2 1
github.com/k0sproject/rig/v2/service.go:212.9,214.3 1 1
github.com/k0sproject/rig/v2/service.go:215.2,215.77 1 1
github.com/k0sproject/rig/v2/service.go:215.77,216.23 1 1
github.com/k0sproject/rig/v2/service.go:216.23,218.4 1 1
github.com/k0sproject/rig/v2/service.go:219.3,219.69 1 1
github.com/k0sproject/rig/v2/service.go:221.2,221.12 1 1
github.com/k0sproject/rig/v2/service.go:227.84,231.9 4 1
github.com/k0sproject/rig/v2/service.go:231.9,233.3 1 1
github.com/k0sproject/rig/v2/service.go:234.2,234.17 1 1
github.com/k0sproject/rig/v2/service.go:234.17,236.3 1 1
github.com/k0sproject/rig/v2/service.go:237.2,238.16 2 1
github.com/k0sproject/rig/v2/service.go:238.16,240.3 1 0
github.com/k0sproject/rig/v2/service.go:241.2,241.64 1 1
github.com/k0sproject/rig/v2/service.go:241.64,243.3 1 0
github.com/k0sproject/rig/v2/service.go:244.2,245.72 2 1
github.com/k0sproject/rig/v2/service.go:245.72,247.3 1 0
github.com/k0sproject/rig/v2/service.go:248.2,248.71 1 1
github.com/k0sproject/rig/v2/service.go:248.71,249.62 1 1
github.com/k0sproject/rig/v2/service.go:249.62,251.4 1 0
github.com/k0sproject/rig/v2/service.go:253.2,253.12 1 1
github.com/k0sproject/rig/v2/service.go:259.59,263.9 4 1
github.com/k0sproject/rig/v2/service.go:263.9,265.3 1 1
github.com/k0sproject/rig/v2/service.go:266.2,266.61 1 1
github.com/k0sproject/rig/v2/service.go:266.61,268.3 1 0
github.com/k0sproject/rig/v2/service.go:269.2,269.12 1 1
github.com/k0sproject/rig/v2/service.go:273.74,275.16 2 0
github.com/k0sproject/rig/v2/service.go:275.16,277.3 1 0
github.com/k0sproject/rig/v2/service.go:278.2,282.8 1 0
github.com/k0sproject/rig/v2/packagemanager/apk.go:10.49,12.2 1 0
github.com/k0sproject/rig/v2/packagemanager/apk.go:15.40,16.71 1 1
github.com/k0sproject/rig/v2/packagemanager/apk.go:16.71,17.20 1 1
github.com/k0sproject/rig/v2/packagemanager/apk.go:17.20,19.4 1 0
github.com/k0sproject/rig/v2/packagemanager/apk.go:20.3,20.67 1 1
github.com/k0sproject/rig/v2/packagemanager/apk.go:20.67,22.4 1 1
github.com/k0sproject/rig/v2/packagemanager/apk.go:23.3,23.25 1 0
github.com/k0sproject/rig/v2/packagemanager/apt.go:10.49,19.2 1 0
github.com/k0sproject/rig/v2/packagemanager/apt.go:22.40,23.71 1 1
github.com/k0sproject/rig/v2/packagemanager/apt.go:23.71,24.20 1 1
github.com/k0sproject/rig/v2/packagemanager/apt.go:24.20,26.4 1 0
github.com/k0sproject/rig/v2/packagemanager/apt.go:27.3,27.71 1 1
github.com/k0sproject/rig/v2/packagemanager/apt.go:27.71,29.4 1 1
github.com/k0sproject/rig/v2/packagemanager/apt.go:30.3,30.25 1 0
github.com/k0sproject/rig/v2/packagemanager/chocolatey.go:10.56,12.2 1 0
github.com/k0sproject/rig/v2/packagemanager/chocolatey.go:15.47,16.71 1 0
github.com/k0sproject/rig/v2/packagemanager/chocolatey.go:16.71,17.21 1 0
github.com/k0sproject/rig/v2/packagemanager/chocolatey.go:17.21,19.4 1 0
github.com/k0sproject/rig/v2/packagemanager/chocolatey.go:20.3,20.72 1 0
github.com/k0sproject/rig/v2/packagemanager/chocolatey.go:20.72,22.4 1 0
github.com/k0sproject/rig/v2/packagemanager/chocolatey.go:23.3,23.32 1 0
github.com/k0sproject/rig/v2/packagemanager/defaultprovider.go:25.52,37.3 11 1
github.com/k0sproject/rig/v2/packagemanager/defaultprovider.go:49.30,51.2 1 1
github.com/k0sproject/rig/v2/packagemanager/dnf.go:10.49,12.2 1 0
github.com/k0sproject/rig/v2/packagemanager/dnf.go:15.40,16.71 1 1
github.com/k0sproject/rig/v2/packagemanager/dnf.go:16.71,17.20 1 1
github.com/k0sproject/rig/v2/packagemanager/dnf.go:17.20,19.4 1 0
github.com/k0sproject/rig/v2/packagemanager/dnf.go:20.3,20.67 1 1
github.com/k0sproject/rig/v2/packagemanager/dnf.go:20.67,22.4 1 1
github.com/k0sproject/rig/v2/packagemanager/dnf.go:23.3,23.25 1 0
github.com/k0sproject/rig/v2/packagemanager/homebrew.go:10.54,12.2 1 0
github.com/k0sproject/rig/v2/packagemanager/homebrew.go:15.45,16.71 1 1
github.com/k0sproject/rig/v2/packagemanager/homebrew.go:16.71,17.20 1 1
github.com/k0sproject/rig/v2/packagemanager/homebrew.go:17.20,19.4 1 0
github.com/k0sproject/rig/v2/packagemanager/homebrew.go:20.3,20.68 1 1
github.com/k0sproject/rig/v2/packagemanager/homebrew.go:20.68,22.4 1 1
github.com/k0sproject/rig/v2/packagemanager/homebrew.go:23.3,23.30 1 0
github.com/k0sproject/rig/v2/packagemanager/macports.go:10.54,12.2 1 0
github.com/k0sproject/rig/v2/packagemanager/macports.go:15.45,16.71 1 1
github.com/k0sproject/rig/v2/packagemanager/macports.go:16.71,17.20 1 1
github.com/k0sproject/rig/v2/packagemanager/macports.go:17.20,19.4 1 0
github.com/k0sproject/rig/v2/packagemanager/macports.go:21.3,21.68 1 1
github.com/k0sproject/rig/v2/packagemanager/macports.go:21.68,23.4 1 1
github.com/k0sproject/rig/v2/packagemanager/macports.go:24.3,24.30 1 0
github.com/k0sproject/rig/v2/packagemanager/pacman.go:10.52,12.2 1 0
github.com/k0sproject/rig/v2/packagemanager/pacman.go:15.43,16.71 1 1
github.com/k0sproject/rig/v2/packagemanager/pacman.go:16.71,17.20 1 1
github.com/k0sproject/rig/v2/packagemanager/pacman.go:17.20,19.4 1 0
github.com/k0sproject/rig/v2/packagemanager/pacman.go:20.3,20.70 1 1
github.com/k0sproject/rig/v2/packagemanager/pacman.go:20.70,22.4 1 1
github.com/k0sproject/rig/v2/packagemanager/pacman.go:23.3,23.28 1 0
github.com/k0sproject/rig/v2/packagemanager/scoop.go:10.51,12.2 1 0
github.com/k0sproject/rig/v2/packagemanager/scoop.go:15.42,16.71 1 0
github.com/k0sproject/rig/v2/packagemanager/scoop.go:16.71,17.21 1 0
github.com/k0sproject/rig/v2/packagemanager/scoop.go:17.21,19.4 1 0
github.com/k0sproject/rig/v2/packagemanager/scoop.go:20.3,20.72 1 0
github.com/k0sproject/rig/v2/packagemanager/scoop.go:20.72,22.4 1 0
github.com/k0sproject/rig/v2/packagemanager/scoop.go:23.3,23.27 1 0
github.com/k0sproject/rig/v2/packagemanager/service.go:22.61,24.16 2 1
github.com/k0sproject/rig/v2/packagemanager/service.go:24.16,26.3 1 1
github.com/k0sproject/rig/v2/packagemanager/service.go:27.2,27.16 1 1
github.com/k0sproject/rig/v2/packagemanager/service.go:32.89,34.2 1 1
github.com/k0sproject/rig/v2/packagemanager/service.go:42.61,43.22 1 0
github.com/k0sproject/rig/v2/packagemanager/service.go:43.22,45.3 1 0
github.com/k0sproject/rig/v2/packagemanager/service.go:46.2,46.14 1 0
github.com/k0sproject/rig/v2/packagemanager/service.go:50.89,52.2 1 0
github.com/k0sproject/rig/v2/packagemanager/service.go:55.88,57.2 1 0
github.com/k0sproject/rig/v2/packagemanager/service.go:60.64,62.2 1 0
github.com/k0sproject/rig/v2/packagemanager/universal.go:26.50,26.67 1 0
github.com/k0sproject/rig/v2/packagemanager/universal.go:28.109,29.89 1 1
github.com/k0sproject/rig/v2/packagemanager/universal.go:29.89,31.3 1 1
github.com/k0sproject/rig/v2/packagemanager/universal.go:32.2,32.12 1 0
github.com/k0sproject/rig/v2/packagemanager/universal.go:36.93,38.2 1 1
github.com/k0sproject/rig/v2/packagemanager/universal.go:41.92,43.2 1 0
github.com/k0sproject/rig/v2/packagemanager/universal.go:46.68,48.2 1 0
github.com/k0sproject/rig/v2/packagemanager/universal.go:50.124,59.2 1 1
github.com/k0sproject/rig/v2/packagemanager/universal.go:61.71,67.31 6 1
github.com/k0sproject/rig/v2/packagemanager/universal.go:67.31,70.3 2 1
github.com/k0sproject/rig/v2/packagemanager/universal.go:71.2,71.21 1 1
github.com/k0sproject/rig/v2/packagemanager/windowsmulti.go:22.47,22.73 1 0
github.com/k0sproject/rig/v2/packagemanager/windowsmulti.go:25.90,26.26 1 0
github.com/k0sproject/rig/v2/packagemanager/windowsmulti.go:26.26,28.3 1 0
github.com/k0sproject/rig/v2/packagemanager/windowsmulti.go:30.2,31.35 2 0
github.com/k0sproject/rig/v2/packagemanager/windowsmulti.go:31.35,32.38 1 0
github.com/k0sproject/rig/v2/packagemanager/windowsmulti.go:32.38,34.18 2 0
github.com/k0sproject/rig/v2/packagemanager/windowsmulti.go:34.18,35.10 1 0
github.com/k0sproject/rig/v2/packagemanager/windowsmulti.go:37.4,37.17 1 0
github.com/k0sproject/rig/v2/packagemanager/windowsmulti.go:40.2,40.20 1 0
github.com/k0sproject/rig/v2/packagemanager/windowsmulti.go:40.20,42.3 1 0
github.com/k0sproject/rig/v2/packagemanager/windowsmulti.go:43.2,43.12 1 0
github.com/k0sproject/rig/v2/packagemanager/windowsmulti.go:47.89,48.26 1 0
github.com/k0sproject/rig/v2/packagemanager/windowsmulti.go:48.26,50.3 1 0
github.com/k0sproject/rig/v2/packagemanager/windowsmulti.go:52.2,53.35 2 0
github.com/k0sproject/rig/v2/packagemanager/windowsmulti.go:53.35,54.38 1 0
github.com/k0sproject/rig/v2/packagemanager/windowsmulti.go:54.38,56.18 2 0
github.com/k0sproject/rig/v2/packagemanager/windowsmulti.go:56.18,57.10 1 0
github.com/k0sproject/rig/v2/packagemanager/windowsmulti.go:59.4,59.17 1 0
github.com/k0sproject/rig/v2/packagemanager/windowsmulti.go:62.2,62.20 1 0
github.com/k0sproject/rig/v2/packagemanager/windowsmulti.go:62.20,64.3 1 0
github.com/k0sproject/rig/v2/packagemanager/windowsmulti.go:65.2,65.12 1 0
github.com/k0sproject/rig/v2/packagemanager/windowsmulti.go:69.65,70.26 1 0
github.com/k0sproject/rig/v2/packagemanager/windowsmulti.go:70.26,72.3 1 0
github.com/k0sproject/rig/v2/packagemanager/windowsmulti.go:74.2,75.37 2 0
github.com/k0sproject/rig/v2/packagemanager/windowsmulti.go:75.37,77.17 2 0
github.com/k0sproject/rig/v2/packagemanager/windowsmulti.go:77.17,79.4 1 0
github.com/k0sproject/rig/v2/packagemanager/windowsmulti.go:81.2,81.20 1 0
github.com/k0sproject/rig/v2/packagemanager/windowsmulti.go:81.20,83.3 1 0
github.com/k0sproject/rig/v2/packagemanager/windowsmulti.go:84.2,84.12 1 0
github.com/k0sproject/rig/v2/packagemanager/windowsmulti.go:88.65,95.2 6 0
github.com/k0sproject/rig/v2/packagemanager/windowsmulti.go:98.56,99.71 1 1
github.com/k0sproject/rig/v2/packagemanager/windowsmulti.go:99.71,100.21 1 1
github.com/k0sproject/rig/v2/packagemanager/windowsmulti.go:100.21,102.4 1 1
github.com/k0sproject/rig/v2/packagemanager/windowsmulti.go:103.3,103.41 1 0
github.com/k0sproject/rig/v2/packagemanager/winget.go:10.52,12.2 1 0
github.com/k0sproject/rig/v2/packagemanager/winget.go:15.43,16.71 1 0
github.com/k0sproject/rig/v2/packagemanager/winget.go:16.71,17.21 1 0
github.com/k0sproject/rig/v2/packagemanager/winget.go:17.21,19.4 1 0
github.com/k0sproject/rig/v2/packagemanager/winget.go:20.3,20.73 1 0
github.com/k0sproject/rig/v2/packagemanager/winget.go:20.73,22.4 1 0
github.com/k0sproject/rig/v2/packagemanager/winget.go:23.3,23.28 1 0
github.com/k0sproject/rig/v2/packagemanager/yum.go:10.49,12.2 1 0
github.com/k0sproject/rig/v2/packagemanager/yum.go:15.40,16.76 1 1
github.com/k0sproject/rig/v2/packagemanager/yum.go:16.76,17.25 1 1
github.com/k0sproject/rig/v2/packagemanager/yum.go:17.25,19.4 1 0
github.com/k0sproject/rig/v2/packagemanager/yum.go:20.3,20.72 1 1
github.com/k0sproject/rig/v2/packagemanager/yum.go:20.72,22.4 1 1
github.com/k0sproject/rig/v2/packagemanager/yum.go:23.3,23.72 1 0
github.com/k0sproject/rig/v2/packagemanager/yum.go:23.72,26.4 1 0
github.com/k0sproject/rig/v2/packagemanager/yum.go:27.3,27.30 1 0
github.com/k0sproject/rig/v2/packagemanager/zypper.go:10.52,12.2 1 1
github.com/k0sproject/rig/v2/packagemanager/zypper.go:15.43,16.71 1 1
github.com/k0sproject/rig/v2/packagemanager/zypper.go:16.71,17.20 1 1
github.com/k0sproject/rig/v2/packagemanager/zypper.go:17.20,19.4 1 0
github.com/k0sproject/rig/v2/packagemanager/zypper.go:20.3,20.70 1 1
github.com/k0sproject/rig/v2/packagemanager/zypper.go:20.70,22.4 1 1
github.com/k0sproject/rig/v2/packagemanager/zypper.go:23.3,23.28 1 1
github.com/k0sproject/rig/v2/homedir/expand.go:17.41,18.34 1 1
github.com/k0sproject/rig/v2/homedir/expand.go:18.34,20.3 1 1
github.com/k0sproject/rig/v2/homedir/expand.go:22.2,23.21 2 1
github.com/k0sproject/rig/v2/homedir/expand.go:23.21,25.3 1 0
github.com/k0sproject/rig/v2/homedir/expand.go:27.2,28.16 2 1
github.com/k0sproject/rig/v2/homedir/expand.go:28.16,30.3 1 0
github.com/k0sproject/rig/v2/homedir/expand.go:31.2,35.33 3 1
github.com/k0sproject/rig/v2/homedir/homedir.go:13.51,14.20 1 0
github.com/k0sproject/rig/v2/homedir/homedir.go:14.20,16.3 1 0
github.com/k0sproject/rig/v2/homedir/homedir.go:17.2,18.16 2 0
github.com/k0sproject/rig/v2/homedir/homedir.go:18.16,20.3 1 0
github.com/k0sproject/rig/v2/homedir/homedir.go:21.2,22.16 2 0
github.com/k0sproject/rig/v2/homedir/homedir.go:22.16,24.3 1 0
github.com/k0sproject/rig/v2/homedir/homedir.go:25.2,25.18 1 0
github.com/k0sproject/rig/v2/homedir/homedir.go:29.46,31.16 2 0
github.com/k0sproject/rig/v2/homedir/homedir.go:31.16,33.3 1 0
github.com/k0sproject/rig/v2/homedir/homedir.go:35.2,35.18 1 0
github.com/k0sproject/rig/v2/homedir/homedir.go:35.18,37.3 1 0
github.com/k0sproject/rig/v2/homedir/homedir.go:39.2,39.18 1 0
github.com/k0sproject/rig/v2/homedir/homedir.go:43.45,45.16 2 0
github.com/k0sproject/rig/v2/homedir/homedir.go:45.16,47.3 1 0
github.com/k0sproject/rig/v2/homedir/homedir.go:49.2,49.19 1 0
github.com/k0sproject/rig/v2/homedir/homedir.go:49.19,51.3 1 0
github.com/k0sproject/rig/v2/homedir/homedir.go:53.2,53.18 1 0
github.com/k0sproject/rig/v2/plumbing/lazyservice.go:26.88,31.2 1 1
github.com/k0sproject/rig/v2/plumbing/lazyservice.go:34.46,35.19 1 1
github.com/k0sproject/rig/v2/plumbing/lazyservice.go:35.19,37.3 1 1
github.com/k0sproject/rig/v2/plumbing/lazyservice.go:38.2,38.23 1 1
github.com/k0sproject/rig/v2/plumbing/provider.go:16.52,20.2 3 1
github.com/k0sproject/rig/v2/plumbing/provider.go:26.46,29.32 3 1
github.com/k0sproject/rig/v2/plumbing/provider.go:29.32,31.9 2 1
github.com/k0sproject/rig/v2/plumbing/provider.go:31.9,32.14 1 1
github.com/k0sproject/rig/v2/plumbing/provider.go:32.14,37.5 1 0
github.com/k0sproject/rig/v2/plumbing/provider.go:38.4,38.17 1 1
github.com/k0sproject/rig/v2/plumbing/provider.go:41.2,41.23 1 1
github.com/k0sproject/rig/v2/plumbing/provider.go:46.51,50.32 4 1
github.com/k0sproject/rig/v2/plumbing/provider.go:50.32,52.9 2 1
github.com/k0sproject/rig/v2/plumbing/provider.go:52.9,54.4 1 1
github.com/k0sproject/rig/v2/plumbing/provider.go:56.2,56.18 1 1
github.com/k0sproject/rig/v2/plumbing/provider.go:56.18,58.3 1 1
github.com/k0sproject/rig/v2/plumbing/provider.go:59.2,59.16 1 1
github.com/k0sproject/rig/v2/plumbing/provider.go:64.59,66.2 1 1
github.com/k0sproject/rig/v2/kv/decoder.go:34.56,37.2 2 1
github.com/k0sproject/rig/v2/kv/decoder.go:53.83,63.21 4 1
github.com/k0sproject/rig/v2/kv/decoder.go:63.21,65.3 1 0
github.com/k0sproject/rig/v2/kv/decoder.go:66.2,66.18 1 1
github.com/k0sproject/rig/v2/kv/decoder.go:67.11,68.21 1 0
github.com/k0sproject/rig/v2/kv/decoder.go:69.11,70.23 1 1
github.com/k0sproject/rig/v2/kv/decoder.go:71.10,72.22 1 1
github.com/k0sproject/rig/v2/kv/decoder.go:75.2,75.20 1 1
github.com/k0sproject/rig/v2/kv/decoder.go:75.20,76.34 1 1
github.com/k0sproject/rig/v2/kv/decoder.go:76.34,77.11 1 1
github.com/k0sproject/rig/v2/kv/decoder.go:78.29,79.26 1 0
github.com/k0sproject/rig/v2/kv/decoder.go:80.30,81.27 1 0
github.com/k0sproject/rig/v2/kv/decoder.go:82.78,83.22 1 1
github.com/k0sproject/rig/v2/kv/decoder.go:83.22,85.29 2 1
github.com/k0sproject/rig/v2/kv/decoder.go:85.29,87.7 1 1
github.com/k0sproject/rig/v2/kv/decoder.go:92.2,92.42 1 1
github.com/k0sproject/rig/v2/kv/decoder.go:92.42,94.3 1 1
github.com/k0sproject/rig/v2/kv/decoder.go:95.2,95.13 1 1
github.com/k0sproject/rig/v2/kv/decoder.go:105.44,106.21 1 1
github.com/k0sproject/rig/v2/kv/decoder.go:106.21,108.3 1 0
github.com/k0sproject/rig/v2/kv/decoder.go:110.2,110.56 1 1
github.com/k0sproject/rig/v2/kv/decoder.go:110.56,112.3 1 1
github.com/k0sproject/rig/v2/kv/decoder.go:114.2,114.76 1 1
github.com/k0sproject/rig/v2/kv/decoder.go:117.41,127.2 1 1
github.com/k0sproject/rig/v2/kv/decoder.go:129.42,131.50 2 1
github.com/k0sproject/rig/v2/kv/decoder.go:131.50,133.3 1 0
github.com/k0sproject/rig/v2/kv/decoder.go:135.2,136.35 2 1
github.com/k0sproject/rig/v2/kv/decoder.go:136.35,138.3 1 0
github.com/k0sproject/rig/v2/kv/decoder.go:140.2,141.33 2 1
github.com/k0sproject/rig/v2/kv/decoder.go:141.33,145.3 3 1
github.com/k0sproject/rig/v2/kv/decoder.go:147.2,147.33 1 1
github.com/k0sproject/rig/v2/kv/decoder.go:147.33,148.10 1 1
github.com/k0sproject/rig/v2/kv/decoder.go:149.22,150.26 1 1
github.com/k0sproject/rig/v2/kv/decoder.go:150.26,152.5 1 0
github.com/k0sproject/rig/v2/kv/decoder.go:153.4,153.55 1 1
github.com/k0sproject/rig/v2/kv/decoder.go:153.55,155.5 1 0
github.com/k0sproject/rig/v2/kv/decoder.go:156.23,157.49 1 1
github.com/k0sproject/rig/v2/kv/decoder.go:157.49,159.5 1 0
github.com/k0sproject/rig/v2/kv/decoder.go:163.2,163.12 1 1
github.com/k0sproject/rig/v2/kv/decoder.go:166.69,167.33 1 1
github.com/k0sproject/rig/v2/kv/decoder.go:167.33,169.3 1 0
github.com/k0sproject/rig/v2/kv/decoder.go:170.2,170.19 1 1
github.com/k0sproject/rig/v2/kv/decoder.go:170.19,172.3 1 1
github.com/k0sproject/rig/v2/kv/decoder.go:173.2,174.9 2 1
github.com/k0sproject/rig/v2/kv/decoder.go:174.9,176.3 1 0
github.com/k0sproject/rig/v2/kv/decoder.go:177.2,178.12 2 1
github.com/k0sproject/rig/v2/kv/decoder.go:182.33,183.13 1 1
github.com/k0sproject/rig/v2/kv/decoder.go:184.84,185.14 1 1
github.com/k0sproject/rig/v2/kv/decoder.go:186.10,187.15 1 1
github.com/k0sproject/rig/v2/kv/decoder.go:191.74,193.19 2 1
github.com/k0sproject/rig/v2/kv/decoder.go:193.19,196.3 2 1
github.com/k0sproject/rig/v2/kv/decoder.go:199.2,202.52 3 1
github.com/k0sproject/rig/v2/kv/decoder.go:202.52,204.3 1 0
github.com/k0sproject/rig/v2/kv/decoder.go:206.2,206.12 1 1
github.com/k0sproject/rig/v2/kv/decoder.go:209.76,211.21 2 1
github.com/k0sproject/rig/v2/kv/decoder.go:211.21,213.3 1 1
github.com/k0sproject/rig/v2/kv/decoder.go:214.2,216.51 2 1
github.com/k0sproject/rig/v2/kv/decoder.go:216.51,224.75 5 1
github.com/k0sproject/rig/v2/kv/decoder.go:224.75,226.4 1 0
github.com/k0sproject/rig/v2/kv/decoder.go:229.3,229.44 1 1
github.com/k0sproject/rig/v2/kv/decoder.go:232.2,232.12 1 1
github.com/k0sproject/rig/v2/kv/decoder.go:235.76,236.17 1 1
github.com/k0sproject/rig/v2/kv/decoder.go:236.17,238.3 1 0
github.com/k0sproject/rig/v2/kv/decoder.go:239.2,239.21 1 1
github.com/k0sproject/rig/v2/kv/decoder.go:239.21,241.3 1 0
github.com/k0sproject/rig/v2/kv/decoder.go:243.2,245.26 2 1
github.com/k0sproject/rig/v2/kv/decoder.go:245.26,246.64 1 1
github.com/k0sproject/rig/v2/kv/decoder.go:246.64,247.57 1 0
github.com/k0sproject/rig/v2/kv/decoder.go:247.57,249.5 1 0
github.com/k0sproject/rig/v2/kv/decoder.go:250.4,250.14 1 0
github.com/k0sproject/rig/v2/kv/decoder.go:254.2,254.22 1 1
github.com/k0sproject/rig/v2/kv/decoder.go:255.22,256.25 1 1
github.com/k0sproject/rig/v2/kv/decoder.go:257.20,258.34 1 1
github.com/k0sproject/rig/v2/kv/decoder.go:259.78,261.17 2 1
github.com/k0sproject/rig/v2/kv/decoder.go:261.17,263.4 1 0
github.com/k0sproject/rig/v2/kv/decoder.go:264.3,264.25 1 1
github.com/k0sproject/rig/v2/kv/decoder.go:265.83,267.17 2 0
github.com/k0sproject/rig/v2/kv/decoder.go:267.17,269.4 1 0
github.com/k0sproject/rig/v2/kv/decoder.go:270.3,270.19 1 0
github.com/k0sproject/rig/v2/kv/decoder.go:271.40,273.17 2 1
github.com/k0sproject/rig/v2/kv/decoder.go:273.17,275.4 1 0
github.com/k0sproject/rig/v2/kv/decoder.go:276.3,276.20 1 1
github.com/k0sproject/rig/v2/kv/decoder.go:277.23,278.51 1 1
github.com/k0sproject/rig/v2/kv/decoder.go:278.51,280.4 1 0
github.com/k0sproject/rig/v2/kv/decoder.go:281.21,282.53 1 1
github.com/k0sproject/rig/v2/kv/decoder.go:282.53,284.4 1 0
github.com/k0sproject/rig/v2/kv/decoder.go:285.10,286.85 1 0
github.com/k0sproject/rig/v2/kv/decoder.go:289.2,289.12 1 1
github.com/k0sproject/rig/v2/kv/decoder.go:292.66,293.15 1 1
github.com/k0sproject/rig/v2/kv/decoder.go:293.15,295.3 1 0
github.com/k0sproject/rig/v2/kv/decoder.go:296.2,296.33 1 1
github.com/k0sproject/rig/v2/kv/decoder.go:296.33,297.22 1 1
github.com/k0sproject/rig/v2/kv/decoder.go:297.22,299.4 1 1
github.com/k0sproject/rig/v2/kv/decoder.go:300.3,300.58 1 1
github.com/k0sproject/rig/v2/kv/decoder.go:300.58,302.4 1 0
github.com/k0sproject/rig/v2/kv/decoder.go:303.3,303.23 1 1
github.com/k0sproject/rig/v2/kv/decoder.go:303.23,305.4 1 1
github.com/k0sproject/rig/v2/kv/decoder.go:306.3,306.59 1 1
github.com/k0sproject/rig/v2/kv/decoder.go:306.59,308.4 1 0
github.com/k0sproject/rig/v2/kv/decoder.go:310.2,310.27 1 1
github.com/k0sproject/rig/v2/kv/decoder.go:313.60,315.9 2 1
github.com/k0sproject/rig/v2/kv/decoder.go:315.9,316.25 1 1
github.com/k0sproject/rig/v2/kv/decoder.go:316.25,317.57 1 1
github.com/k0sproject/rig/v2/kv/decoder.go:317.57,319.5 1 0
github.com/k0sproject/rig/v2/kv/decoder.go:321.3,321.16 1 1
github.com/k0sproject/rig/v2/kv/decoder.go:321.16,323.4 1 0
github.com/k0sproject/rig/v2/kv/decoder.go:324.3,324.13 1 1
github.com/k0sproject/rig/v2/kv/decoder.go:326.2,326.52 1 1
github.com/k0sproject/rig/v2/kv/decoder.go:326.52,328.3 1 0
github.com/k0sproject/rig/v2/kv/decoder.go:329.2,329.12 1 1
github.com/k0sproject/rig/v2/kv/decoder.go:386.39,388.2 1 1
github.com/k0sproject/rig/v2/kv/decoder.go:391.46,393.2 1 1
github.com/k0sproject/rig/v2/kv/decoder.go:396.44,398.2 1 1
github.com/k0sproject/rig/v2/kv/decoder.go:401.48,403.2 1 0
github.com/k0sproject/rig/v2/kv/decoder.go:406.28,408.2 1 0
github.com/k0sproject/rig/v2/kv/decoder.go:410.46,411.25 1 1
github.com/k0sproject/rig/v2/kv/decoder.go:412.25,413.15 1 1
github.com/k0sproject/rig/v2/kv/decoder.go:413.15,415.4 1 0
github.com/k0sproject/rig/v2/kv/decoder.go:416.3,416.34 1 1
github.com/k0sproject/rig/v2/kv/decoder.go:417.10,419.36 2 1
github.com/k0sproject/rig/v2/kv/decoder.go:419.36,421.4 1 0
github.com/k0sproject/rig/v2/kv/decoder.go:422.3,422.18 1 1
github.com/k0sproject/rig/v2/kv/decoder.go:424.2,424.12 1 1
github.com/k0sproject/rig/v2/kv/decoder.go:428.47,429.15 1 1
github.com/k0sproject/rig/v2/kv/decoder.go:429.15,430.31 1 1
github.com/k0sproject/rig/v2/kv/decoder.go:430.31,433.4 1 0
github.com/k0sproject/rig/v2/kv/decoder.go:436.2,436.43 1 1
github.com/k0sproject/rig/v2/kv/decoder.go:436.43,438.3 1 0
github.com/k0sproject/rig/v2/kv/decoder.go:439.2,440.6 2 1
github.com/k0sproject/rig/v2/kv/decoder.go:440.6,442.35 2 1
github.com/k0sproject/rig/v2/kv/decoder.go:442.35,443.34 1 1
github.com/k0sproject/rig/v2/kv/decoder.go:443.34,445.5 1 1
github.com/k0sproject/rig/v2/kv/decoder.go:446.4,446.42 1 0
github.com/k0sproject/rig/v2/kv/decoder.go:449.3,449.53 1 1
github.com/k0sproject/rig/v2/kv/decoder.go:449.53,451.4 1 1
github.com/k0sproject/rig/v2/kv/decoder.go:452.3,454.21 2 1
github.com/k0sproject/rig/v2/kv/decoder.go:454.21,455.12 1 0
github.com/k0sproject/rig/v2/kv/decoder.go:458.3,458.70 1 1
github.com/k0sproject/rig/v2/kv/decoder.go:458.70,459.12 1 1
github.com/k0sproject/rig/v2/kv/decoder.go:462.3,463.17 2 1
github.com/k0sproject/rig/v2/kv/decoder.go:463.17,465.4 1 1
github.com/k0sproject/rig/v2/kv/decoder.go:466.3,466.49 1 1
github.com/k0sproject/rig/v2/kv/decoder.go:466.49,467.16 1 0
github.com/k0sproject/rig/v2/kv/decoder.go:467.16,469.5 1 0
github.com/k0sproject/rig/v2/kv/decoder.go:475.3,475.21 1 1
github.com/k0sproject/rig/v2/kv/decoder.go:475.21,476.34 1 1
github.com/k0sproject/rig/v2/kv/decoder.go:476.34,478.5 1 1
github.com/k0sproject/rig/v2/kv/decoder.go:479.4,479.42 1 0
github.com/k0sproject/rig/v2/kv/encoder.go:40.39,42.2 1 1
github.com/k0sproject/rig/v2/kv/encoder.go:47.42,47.64 1 0
github.com/k0sproject/rig/v2/kv/encoder.go:50.44,50.64 1 1
github.com/k0sproject/rig/v2/kv/encoder.go:53.46,53.66 1 1
github.com/k0sproject/rig/v2/kv/encoder.go:63.55,66.18 3 1
github.com/k0sproject/rig/v2/kv/encoder.go:67.11,69.14 2 1
github.com/k0sproject/rig/v2/kv/encoder.go:70.11,71.23 1 1
github.com/k0sproject/rig/v2/kv/encoder.go:72.10,73.22 1 1
github.com/k0sproject/rig/v2/kv/encoder.go:75.2,75.32 1 1
github.com/k0sproject/rig/v2/kv/encoder.go:75.32,76.10 1 1
github.com/k0sproject/rig/v2/kv/encoder.go:77.27,78.25 1 1
github.com/k0sproject/rig/v2/kv/encoder.go:79.75,80.42 1 1
github.com/k0sproject/rig/v2/kv/encoder.go:80.42,82.5 1 1
github.com/k0sproject/rig/v2/kv/encoder.go:85.2,85.13 1 1
github.com/k0sproject/rig/v2/kv/encoder.go:88.74,90.16 2 1
github.com/k0sproject/rig/v2/kv/encoder.go:90.16,92.3 1 1
github.com/k0sproject/rig/v2/kv/encoder.go:93.2,94.29 2 1
github.com/k0sproject/rig/v2/kv/encoder.go:94.29,96.17 2 1
github.com/k0sproject/rig/v2/kv/encoder.go:96.17,98.4 1 0
github.com/k0sproject/rig/v2/kv/encoder.go:99.3,99.15 1 1
github.com/k0sproject/rig/v2/kv/encoder.go:101.2,101.38 1 1
github.com/k0sproject/rig/v2/kv/encoder.go:104.64,105.22 1 1
github.com/k0sproject/rig/v2/kv/encoder.go:106.78,107.49 1 1
github.com/k0sproject/rig/v2/kv/encoder.go:108.83,109.51 1 0
github.com/k0sproject/rig/v2/kv/encoder.go:110.23,111.62 1 1
github.com/k0sproject/rig/v2/kv/encoder.go:112.23,113.62 1 1
github.com/k0sproject/rig/v2/kv/encoder.go:114.10,115.83 1 0
github.com/k0sproject/rig/v2/kv/encoder.go:119.61,120.54 1 1
github.com/k0sproject/rig/v2/kv/encoder.go:120.54,122.3 1 1
github.com/k0sproject/rig/v2/kv/encoder.go:124.2,124.58 1 1
github.com/k0sproject/rig/v2/kv/encoder.go:124.58,125.40 1 1
github.com/k0sproject/rig/v2/kv/encoder.go:125.40,126.12 1 0
github.com/k0sproject/rig/v2/kv/encoder.go:128.3,129.10 2 1
github.com/k0sproject/rig/v2/kv/encoder.go:129.10,130.12 1 1
github.com/k0sproject/rig/v2/kv/encoder.go:132.3,133.17 2 1
github.com/k0sproject/rig/v2/kv/encoder.go:133.17,135.4 1 0
github.com/k0sproject/rig/v2/kv/encoder.go:136.3,136.30 1 1
github.com/k0sproject/rig/v2/kv/encoder.go:138.2,138.23 1 1
github.com/k0sproject/rig/v2/kv/encoder.go:141.44,142.17 1 1
github.com/k0sproject/rig/v2/kv/encoder.go:142.17,144.3 1 1
github.com/k0sproject/rig/v2/kv/encoder.go:147.2,149.12 3 1
github.com/k0sproject/rig/v2/kv/encoder.go:152.69,153.56 1 1
github.com/k0sproject/rig/v2/kv/encoder.go:153.56,155.3 1 1
github.com/k0sproject/rig/v2/kv/encoder.go:156.2,156.22 1 1
github.com/k0sproject/rig/v2/kv/encoder.go:157.23,158.20 1 1
github.com/k0sproject/rig/v2/kv/encoder.go:158.20,160.4 1 1
github.com/k0sproject/rig/v2/kv/encoder.go:161.3,161.44 1 1
github.com/k0sproject/rig/v2/kv/encoder.go:162.21,163.42 1 1
github.com/k0sproject/rig/v2/kv/encoder.go:164.22,165.29 1 1
github.com/k0sproject/rig/v2/kv/encoder.go:166.20,167.19 1 1
github.com/k0sproject/rig/v2/kv/encoder.go:167.19,169.4 1 1
github.com/k0sproject/rig/v2/kv/encoder.go:170.3,170.22 1 0
github.com/k0sproject/rig/v2/kv/encoder.go:173.36,174.37 1 1
github.com/k0sproject/rig/v2/kv/encoder.go:175.10,176.83 1 0
github.com/k0sproject/rig/v2/kv/encoder.go:180.40,181.18 1 1
github.com/k0sproject/rig/v2/kv/encoder.go:182.51,183.19 1 1
github.com/k0sproject/rig/v2/kv/encoder.go:184.10,185.20 1 1
github.com/k0sproject/rig/v2/kv/encoder.go:189.47,190.31 1 1
github.com/k0sproject/rig/v2/kv/encoder.go:190.31,192.3 1 1
github.com/k0sproject/rig/v2/kv/encoder.go:193.2,193.66 1 1
github.com/k0sproject/rig/v2/kv/encoder.go:193.66,195.3 1 1
github.com/k0sproject/rig/v2/kv/encoder.go:196.2,196.22 1 1
github.com/k0sproject/rig/v2/kv/encoder.go:196.22,197.58 1 1
github.com/k0sproject/rig/v2/kv/encoder.go:197.58,199.4 1 1
github.com/k0sproject/rig/v2/kv/encoder.go:201.2,201.14 1 1
github.com/k0sproject/rig/v2/kv/encoder.go:206.50,207.24 1 1
github.com/k0sproject/rig/v2/kv/encoder.go:207.24,209.3 1 1
github.com/k0sproject/rig/v2/kv/encoder.go:210.2,213.22 4 1
github.com/k0sproject/rig/v2/kv/encoder.go:213.22,214.28 1 1
github.com/k0sproject/rig/v2/kv/encoder.go:214.28,216.4 1 1
github.com/k0sproject/rig/v2/kv/encoder.go:217.3,217.17 1 1
github.com/k0sproject/rig/v2/kv/encoder.go:219.2,220.19 2 1
github.com/k0sproject/rig/v2/kv/encoder.go:223.54,224.15 1 1
github.com/k0sproject/rig/v2/kv/encoder.go:224.15,226.3 1 1
github.com/k0sproject/rig/v2/kv/encoder.go:227.2,227.86 1 1
github.com/k0sproject/rig/v2/kv/encoder.go:227.86,229.3 1 1
github.com/k0sproject/rig/v2/kv/encoder.go:230.2,231.16 2 1
github.com/k0sproject/rig/v2/kv/encoder.go:231.16,233.3 1 0
github.com/k0sproject/rig/v2/kv/encoder.go:234.2,234.12 1 1
github.com/k0sproject/rig/v2/kv/encoder.go:239.52,241.32 2 1
github.com/k0sproject/rig/v2/kv/encoder.go:241.32,243.17 2 1
github.com/k0sproject/rig/v2/kv/encoder.go:243.17,245.4 1 0
github.com/k0sproject/rig/v2/kv/encoder.go:246.3,247.17 2 1
github.com/k0sproject/rig/v2/kv/encoder.go:247.17,249.4 1 0
github.com/k0sproject/rig/v2/kv/encoder.go:250.3,250.49 1 1
github.com/k0sproject/rig/v2/kv/encoder.go:252.2,252.40 1 1
github.com/k0sproject/rig/v2/kv/encoder.go:252.40,252.78 1 1
github.com/k0sproject/rig/v2/kv/encoder.go:253.2,253.26 1 1
github.com/k0sproject/rig/v2/kv/encoder.go:253.26,254.51 1 1
github.com/k0sproject/rig/v2/kv/encoder.go:254.51,256.4 1 1
github.com/k0sproject/rig/v2/kv/encoder.go:258.2,258.12 1 1
github.com/k0sproject/rig/v2/kv/encoder.go:261.115,262.19 1 1
github.com/k0sproject/rig/v2/kv/encoder.go:262.19,264.10 2 1
github.com/k0sproject/rig/v2/kv/encoder.go:264.10,266.4 1 1
github.com/k0sproject/rig/v2/kv/encoder.go:267.3,268.20 2 1
github.com/k0sproject/rig/v2/kv/encoder.go:268.20,270.4 1 1
github.com/k0sproject/rig/v2/kv/encoder.go:271.3,272.26 2 1
github.com/k0sproject/rig/v2/kv/encoder.go:272.26,273.47 1 1
github.com/k0sproject/rig/v2/kv/encoder.go:273.47,275.5 1 0
github.com/k0sproject/rig/v2/kv/encoder.go:277.3,277.13 1 1
github.com/k0sproject/rig/v2/kv/encoder.go:279.2,279.47 1 1
github.com/k0sproject/rig/v2/kv/encoder.go:279.47,281.3 1 1
github.com/k0sproject/rig/v2/kv/encoder.go:282.2,283.15 2 1
github.com/k0sproject/rig/v2/kv/encoder.go:283.15,285.3 1 1
github.com/k0sproject/rig/v2/kv/encoder.go:286.2,287.16 2 1
github.com/k0sproject/rig/v2/kv/encoder.go:287.16,289.3 1 0
github.com/k0sproject/rig/v2/kv/encoder.go:290.2,290.30 1 1
github.com/k0sproject/rig/v2/kv/encoder.go:293.63,296.30 3 1
github.com/k0sproject/rig/v2/kv/encoder.go:296.30,298.32 2 1
github.com/k0sproject/rig/v2/kv/encoder.go:298.32,299.65 1 1
github.com/k0sproject/rig/v2/kv/encoder.go:299.65,301.5 1 1
github.com/k0sproject/rig/v2/kv/encoder.go:302.4,302.12 1 0
github.com/k0sproject/rig/v2/kv/encoder.go:304.3,306.18 3 1
github.com/k0sproject/rig/v2/kv/encoder.go:306.18,307.12 1 1
github.com/k0sproject/rig/v2/kv/encoder.go:309.3,309.20 1 1
github.com/k0sproject/rig/v2/kv/encoder.go:309.20,310.20 1 1
github.com/k0sproject/rig/v2/kv/encoder.go:310.20,312.5 1 1
github.com/k0sproject/rig/v2/kv/encoder.go:313.4,313.23 1 1
github.com/k0sproject/rig/v2/kv/encoder.go:315.3,315.70 1 1
github.com/k0sproject/rig/v2/kv/encoder.go:315.70,317.4 1 1
github.com/k0sproject/rig/v2/kv/encoder.go:319.2,319.12 1 1
github.com/k0sproject/rig/v2/kv/encoder.go:324.41,326.38 2 1
github.com/k0sproject/rig/v2/kv/encoder.go:326.38,327.20 1 1
github.com/k0sproject/rig/v2/kv/encoder.go:327.20,329.4 1 1
github.com/k0sproject/rig/v2/kv/encoder.go:330.3,330.23 1 1
github.com/k0sproject/rig/v2/kv/encoder.go:332.2,332.22 1 1
github.com/k0sproject/rig/v2/kv/encoder.go:333.19,334.28 1 1
github.com/k0sproject/rig/v2/kv/encoder.go:335.22,336.23 1 1
github.com/k0sproject/rig/v2/kv/encoder.go:336.23,342.4 3 1
github.com/k0sproject/rig/v2/kv/encoder.go:343.3,343.31 1 1
github.com/k0sproject/rig/v2/kv/encoder.go:344.10,345.70 1 1
github.com/k0sproject/rig/v2/kv/split.go:14.19,16.4 1 1
github.com/k0sproject/rig/v2/kv/split.go:26.80,30.9 3 1
github.com/k0sproject/rig/v2/kv/split.go:30.9,32.3 1 0
github.com/k0sproject/rig/v2/kv/split.go:33.2,36.32 3 1
github.com/k0sproject/rig/v2/kv/split.go:36.32,37.22 1 1
github.com/k0sproject/rig/v2/kv/split.go:38.13,39.37 1 1
github.com/k0sproject/rig/v2/kv/split.go:39.37,41.5 1 1
github.com/k0sproject/rig/v2/kv/split.go:41.10,44.5 2 1
github.com/k0sproject/rig/v2/kv/split.go:45.12,46.23 1 1
github.com/k0sproject/rig/v2/kv/split.go:46.23,47.18 1 1
github.com/k0sproject/rig/v2/kv/split.go:47.18,50.6 2 1
github.com/k0sproject/rig/v2/kv/split.go:50.11,52.6 1 1
github.com/k0sproject/rig/v2/kv/split.go:53.10,55.5 1 1
github.com/k0sproject/rig/v2/kv/split.go:56.13,57.37 1 1
github.com/k0sproject/rig/v2/kv/split.go:57.37,59.5 1 1
github.com/k0sproject/rig/v2/kv/split.go:59.10,62.5 2 1
github.com/k0sproject/rig/v2/kv/split.go:63.18,64.74 1 1
github.com/k0sproject/rig/v2/kv/split.go:64.74,69.5 4 1
github.com/k0sproject/rig/v2/kv/split.go:69.10,71.5 1 1
github.com/k0sproject/rig/v2/kv/split.go:72.4,72.21 1 1
github.com/k0sproject/rig/v2/kv/split.go:73.11,75.29 2 1
github.com/k0sproject/rig/v2/kv/split.go:79.2,79.38 1 1
github.com/k0sproject/rig/v2/kv/split.go:79.38,81.3 1 1
github.com/k0sproject/rig/v2/kv/split.go:83.2,83.20 1 1
github.com/k0sproject/rig/v2/kv/split.go:83.20,85.3 1 1
github.com/k0sproject/rig/v2/kv/split.go:86.2,86.30 1 1
github.com/k0sproject/rig/v2/kv/split.go:90.60,92.2 1 0
github.com/k0sproject/rig/v2/cmd/errorexec.go:25.49,27.2 1 0
github.com/k0sproject/rig/v2/cmd/errorexec.go:30.51,30.65 1 0
github.com/k0sproject/rig/v2/cmd/errorexec.go:34.81,39.27 5 0
github.com/k0sproject/rig/v2/cmd/errorexec.go:39.27,41.3 1 0
github.com/k0sproject/rig/v2/cmd/errorexec.go:42.2,48.3 1 0
github.com/k0sproject/rig/v2/cmd/errorexec.go:52.48,54.2 1 0
github.com/k0sproject/rig/v2/cmd/errorexec.go:57.42,57.58 1 0
github.com/k0sproject/rig/v2/cmd/errorexec.go:60.41,60.68 1 0
github.com/k0sproject/rig/v2/cmd/errorexec.go:63.102,65.2 1 0
github.com/k0sproject/rig/v2/cmd/errorexec.go:68.93,70.2 1 0
github.com/k0sproject/rig/v2/cmd/errorexec.go:73.89,75.2 1 0
github.com/k0sproject/rig/v2/cmd/errorexec.go:78.63,78.79 1 0
github.com/k0sproject/rig/v2/cmd/errorexec.go:81.105,83.2 1 0
github.com/k0sproject/rig/v2/cmd/errorexec.go:86.79,88.2 1 0
github.com/k0sproject/rig/v2/cmd/errorexec.go:91.99,95.2 3 0
github.com/k0sproject/rig/v2/cmd/errorexec.go:98.82,100.2 1 0
github.com/k0sproject/rig/v2/cmd/errorexec.go:103.116,105.2 1 0
github.com/k0sproject/rig/v2/cmd/errorexec.go:108.88,110.2 1 0
github.com/k0sproject/rig/v2/cmd/errorexec.go:113.131,115.2 1 0
github.com/k0sproject/rig/v2/cmd/execoptions.go:57.49,58.44 1 1
github.com/k0sproject/rig/v2/cmd/execoptions.go:58.44,60.3 1 1
github.com/k0sproject/rig/v2/cmd/execoptions.go:61.2,61.12 1 1
github.com/k0sproject/rig/v2/cmd/execoptions.go:65.45,67.2 1 1
github.com/k0sproject/rig/v2/cmd/execoptions.go:70.41,72.2 1 1
github.com/k0sproject/rig/v2/cmd/execoptions.go:79.53,80.28 1 1
github.com/k0sproject/rig/v2/cmd/execoptions.go:81.21,82.29 1 0
github.com/k0sproject/rig/v2/cmd/execoptions.go:83.16,85.17 2 0
github.com/k0sproject/rig/v2/cmd/execoptions.go:85.17,87.4 1 0
github.com/k0sproject/rig/v2/cmd/execoptions.go:89.3,89.41 1 0
github.com/k0sproject/rig/v2/cmd/execoptions.go:89.41,91.4 1 0
github.com/k0sproject/rig/v2/cmd/execoptions.go:93.3,93.26 1 0
github.com/k0sproject/rig/v2/cmd/execoptions.go:94.10,95.29 1 1
github.com/k0sproject/rig/v2/cmd/execoptions.go:100.59,102.2 1 0
github.com/k0sproject/rig/v2/cmd/execoptions.go:105.59,107.2 1 0
github.com/k0sproject/rig/v2/cmd/execoptions.go:110.50,112.2 1 1
github.com/k0sproject/rig/v2/cmd/execoptions.go:115.47,117.2 1 1
github.com/k0sproject/rig/v2/cmd/execoptions.go:120.41,121.17 1 1
github.com/k0sproject/rig/v2/cmd/execoptions.go:121.17,123.3 1 1
github.com/k0sproject/rig/v2/cmd/execoptions.go:125.2,126.28 2 1
github.com/k0sproject/rig/v2/cmd/execoptions.go:126.28,128.3 1 0
github.com/k0sproject/rig/v2/cmd/execoptions.go:128.8,130.3 1 1
github.com/k0sproject/rig/v2/cmd/execoptions.go:132.2,132.16 1 1
github.com/k0sproject/rig/v2/cmd/execoptions.go:132.16,134.3 1 0
github.com/k0sproject/rig/v2/cmd/execoptions.go:136.2,136.13 1 1
github.com/k0sproject/rig/v2/cmd/execoptions.go:139.109,140.46 1 1
github.com/k0sproject/rig/v2/cmd/execoptions.go:140.46,140.76 1 1
github.com/k0sproject/rig/v2/cmd/execoptions.go:141.2,145.11 3 1
github.com/k0sproject/rig/v2/cmd/execoptions.go:150.51,152.2 1 1
github.com/k0sproject/rig/v2/cmd/execoptions.go:155.42,157.9 2 1
github.com/k0sproject/rig/v2/cmd/execoptions.go:158.22,159.65 1 0
github.com/k0sproject/rig/v2/cmd/execoptions.go:160.19,161.66 1 1
github.com/k0sproject/rig/v2/cmd/execoptions.go:163.2,163.18 1 1
github.com/k0sproject/rig/v2/cmd/execoptions.go:163.18,165.3 1 1
github.com/k0sproject/rig/v2/cmd/execoptions.go:166.2,166.23 1 1
github.com/k0sproject/rig/v2/cmd/execoptions.go:166.23,168.3 1 1
github.com/k0sproject/rig/v2/cmd/execoptions.go:169.2,169.35 1 1
github.com/k0sproject/rig/v2/cmd/execoptions.go:173.42,175.9 2 1
github.com/k0sproject/rig/v2/cmd/execoptions.go:176.22,177.66 1 0
github.com/k0sproject/rig/v2/cmd/execoptions.go:178.18,179.66 1 1
github.com/k0sproject/rig/v2/cmd/execoptions.go:181.2,182.21 2 1
github.com/k0sproject/rig/v2/cmd/execoptions.go:182.21,184.3 1 1
github.com/k0sproject/rig/v2/cmd/execoptions.go:185.2,185.23 1 1
github.com/k0sproject/rig/v2/cmd/execoptions.go:185.23,187.3 1 1
github.com/k0sproject/rig/v2/cmd/execoptions.go:188.2,188.35 1 1
github.com/k0sproject/rig/v2/cmd/execoptions.go:192.42,194.2 1 1
github.com/k0sproject/rig/v2/cmd/execoptions.go:197.34,198.30 1 1
github.com/k0sproject/rig/v2/cmd/execoptions.go:198.30,200.3 1 1
github.com/k0sproject/rig/v2/cmd/execoptions.go:204.53,205.48 1 0
github.com/k0sproject/rig/v2/cmd/execoptions.go:205.48,207.3 1 0
github.com/k0sproject/rig/v2/cmd/execoptions.go:208.2,208.37 1 0
github.com/k0sproject/rig/v2/cmd/execoptions.go:208.37,210.3 1 0
github.com/k0sproject/rig/v2/cmd/execoptions.go:211.2,211.10 1 0
github.com/k0sproject/rig/v2/cmd/execoptions.go:215.53,216.18 1 1
github.com/k0sproject/rig/v2/cmd/execoptions.go:216.18,218.3 1 1
github.com/k0sproject/rig/v2/cmd/execoptions.go:219.2,219.10 1 1
github.com/k0sproject/rig/v2/cmd/execoptions.go:223.36,224.30 1 1
github.com/k0sproject/rig/v2/cmd/execoptions.go:224.30,226.3 1 1
github.com/k0sproject/rig/v2/cmd/execoptions.go:230.39,231.30 1 1
github.com/k0sproject/rig/v2/cmd/execoptions.go:231.30,233.3 1 1
github.com/k0sproject/rig/v2/cmd/execoptions.go:237.37,238.30 1 1
github.com/k0sproject/rig/v2/cmd/execoptions.go:238.30,240.3 1 1
github.com/k0sproject/rig/v2/cmd/execoptions.go:244.37,245.30 1 1
github.com/k0sproject/rig/v2/cmd/execoptions.go:245.30,247.3 1 1
github.com/k0sproject/rig/v2/cmd/execoptions.go:251.32,252.30 1 0
github.com/k0sproject/rig/v2/cmd/execoptions.go:252.30,254.3 1 0
github.com/k0sproject/rig/v2/cmd/execoptions.go:258.34,259.30 1 0
github.com/k0sproject/rig/v2/cmd/execoptions.go:259.30,261.3 1 0
github.com/k0sproject/rig/v2/cmd/execoptions.go:265.31,266.30 1 1
github.com/k0sproject/rig/v2/cmd/execoptions.go:266.30,268.3 1 1
github.com/k0sproject/rig/v2/cmd/execoptions.go:272.30,273.30 1 1
github.com/k0sproject/rig/v2/cmd/execoptions.go:273.30,276.3 2 1
github.com/k0sproject/rig/v2/cmd/execoptions.go:280.29,281.30 1 0
github.com/k0sproject/rig/v2/cmd/execoptions.go:281.30,286.3 4 0
github.com/k0sproject/rig/v2/cmd/execoptions.go:290.38,291.30 1 1
github.com/k0sproject/rig/v2/cmd/execoptions.go:291.30,293.3 1 1
github.com/k0sproject/rig/v2/cmd/execoptions.go:297.34,298.30 1 0
github.com/k0sproject/rig/v2/cmd/execoptions.go:298.30,300.3 1 0
github.com/k0sproject/rig/v2/cmd/execoptions.go:304.36,305.30 1 1
github.com/k0sproject/rig/v2/cmd/execoptions.go:305.30,307.3 1 1
github.com/k0sproject/rig/v2/cmd/execoptions.go:311.22,312.30 1 0
github.com/k0sproject/rig/v2/cmd/execoptions.go:312.30,314.3 1 0
github.com/k0sproject/rig/v2/cmd/execoptions.go:320.32,321.30 1 0
github.com/k0sproject/rig/v2/cmd/execoptions.go:321.30,323.3 1 0
github.com/k0sproject/rig/v2/cmd/execoptions.go:327.50,328.30 1 1
github.com/k0sproject/rig/v2/cmd/execoptions.go:328.30,330.3 1 1
github.com/k0sproject/rig/v2/cmd/execoptions.go:334.38,335.30 1 0
github.com/k0sproject/rig/v2/cmd/execoptions.go:335.30,337.3 1 0
github.com/k0sproject/rig/v2/cmd/execoptions.go:343.33,344.30 1 1
github.com/k0sproject/rig/v2/cmd/execoptions.go:344.30,346.3 1 1
github.com/k0sproject/rig/v2/cmd/execoptions.go:350.45,367.2 3 1
github.com/k0sproject/rig/v2/cmd/execoptions.go:370.49,371.27 1 1
github.com/k0sproject/rig/v2/cmd/execoptions.go:371.27,373.3 1 1
github.com/k0sproject/rig/v2/cmd/execoptions.go:382.49,386.2 3 0
github.com/k0sproject/rig/v2/cmd/executor.go:42.18,42.44 1 1
github.com/k0sproject/rig/v2/cmd/executor.go:55.58,56.21 1 1
github.com/k0sproject/rig/v2/cmd/executor.go:56.21,57.42 1 1
github.com/k0sproject/rig/v2/cmd/executor.go:57.42,59.4 1 1
github.com/k0sproject/rig/v2/cmd/executor.go:60.3,61.38 2 0
github.com/k0sproject/rig/v2/cmd/executor.go:61.38,63.4 1 0
github.com/k0sproject/rig/v2/cmd/executor.go:64.3,64.14 1 0
github.com/k0sproject/rig/v2/cmd/executor.go:69.86,75.2 1 1
github.com/k0sproject/rig/v2/cmd/executor.go:81.40,83.2 1 1
github.com/k0sproject/rig/v2/cmd/executor.go:85.101,87.30 2 1
github.com/k0sproject/rig/v2/cmd/executor.go:87.30,89.3 1 1
github.com/k0sproject/rig/v2/cmd/executor.go:90.2,90.12 1 1
github.com/k0sproject/rig/v2/cmd/executor.go:94.80,96.2 1 1
github.com/k0sproject/rig/v2/cmd/executor.go:98.89,99.23 1 1
github.com/k0sproject/rig/v2/cmd/executor.go:99.23,101.3 1 1
github.com/k0sproject/rig/v2/cmd/executor.go:102.2,102.69 1 1
github.com/k0sproject/rig/v2/cmd/executor.go:110.76,115.27 5 1
github.com/k0sproject/rig/v2/cmd/executor.go:115.27,117.3 1 1
github.com/k0sproject/rig/v2/cmd/executor.go:118.2,124.3 1 1
github.com/k0sproject/rig/v2/cmd/executor.go:128.46,129.41 1 1
github.com/k0sproject/rig/v2/cmd/executor.go:129.41,131.3 1 1
github.com/k0sproject/rig/v2/cmd/executor.go:132.2,132.12 1 1
github.com/k0sproject/rig/v2/cmd/executor.go:137.43,139.2 1 1
github.com/k0sproject/rig/v2/cmd/executor.go:142.37,146.2 3 1
github.com/k0sproject/rig/v2/cmd/executor.go:149.36,150.46 1 1
github.com/k0sproject/rig/v2/cmd/executor.go:150.46,152.3 1 1
github.com/k0sproject/rig/v2/cmd/executor.go:153.2,153.23 1 0
github.com/k0sproject/rig/v2/cmd/executor.go:156.48,157.20 1 1
github.com/k0sproject/rig/v2/cmd/executor.go:157.20,160.3 1 0
github.com/k0sproject/rig/v2/cmd/executor.go:162.2,162.21 1 1
github.com/k0sproject/rig/v2/cmd/executor.go:162.21,164.3 1 0
github.com/k0sproject/rig/v2/cmd/executor.go:166.2,166.78 1 1
github.com/k0sproject/rig/v2/cmd/executor.go:166.78,168.3 1 0
github.com/k0sproject/rig/v2/cmd/executor.go:170.2,170.21 1 1
github.com/k0sproject/rig/v2/cmd/executor.go:170.21,172.3 1 0
github.com/k0sproject/rig/v2/cmd/executor.go:174.2,175.15 2 1
github.com/k0sproject/rig/v2/cmd/executor.go:175.15,177.3 1 0
github.com/k0sproject/rig/v2/cmd/executor.go:179.2,179.97 1 1
github.com/k0sproject/rig/v2/cmd/executor.go:182.38,184.24 2 1
github.com/k0sproject/rig/v2/cmd/executor.go:184.24,185.33 1 1
github.com/k0sproject/rig/v2/cmd/executor.go:185.33,186.47 1 1
github.com/k0sproject/rig/v2/cmd/executor.go:186.47,188.5 1 1
github.com/k0sproject/rig/v2/cmd/executor.go:191.2,191.12 1 1
github.com/k0sproject/rig/v2/cmd/executor.go:207.57,208.18 1 1
github.com/k0sproject/rig/v2/cmd/executor.go:208.18,210.16 2 1
github.com/k0sproject/rig/v2/cmd/executor.go:210.16,214.4 3 1
github.com/k0sproject/rig/v2/cmd/executor.go:215.3,215.24 1 1
github.com/k0sproject/rig/v2/cmd/executor.go:215.24,217.4 1 0
github.com/k0sproject/rig/v2/cmd/executor.go:219.2,219.15 1 1
github.com/k0sproject/rig/v2/cmd/executor.go:223.38,227.35 2 1
github.com/k0sproject/rig/v2/cmd/executor.go:227.35,229.3 1 1
github.com/k0sproject/rig/v2/cmd/executor.go:231.2,232.82 2 1
github.com/k0sproject/rig/v2/cmd/executor.go:232.82,234.3 1 1
github.com/k0sproject/rig/v2/cmd/executor.go:235.2,236.20 2 1
github.com/k0sproject/rig/v2/cmd/executor.go:236.20,237.22 1 1
github.com/k0sproject/rig/v2/cmd/executor.go:237.22,239.4 1 1
github.com/k0sproject/rig/v2/cmd/executor.go:239.9,241.4 1 1
github.com/k0sproject/rig/v2/cmd/executor.go:243.2,243.21 1 1
github.com/k0sproject/rig/v2/cmd/executor.go:243.21,245.3 1 1
github.com/k0sproject/rig/v2/cmd/executor.go:246.2,246.15 1 1
github.com/k0sproject/rig/v2/cmd/executor.go:249.29,251.12 2 1
github.com/k0sproject/rig/v2/cmd/executor.go:251.12,253.3 1 1
github.com/k0sproject/rig/v2/cmd/executor.go:254.2,254.45 1 1
github.com/k0sproject/rig/v2/cmd/executor.go:257.52,259.16 2 0
github.com/k0sproject/rig/v2/cmd/executor.go:259.16,261.3 1 0
github.com/k0sproject/rig/v2/cmd/executor.go:262.2,262.21 1 0
github.com/k0sproject/rig/v2/cmd/executor.go:262.21,264.3 1 0
github.com/k0sproject/rig/v2/cmd/executor.go:265.2,266.23 2 0
github.com/k0sproject/rig/v2/cmd/executor.go:266.23,268.3 1 0
github.com/k0sproject/rig/v2/cmd/executor.go:269.2,269.41 1 0
github.com/k0sproject/rig/v2/cmd/executor.go:272.39,273.42 1 1
github.com/k0sproject/rig/v2/cmd/executor.go:273.42,275.3 1 1
github.com/k0sproject/rig/v2/cmd/executor.go:277.2,278.26 2 1
github.com/k0sproject/rig/v2/cmd/executor.go:278.26,279.64 1 1
github.com/k0sproject/rig/v2/cmd/executor.go:279.64,280.59 1 0
github.com/k0sproject/rig/v2/cmd/executor.go:280.59,282.5 1 0
github.com/k0sproject/rig/v2/cmd/executor.go:285.2,285.33 1 1
github.com/k0sproject/rig/v2/cmd/executor.go:289.108,291.22 2 1
github.com/k0sproject/rig/v2/cmd/executor.go:291.22,293.3 1 0
github.com/k0sproject/rig/v2/cmd/executor.go:294.2,294.49 1 1
github.com/k0sproject/rig/v2/cmd/executor.go:294.49,296.3 1 1
github.com/k0sproject/rig/v2/cmd/executor.go:298.2,303.19 4 1
github.com/k0sproject/rig/v2/cmd/executor.go:303.19,305.3 1 1
github.com/k0sproject/rig/v2/cmd/executor.go:308.2,309.41 2 1
github.com/k0sproject/rig/v2/cmd/executor.go:309.41,311.53 2 1
github.com/k0sproject/rig/v2/cmd/executor.go:311.53,311.82 1 1
github.com/k0sproject/rig/v2/cmd/executor.go:312.3,312.53 1 1
github.com/k0sproject/rig/v2/cmd/executor.go:312.53,312.82 1 1
github.com/k0sproject/rig/v2/cmd/executor.go:313.3,315.28 3 1
github.com/k0sproject/rig/v2/cmd/executor.go:321.2,323.27 2 1
github.com/k0sproject/rig/v2/cmd/executor.go:323.27,325.3 1 1
github.com/k0sproject/rig/v2/cmd/executor.go:327.2,327.19 1 1
github.com/k0sproject/rig/v2/cmd/executor.go:327.19,329.3 1 1
github.com/k0sproject/rig/v2/cmd/executor.go:331.2,336.16 5 1
github.com/k0sproject/rig/v2/cmd/executor.go:336.16,337.34 1 0
github.com/k0sproject/rig/v2/cmd/executor.go:337.34,339.4 1 0
github.com/k0sproject/rig/v2/cmd/executor.go:340.3,341.58 2 0
github.com/k0sproject/rig/v2/cmd/executor.go:344.2,344.19 1 1
github.com/k0sproject/rig/v2/cmd/executor.go:344.19,345.34 1 0
github.com/k0sproject/rig/v2/cmd/executor.go:345.34,347.4 1 0
github.com/k0sproject/rig/v2/cmd/executor.go:348.3,349.91 2 0
github.com/k0sproject/rig/v2/cmd/executor.go:352.2,353.19 2 1
github.com/k0sproject/rig/v2/cmd/executor.go:353.19,355.3 1 1
github.com/k0sproject/rig/v2/cmd/executor.go:357.2,366.8 1 1
github.com/k0sproject/rig/v2/cmd/executor.go:370.97,372.2 1 1
github.com/k0sproject/rig/v2/cmd/executor.go:375.95,377.16 2 1
github.com/k0sproject/rig/v2/cmd/executor.go:377.16,379.3 1 1
github.com/k0sproject/rig/v2/cmd/executor.go:380.2,380.36 1 1
github.com/k0sproject/rig/v2/cmd/executor.go:380.36,382.3 1 1
github.com/k0sproject/rig/v2/cmd/executor.go:384.2,384.12 1 1
github.com/k0sproject/rig/v2/cmd/executor.go:388.67,390.2 1 1
github.com/k0sproject/rig/v2/cmd/executor.go:393.111,395.9 2 1
github.com/k0sproject/rig/v2/cmd/executor.go:395.9,397.3 1 0
github.com/k0sproject/rig/v2/cmd/executor.go:398.2,398.15 1 1
github.com/k0sproject/rig/v2/cmd/executor.go:398.15,399.26 1 1
github.com/k0sproject/rig/v2/cmd/executor.go:399.26,403.4 3 1
github.com/k0sproject/rig/v2/cmd/executor.go:406.2,410.16 4 1
github.com/k0sproject/rig/v2/cmd/executor.go:410.16,412.3 1 0
github.com/k0sproject/rig/v2/cmd/executor.go:413.2,414.36 2 1
github.com/k0sproject/rig/v2/cmd/executor.go:414.36,417.3 2 0
github.com/k0sproject/rig/v2/cmd/executor.go:419.2,421.49 3 1
github.com/k0sproject/rig/v2/cmd/executor.go:425.83,427.2 1 1
github.com/k0sproject/rig/v2/cmd/executor.go:431.105,433.22 2 0
github.com/k0sproject/rig/v2/cmd/executor.go:433.22,436.3 2 0
github.com/k0sproject/rig/v2/cmd/executor.go:437.2,438.12 2 0
github.com/k0sproject/rig/v2/cmd/executor.go:438.12,439.62 1 0
github.com/k0sproject/rig/v2/cmd/executor.go:439.62,442.4 2 0
github.com/k0sproject/rig/v2/cmd/executor.go:442.9,444.4 1 0
github.com/k0sproject/rig/v2/cmd/executor.go:445.3,445.95 1 0
github.com/k0sproject/rig/v2/cmd/executor.go:447.2,447.14 1 0
github.com/k0sproject/rig/v2/cmd/executor.go:452.111,454.2 1 0
github.com/k0sproject/rig/v2/cmd/executor.go:458.77,460.2 1 0
github.com/k0sproject/rig/v2/cmd/executor.go:464.83,466.2 1 0
github.com/k0sproject/rig/v2/cmd/executor.go:470.148,472.16 2 0
github.com/k0sproject/rig/v2/cmd/executor.go:472.16,474.3 1 0
github.com/k0sproject/rig/v2/cmd/executor.go:475.2,475.20 1 0
github.com/k0sproject/rig/v2/cmd/proc.go:21.56,23.20 2 1
github.com/k0sproject/rig/v2/cmd/proc.go:23.20,25.3 1 1
github.com/k0sproject/rig/v2/cmd/proc.go:26.2,26.21 1 1
github.com/k0sproject/rig/v2/cmd/proc.go:26.21,28.3 1 1
github.com/k0sproject/rig/v2/cmd/proc.go:29.2,29.21 1 1
github.com/k0sproject/rig/v2/cmd/proc.go:29.21,31.3 1 1
github.com/k0sproject/rig/v2/cmd/proc.go:32.2,32.31 1 1
github.com/k0sproject/rig/v2/cmd/proc.go:36.88,38.2 1 1
github.com/k0sproject/rig/v2/cmd/proc.go:41.67,43.2 1 1
github.com/k0sproject/rig/v2/byteslice/indexall.go:6.36,7.40 1 1
github.com/k0sproject/rig/v2/byteslice/indexall.go:7.40,9.3 1 1
github.com/k0sproject/rig/v2/byteslice/indexall.go:11.2,13.36 2 1
github.com/k0sproject/rig/v2/byteslice/indexall.go:13.36,15.16 2 1
github.com/k0sproject/rig/v2/byteslice/indexall.go:15.16,16.9 1 1
github.com/k0sproject/rig/v2/byteslice/indexall.go:18.3,20.28 3 1
github.com/k0sproject/rig/v2/byteslice/indexall.go:23.2,23.16 1 1
github.com/k0sproject/rig/v2/byteslice/indexall.go:27.50,30.77 3 0
github.com/k0sproject/rig/v2/byteslice/indexall.go:30.77,32.3 1 0
github.com/k0sproject/rig/v2/byteslice/indexall.go:33.2,33.25 1 0
github.com/k0sproject/rig/v2/byteslice/partialindex.go:10.42,11.38 1 1
github.com/k0sproject/rig/v2/byteslice/partialindex.go:11.38,13.3 1 1
github.com/k0sproject/rig/v2/byteslice/partialindex.go:15.2,15.56 1 1
github.com/k0sproject/rig/v2/byteslice/partialindex.go:15.56,16.12 1 1
github.com/k0sproject/rig/v2/byteslice/partialindex.go:16.12,17.12 1 1
github.com/k0sproject/rig/v2/byteslice/partialindex.go:19.3,19.38 1 1
github.com/k0sproject/rig/v2/byteslice/partialindex.go:19.38,21.4 1 1
github.com/k0sproject/rig/v2/byteslice/partialindex.go:24.2,24.11 1 1
github.com/k0sproject/rig/v2/os/darwin.go:11.60,12.22 1 1
github.com/k0sproject/rig/v2/os/darwin.go:12.22,14.3 1 0
github.com/k0sproject/rig/v2/os/darwin.go:16.2,16.60 1 1
github.com/k0sproject/rig/v2/os/darwin.go:16.60,18.3 1 0
github.com/k0sproject/rig/v2/os/darwin.go:20.2,21.16 2 1
github.com/k0sproject/rig/v2/os/darwin.go:21.16,23.3 1 0
github.com/k0sproject/rig/v2/os/darwin.go:25.2,26.246 2 1
github.com/k0sproject/rig/v2/os/darwin.go:26.246,28.3 1 0
github.com/k0sproject/rig/v2/os/darwin.go:30.2,36.58 2 1
github.com/k0sproject/rig/v2/os/darwin.go:36.58,38.3 1 1
github.com/k0sproject/rig/v2/os/darwin.go:40.2,40.22 1 1
github.com/k0sproject/rig/v2/os/darwin.go:44.41,46.2 1 0
github.com/k0sproject/rig/v2/os/defaultprovider.go:13.52,20.3 6 0
github.com/k0sproject/rig/v2/os/defaultprovider.go:36.30,38.2 1 0
github.com/k0sproject/rig/v2/os/linux.go:13.59,14.22 1 1
github.com/k0sproject/rig/v2/os/linux.go:14.22,16.3 1 0
github.com/k0sproject/rig/v2/os/linux.go:18.2,18.59 1 1
github.com/k0sproject/rig/v2/os/linux.go:18.59,21.3 2 0
github.com/k0sproject/rig/v2/os/linux.go:23.2,27.48 4 1
github.com/k0sproject/rig/v2/os/linux.go:27.48,30.3 2 0
github.com/k0sproject/rig/v2/os/linux.go:32.2,32.58 1 1
github.com/k0sproject/rig/v2/os/linux.go:32.58,34.3 1 1
github.com/k0sproject/rig/v2/os/linux.go:36.2,36.22 1 1
github.com/k0sproject/rig/v2/os/linux.go:40.40,42.2 1 0
github.com/k0sproject/rig/v2/os/linux_compat.go:37.65,38.22 1 1
github.com/k0sproject/rig/v2/os/linux_compat.go:38.22,40.3 1 0
github.com/k0sproject/rig/v2/os/linux_compat.go:42.2,42.59 1 1
github.com/k0sproject/rig/v2/os/linux_compat.go:42.59,44.3 1 1
github.com/k0sproject/rig/v2/os/linux_compat.go:46.2,51.58 2 1
github.com/k0sproject/rig/v2/os/linux_compat.go:51.58,53.3 1 1
github.com/k0sproject/rig/v2/os/linux_compat.go:55.2,55.41 1 1
github.com/k0sproject/rig/v2/os/linux_compat.go:55.41,56.84 1 1
github.com/k0sproject/rig/v2/os/linux_compat.go:56.84,57.12 1 1
github.com/k0sproject/rig/v2/os/linux_compat.go:59.3,59.26 1 1
github.com/k0sproject/rig/v2/os/linux_compat.go:59.26,62.4 2 1
github.com/k0sproject/rig/v2/os/linux_compat.go:62.9,64.4 1 1
github.com/k0sproject/rig/v2/os/linux_compat.go:65.3,71.23 2 1
github.com/k0sproject/rig/v2/os/linux_compat.go:74.2,78.22 2 1
github.com/k0sproject/rig/v2/os/linux_compat.go:84.46,86.2 1 0
github.com/k0sproject/rig/v2/os/release.go:63.42,64.18 1 1
github.com/k0sproject/rig/v2/os/release.go:64.18,66.3 1 1
github.com/k0sproject/rig/v2/os/release.go:67.2,67.45 1 1
github.com/k0sproject/rig/v2/os/release.go:67.45,69.3 1 1
github.com/k0sproject/rig/v2/os/release.go:70.2,70.62 1 1
github.com/k0sproject/rig/v2/os/release.go:74.35,75.18 1 0
github.com/k0sproject/rig/v2/os/release.go:75.18,77.3 1 0
github.com/k0sproject/rig/v2/os/release.go:78.2,78.31 1 0
github.com/k0sproject/rig/v2/os/service.go:18.50,20.16 2 0
github.com/k0sproject/rig/v2/os/service.go:20.16,22.3 1 0
github.com/k0sproject/rig/v2/os/service.go:23.2,23.16 1 0
github.com/k0sproject/rig/v2/os/service.go:28.83,30.2 1 0
github.com/k0sproject/rig/v2/os/windows.go:17.61,18.23 1 1
github.com/k0sproject/rig/v2/os/windows.go:18.23,20.3 1 0
github.com/k0sproject/rig/v2/os/windows.go:21.2,23.16 3 1
github.com/k0sproject/rig/v2/os/windows.go:23.16,25.3 1 0
github.com/k0sproject/rig/v2/os/windows.go:26.2,27.64 2 1
github.com/k0sproject/rig/v2/os/windows.go:27.64,29.3 1 0
github.com/k0sproject/rig/v2/os/windows.go:30.2,36.85 2 1
github.com/k0sproject/rig/v2/os/windows.go:36.85,38.3 1 1
github.com/k0sproject/rig/v2/os/windows.go:40.2,40.22 1 1
github.com/k0sproject/rig/v2/os/windows.go:44.42,46.2 1 0
github.com/k0sproject/rig/v2/initsystem/defaultprovider.go:54.52,64.3 9 0
github.com/k0sproject/rig/v2/initsystem/defaultprovider.go:80.30,82.2 1 0
github.com/k0sproject/rig/v2/initsystem/launchd.go:19.32,19.52 1 0
github.com/k0sproject/rig/v2/initsystem/launchd.go:26.89,27.82 1 0
github.com/k0sproject/rig/v2/initsystem/launchd.go:27.82,29.3 1 0
github.com/k0sproject/rig/v2/initsystem/launchd.go:30.2,30.12 1 0
github.com/k0sproject/rig/v2/initsystem/launchd.go:34.88,35.77 1 0
github.com/k0sproject/rig/v2/initsystem/launchd.go:35.77,37.3 1 0
github.com/k0sproject/rig/v2/initsystem/launchd.go:38.2,38.12 1 0
github.com/k0sproject/rig/v2/initsystem/launchd.go:42.92,45.2 1 0
github.com/k0sproject/rig/v2/initsystem/launchd.go:48.102,52.2 2 0
github.com/k0sproject/rig/v2/initsystem/launchd.go:55.90,56.79 1 0
github.com/k0sproject/rig/v2/initsystem/launchd.go:56.79,58.3 1 0
github.com/k0sproject/rig/v2/initsystem/launchd.go:59.2,59.12 1 0
github.com/k0sproject/rig/v2/initsystem/launchd.go:63.91,64.80 1 0
github.com/k0sproject/rig/v2/initsystem/launchd.go:64.80,66.3 1 0
github.com/k0sproject/rig/v2/initsystem/launchd.go:67.2,67.12 1 0
github.com/k0sproject/rig/v2/initsystem/launchd.go:71.111,73.16 2 0
github.com/k0sproject/rig/v2/initsystem/launchd.go:73.16,75.3 1 0
github.com/k0sproject/rig/v2/initsystem/launchd.go:76.2,77.23 2 0
github.com/k0sproject/rig/v2/initsystem/launchd.go:77.23,79.3 1 0
github.com/k0sproject/rig/v2/initsystem/launchd.go:80.2,80.18 1 0
github.com/k0sproject/rig/v2/initsystem/launchd.go:84.107,86.2 1 1
github.com/k0sproject/rig/v2/initsystem/launchd.go:89.38,90.65 1 0
github.com/k0sproject/rig/v2/initsystem/launchd.go:90.65,91.20 1 0
github.com/k0sproject/rig/v2/initsystem/launchd.go:91.20,93.4 1 0
github.com/k0sproject/rig/v2/initsystem/launchd.go:94.3,94.121 1 0
github.com/k0sproject/rig/v2/initsystem/launchd.go:94.121,96.4 1 0
github.com/k0sproject/rig/v2/initsystem/launchd.go:98.3,98.25 1 0
github.com/k0sproject/rig/v2/initsystem/openrc.go:19.31,19.50 1 0
github.com/k0sproject/rig/v2/initsystem/openrc.go:26.88,27.78 1 0
github.com/k0sproject/rig/v2/initsystem/openrc.go:27.78,29.3 1 0
github.com/k0sproject/rig/v2/initsystem/openrc.go:30.2,30.12 1 0
github.com/k0sproject/rig/v2/initsystem/openrc.go:34.87,35.77 1 0
github.com/k0sproject/rig/v2/initsystem/openrc.go:35.77,37.3 1 0
github.com/k0sproject/rig/v2/initsystem/openrc.go:38.2,38.12 1 0
github.com/k0sproject/rig/v2/initsystem/openrc.go:42.103,44.16 2 0
github.com/k0sproject/rig/v2/initsystem/openrc.go:44.16,46.3 1 0
github.com/k0sproject/rig/v2/initsystem/openrc.go:47.2,47.36 1 0
github.com/k0sproject/rig/v2/initsystem/openrc.go:51.90,52.80 1 0
github.com/k0sproject/rig/v2/initsystem/openrc.go:52.80,54.3 1 0
github.com/k0sproject/rig/v2/initsystem/openrc.go:55.2,55.12 1 0
github.com/k0sproject/rig/v2/initsystem/openrc.go:59.89,60.78 1 0
github.com/k0sproject/rig/v2/initsystem/openrc.go:60.78,62.3 1 0
github.com/k0sproject/rig/v2/initsystem/openrc.go:63.2,63.12 1 0
github.com/k0sproject/rig/v2/initsystem/openrc.go:67.90,68.78 1 0
github.com/k0sproject/rig/v2/initsystem/openrc.go:68.78,70.3 1 0
github.com/k0sproject/rig/v2/initsystem/openrc.go:71.2,71.12 1 0
github.com/k0sproject/rig/v2/initsystem/openrc.go:75.91,77.2 1 0
github.com/k0sproject/rig/v2/initsystem/openrc.go:80.106,82.2 1 1
github.com/k0sproject/rig/v2/initsystem/openrc.go:85.73,87.21 2 1
github.com/k0sproject/rig/v2/initsystem/openrc.go:87.21,89.3 1 1
github.com/k0sproject/rig/v2/initsystem/openrc.go:90.2,94.25 4 1
github.com/k0sproject/rig/v2/initsystem/openrc.go:94.25,98.3 3 1
github.com/k0sproject/rig/v2/initsystem/openrc.go:99.2,99.19 1 1
github.com/k0sproject/rig/v2/initsystem/openrc.go:103.37,104.65 1 0
github.com/k0sproject/rig/v2/initsystem/openrc.go:104.65,105.20 1 0
github.com/k0sproject/rig/v2/initsystem/openrc.go:105.20,107.4 1 0
github.com/k0sproject/rig/v2/initsystem/openrc.go:108.3,108.184 1 0
github.com/k0sproject/rig/v2/initsystem/openrc.go:108.184,110.4 1 0
github.com/k0sproject/rig/v2/initsystem/openrc.go:111.3,111.25 1 0
github.com/k0sproject/rig/v2/initsystem/runit.go:20.30,20.48 1 0
github.com/k0sproject/rig/v2/initsystem/runit.go:27.87,28.71 1 0
github.com/k0sproject/rig/v2/initsystem/runit.go:28.71,30.3 1 0
github.com/k0sproject/rig/v2/initsystem/runit.go:31.2,31.12 1 0
github.com/k0sproject/rig/v2/initsystem/runit.go:35.86,36.70 1 0
github.com/k0sproject/rig/v2/initsystem/runit.go:36.70,38.3 1 0
github.com/k0sproject/rig/v2/initsystem/runit.go:39.2,39.12 1 0
github.com/k0sproject/rig/v2/initsystem/runit.go:43.89,44.73 1 0
github.com/k0sproject/rig/v2/initsystem/runit.go:44.73,46.3 1 0
github.com/k0sproject/rig/v2/initsystem/runit.go:47.2,47.12 1 0
github.com/k0sproject/rig/v2/initsystem/runit.go:51.90,53.2 1 0
github.com/k0sproject/rig/v2/initsystem/runit.go:56.100,58.2 1 0
github.com/k0sproject/rig/v2/initsystem/runit.go:61.88,65.95 4 0
github.com/k0sproject/rig/v2/initsystem/runit.go:65.95,67.3 1 0
github.com/k0sproject/rig/v2/initsystem/runit.go:68.2,68.12 1 0
github.com/k0sproject/rig/v2/initsystem/runit.go:72.89,74.80 2 0
github.com/k0sproject/rig/v2/initsystem/runit.go:74.80,76.3 1 0
github.com/k0sproject/rig/v2/initsystem/runit.go:77.2,77.12 1 0
github.com/k0sproject/rig/v2/initsystem/runit.go:82.109,84.16 2 0
github.com/k0sproject/rig/v2/initsystem/runit.go:84.16,86.3 1 0
github.com/k0sproject/rig/v2/initsystem/runit.go:87.2,87.38 1 0
github.com/k0sproject/rig/v2/initsystem/runit.go:92.105,94.2 1 1
github.com/k0sproject/rig/v2/initsystem/runit.go:97.36,98.65 1 0
github.com/k0sproject/rig/v2/initsystem/runit.go:98.65,99.20 1 0
github.com/k0sproject/rig/v2/initsystem/runit.go:99.20,101.4 1 0
github.com/k0sproject/rig/v2/initsystem/runit.go:103.3,103.86 1 0
github.com/k0sproject/rig/v2/initsystem/runit.go:103.86,105.4 1 0
github.com/k0sproject/rig/v2/initsystem/runit.go:107.3,107.83 1 0
github.com/k0sproject/rig/v2/initsystem/runit.go:107.83,109.4 1 0
github.com/k0sproject/rig/v2/initsystem/runit.go:110.3,110.23 1 0
github.com/k0sproject/rig/v2/initsystem/service.go:21.61,23.16 2 0
github.com/k0sproject/rig/v2/initsystem/service.go:23.16,25.3 1 0
github.com/k0sproject/rig/v2/initsystem/service.go:26.2,26.16 1 0
github.com/k0sproject/rig/v2/initsystem/service.go:31.92,33.2 1 0
github.com/k0sproject/rig/v2/initsystem/service.go:41.61,42.22 1 0
github.com/k0sproject/rig/v2/initsystem/service.go:42.22,44.3 1 0
github.com/k0sproject/rig/v2/initsystem/service.go:45.2,45.14 1 0
github.com/k0sproject/rig/v2/initsystem/service.go:49.101,51.2 1 0
github.com/k0sproject/rig/v2/initsystem/service.go:54.100,56.2 1 0
github.com/k0sproject/rig/v2/initsystem/service.go:59.116,61.2 1 0
github.com/k0sproject/rig/v2/initsystem/service.go:64.102,66.2 1 0
github.com/k0sproject/rig/v2/initsystem/service.go:69.103,71.2 1 0
github.com/k0sproject/rig/v2/initsystem/service.go:74.102,76.2 1 0
github.com/k0sproject/rig/v2/initsystem/stream.go:13.101,15.36 2 1
github.com/k0sproject/rig/v2/initsystem/stream.go:15.36,17.3 1 1
github.com/k0sproject/rig/v2/initsystem/stream.go:18.2,18.16 1 1
github.com/k0sproject/rig/v2/initsystem/stream.go:18.16,20.3 1 1
github.com/k0sproject/rig/v2/initsystem/stream.go:21.2,21.12 1 1
github.com/k0sproject/rig/v2/initsystem/systemd.go:20.32,20.52 1 0
github.com/k0sproject/rig/v2/initsystem/systemd.go:27.89,28.78 1 0
github.com/k0sproject/rig/v2/initsystem/systemd.go:28.78,30.3 1 0
github.com/k0sproject/rig/v2/initsystem/systemd.go:31.2,31.12 1 0
github.com/k0sproject/rig/v2/initsystem/systemd.go:35.90,36.79 1 0
github.com/k0sproject/rig/v2/initsystem/systemd.go:36.79,38.3 1 0
github.com/k0sproject/rig/v2/initsystem/systemd.go:39.2,39.12 1 0
github.com/k0sproject/rig/v2/initsystem/systemd.go:43.91,44.80 1 0
github.com/k0sproject/rig/v2/initsystem/systemd.go:44.80,46.3 1 0
github.com/k0sproject/rig/v2/initsystem/systemd.go:47.2,47.12 1 0
github.com/k0sproject/rig/v2/initsystem/systemd.go:51.88,52.77 1 0
github.com/k0sproject/rig/v2/initsystem/systemd.go:52.77,54.3 1 0
github.com/k0sproject/rig/v2/initsystem/systemd.go:55.2,55.12 1 0
github.com/k0sproject/rig/v2/initsystem/systemd.go:59.91,60.80 1 0
github.com/k0sproject/rig/v2/initsystem/systemd.go:60.80,62.3 1 0
github.com/k0sproject/rig/v2/initsystem/systemd.go:63.2,63.12 1 0
github.com/k0sproject/rig/v2/initsystem/systemd.go:67.79,68.83 1 0
github.com/k0sproject/rig/v2/initsystem/systemd.go:68.83,70.3 1 0
github.com/k0sproject/rig/v2/initsystem/systemd.go:71.2,71.12 1 0
github.com/k0sproject/rig/v2/initsystem/systemd.go:75.92,77.2 1 0
github.com/k0sproject/rig/v2/initsystem/systemd.go:80.104,82.16 2 0
github.com/k0sproject/rig/v2/initsystem/systemd.go:82.16,84.3 1 0
github.com/k0sproject/rig/v2/initsystem/systemd.go:85.2,85.36 1 0
github.com/k0sproject/rig/v2/initsystem/systemd.go:91.107,93.2 1 1
github.com/k0sproject/rig/v2/initsystem/systemd.go:96.74,98.21 2 1
github.com/k0sproject/rig/v2/initsystem/systemd.go:98.21,100.3 1 1
github.com/k0sproject/rig/v2/initsystem/systemd.go:101.2,106.25 5 1
github.com/k0sproject/rig/v2/initsystem/systemd.go:106.25,110.3 3 1
github.com/k0sproject/rig/v2/initsystem/systemd.go:111.2,111.19 1 1
github.com/k0sproject/rig/v2/initsystem/systemd.go:115.111,117.16 2 0
github.com/k0sproject/rig/v2/initsystem/systemd.go:117.16,119.3 1 0
github.com/k0sproject/rig/v2/initsystem/systemd.go:121.2,121.38 1 0
github.com/k0sproject/rig/v2/initsystem/systemd.go:125.107,127.2 1 1
github.com/k0sproject/rig/v2/initsystem/systemd.go:130.38,131.65 1 0
github.com/k0sproject/rig/v2/initsystem/systemd.go:131.65,132.20 1 0
github.com/k0sproject/rig/v2/initsystem/systemd.go:132.20,134.4 1 0
github.com/k0sproject/rig/v2/initsystem/systemd.go:135.3,135.77 1 0
github.com/k0sproject/rig/v2/initsystem/systemd.go:135.77,137.4 1 0
github.com/k0sproject/rig/v2/initsystem/systemd.go:139.3,139.25 1 0
github.com/k0sproject/rig/v2/initsystem/sysvinit.go:17.33,17.54 1 0
github.com/k0sproject/rig/v2/initsystem/sysvinit.go:20.90,21.73 1 0
github.com/k0sproject/rig/v2/initsystem/sysvinit.go:21.73,23.3 1 0
github.com/k0sproject/rig/v2/initsystem/sysvinit.go:24.2,24.12 1 0
github.com/k0sproject/rig/v2/initsystem/sysvinit.go:28.89,29.72 1 0
github.com/k0sproject/rig/v2/initsystem/sysvinit.go:29.72,31.3 1 0
github.com/k0sproject/rig/v2/initsystem/sysvinit.go:32.2,32.12 1 0
github.com/k0sproject/rig/v2/initsystem/sysvinit.go:36.92,37.75 1 0
github.com/k0sproject/rig/v2/initsystem/sysvinit.go:37.75,39.3 1 0
github.com/k0sproject/rig/v2/initsystem/sysvinit.go:40.2,40.12 1 0
github.com/k0sproject/rig/v2/initsystem/sysvinit.go:44.93,46.2 1 0
github.com/k0sproject/rig/v2/initsystem/sysvinit.go:49.103,51.2 1 0
github.com/k0sproject/rig/v2/initsystem/sysvinit.go:54.97,55.55 1 0
github.com/k0sproject/rig/v2/initsystem/sysvinit.go:55.55,56.87 1 0
github.com/k0sproject/rig/v2/initsystem/sysvinit.go:56.87,58.4 1 0
github.com/k0sproject/rig/v2/initsystem/sysvinit.go:59.3,59.13 1 0
github.com/k0sproject/rig/v2/initsystem/sysvinit.go:61.2,61.47 1 0
github.com/k0sproject/rig/v2/initsystem/sysvinit.go:61.47,64.93 3 0
github.com/k0sproject/rig/v2/initsystem/sysvinit.go:64.93,66.4 1 0
github.com/k0sproject/rig/v2/initsystem/sysvinit.go:68.2,68.12 1 0
github.com/k0sproject/rig/v2/initsystem/sysvinit.go:72.92,73.55 1 0
github.com/k0sproject/rig/v2/initsystem/sysvinit.go:73.55,74.81 1 0
github.com/k0sproject/rig/v2/initsystem/sysvinit.go:74.81,76.4 1 0
github.com/k0sproject/rig/v2/initsystem/sysvinit.go:77.3,77.13 1 0
github.com/k0sproject/rig/v2/initsystem/sysvinit.go:79.2,79.47 1 0
github.com/k0sproject/rig/v2/initsystem/sysvinit.go:79.47,81.81 2 0
github.com/k0sproject/rig/v2/initsystem/sysvinit.go:81.81,83.4 1 0
github.com/k0sproject/rig/v2/initsystem/sysvinit.go:85.2,85.12 1 0
github.com/k0sproject/rig/v2/initsystem/sysvinit.go:89.39,90.65 1 0
github.com/k0sproject/rig/v2/initsystem/sysvinit.go:90.65,91.20 1 0
github.com/k0sproject/rig/v2/initsystem/sysvinit.go:91.20,93.4 1 0
github.com/k0sproject/rig/v2/initsystem/sysvinit.go:94.3,94.72 1 0
github.com/k0sproject/rig/v2/initsystem/sysvinit.go:94.72,96.4 1 0
github.com/k0sproject/rig/v2/initsystem/sysvinit.go:98.3,98.26 1 0
github.com/k0sproject/rig/v2/initsystem/upstart.go:18.32,18.52 1 0
github.com/k0sproject/rig/v2/initsystem/upstart.go:25.89,26.76 1 0
github.com/k0sproject/rig/v2/initsystem/upstart.go:26.76,28.3 1 0
github.com/k0sproject/rig/v2/initsystem/upstart.go:29.2,29.12 1 0
github.com/k0sproject/rig/v2/initsystem/upstart.go:33.88,34.75 1 0
github.com/k0sproject/rig/v2/initsystem/upstart.go:34.75,36.3 1 0
github.com/k0sproject/rig/v2/initsystem/upstart.go:37.2,37.12 1 0
github.com/k0sproject/rig/v2/initsystem/upstart.go:41.91,42.78 1 0
github.com/k0sproject/rig/v2/initsystem/upstart.go:42.78,44.3 1 0
github.com/k0sproject/rig/v2/initsystem/upstart.go:45.2,45.12 1 0
github.com/k0sproject/rig/v2/initsystem/upstart.go:49.92,51.2 1 0
github.com/k0sproject/rig/v2/initsystem/upstart.go:54.102,56.2 1 0
github.com/k0sproject/rig/v2/initsystem/upstart.go:59.90,61.81 2 0
github.com/k0sproject/rig/v2/initsystem/upstart.go:61.81,63.3 1 0
github.com/k0sproject/rig/v2/initsystem/upstart.go:64.2,64.12 1 0
github.com/k0sproject/rig/v2/initsystem/upstart.go:68.91,70.123 2 0
github.com/k0sproject/rig/v2/initsystem/upstart.go:70.123,72.3 1 0
github.com/k0sproject/rig/v2/initsystem/upstart.go:73.2,73.12 1 0
github.com/k0sproject/rig/v2/initsystem/upstart.go:78.111,80.16 2 0
github.com/k0sproject/rig/v2/initsystem/upstart.go:80.16,82.3 1 0
github.com/k0sproject/rig/v2/initsystem/upstart.go:83.2,83.38 1 0
github.com/k0sproject/rig/v2/initsystem/upstart.go:88.107,90.2 1 1
github.com/k0sproject/rig/v2/initsystem/upstart.go:93.38,94.65 1 0
github.com/k0sproject/rig/v2/initsystem/upstart.go:94.65,95.20 1 0
github.com/k0sproject/rig/v2/initsystem/upstart.go:95.20,97.4 1 0
github.com/k0sproject/rig/v2/initsystem/upstart.go:98.3,98.88 1 0
github.com/k0sproject/rig/v2/initsystem/upstart.go:98.88,100.4 1 0
github.com/k0sproject/rig/v2/initsystem/upstart.go:102.3,102.25 1 0
github.com/k0sproject/rig/v2/initsystem/winscm.go:19.31,19.50 1 0
github.com/k0sproject/rig/v2/initsystem/winscm.go:22.88,23.141 1 1
github.com/k0sproject/rig/v2/initsystem/winscm.go:23.141,25.3 1 1
github.com/k0sproject/rig/v2/initsystem/winscm.go:26.2,26.12 1 1
github.com/k0sproject/rig/v2/initsystem/winscm.go:30.87,31.140 1 1
github.com/k0sproject/rig/v2/initsystem/winscm.go:31.140,33.3 1 1
github.com/k0sproject/rig/v2/initsystem/winscm.go:34.2,34.12 1 1
github.com/k0sproject/rig/v2/initsystem/winscm.go:38.101,40.2 1 0
github.com/k0sproject/rig/v2/initsystem/winscm.go:43.90,44.143 1 1
github.com/k0sproject/rig/v2/initsystem/winscm.go:44.143,46.3 1 1
github.com/k0sproject/rig/v2/initsystem/winscm.go:47.2,47.12 1 1
github.com/k0sproject/rig/v2/initsystem/winscm.go:51.89,52.181 1 1
github.com/k0sproject/rig/v2/initsystem/winscm.go:52.181,54.3 1 1
github.com/k0sproject/rig/v2/initsystem/winscm.go:56.2,56.12 1 1
github.com/k0sproject/rig/v2/initsystem/winscm.go:62.110,65.16 3 0
github.com/k0sproject/rig/v2/initsystem/winscm.go:65.16,67.3 1 0
github.com/k0sproject/rig/v2/initsystem/winscm.go:68.2,68.38 1 0
github.com/k0sproject/rig/v2/initsystem/winscm.go:72.90,73.180 1 1
github.com/k0sproject/rig/v2/initsystem/winscm.go:73.180,75.3 1 1
github.com/k0sproject/rig/v2/initsystem/winscm.go:76.2,76.12 1 1
github.com/k0sproject/rig/v2/initsystem/winscm.go:80.91,82.2 1 1
github.com/k0sproject/rig/v2/initsystem/winscm.go:85.37,86.65 1 0
github.com/k0sproject/rig/v2/initsystem/winscm.go:86.65,87.21 1 0
github.com/k0sproject/rig/v2/initsystem/winscm.go:87.21,89.4 1 0
github.com/k0sproject/rig/v2/initsystem/winscm.go:90.3,90.25 1 0
github.com/k0sproject/rig/v2/iostream/bytecounter.go:10.53,13.2 2 0
github.com/k0sproject/rig/v2/iostream/bytecounter.go:16.38,18.2 1 0
github.com/k0sproject/rig/v2/iostream/scanwriter.go:35.50,41.2 5 1
github.com/k0sproject/rig/v2/iostream/scanwriter.go:43.37,44.19 1 1
github.com/k0sproject/rig/v2/iostream/scanwriter.go:44.19,45.13 1 1
github.com/k0sproject/rig/v2/iostream/scanwriter.go:45.13,46.25 1 1
github.com/k0sproject/rig/v2/iostream/scanwriter.go:46.25,48.5 1 1
github.com/k0sproject/rig/v2/iostream/scanwriter.go:49.4,49.20 1 1
github.com/k0sproject/rig/v2/iostream/scanwriter.go:55.51,56.14 1 1
github.com/k0sproject/rig/v2/iostream/scanwriter.go:56.14,58.3 1 0
github.com/k0sproject/rig/v2/iostream/scanwriter.go:59.2,60.25 2 1
github.com/k0sproject/rig/v2/iostream/scanwriter.go:64.36,66.2 1 1
github.com/k0sproject/rig/v2/iostream/scanwriter.go:69.57,70.14 1 1
github.com/k0sproject/rig/v2/iostream/scanwriter.go:70.14,72.3 1 0
github.com/k0sproject/rig/v2/iostream/scanwriter.go:73.2,75.55 2 1
github.com/k0sproject/rig/v2/iostream/scanwriter.go:75.55,77.3 1 0
github.com/k0sproject/rig/v2/iostream/scanwriter.go:82.2,86.24 3 1
github.com/k0sproject/rig/v2/iostream/scanwriter.go:90.34,92.2 1 0
github.com/k0sproject/rig/v2/iostream/scanwriter.go:95.51,97.2 1 0
github.com/k0sproject/rig/v2/iostream/scanwriter.go:100.36,102.2 1 0
github.com/k0sproject/rig/v2/powershell/powershell.go:27.18,31.3 3 1
github.com/k0sproject/rig/v2/powershell/powershell.go:39.18,39.47 1 1
github.com/k0sproject/rig/v2/powershell/powershell.go:44.41,46.50 2 1
github.com/k0sproject/rig/v2/powershell/powershell.go:46.50,48.39 2 1
github.com/k0sproject/rig/v2/powershell/powershell.go:48.39,49.12 1 1
github.com/k0sproject/rig/v2/powershell/powershell.go:51.3,51.34 1 1
github.com/k0sproject/rig/v2/powershell/powershell.go:53.2,55.9 3 1
github.com/k0sproject/rig/v2/powershell/powershell.go:55.9,59.3 3 0
github.com/k0sproject/rig/v2/powershell/powershell.go:60.2,65.33 6 1
github.com/k0sproject/rig/v2/powershell/powershell.go:65.33,69.3 3 1
github.com/k0sproject/rig/v2/powershell/powershell.go:70.2,81.23 2 1
github.com/k0sproject/rig/v2/powershell/powershell.go:88.50,90.77 2 1
github.com/k0sproject/rig/v2/powershell/powershell.go:90.77,92.3 1 1
github.com/k0sproject/rig/v2/powershell/powershell.go:93.2,93.59 1 1
github.com/k0sproject/rig/v2/powershell/powershell.go:98.37,102.26 4 1
github.com/k0sproject/rig/v2/powershell/powershell.go:102.26,105.3 2 1
github.com/k0sproject/rig/v2/powershell/powershell.go:106.2,106.47 1 1
github.com/k0sproject/rig/v2/powershell/powershell.go:114.31,115.49 1 1
github.com/k0sproject/rig/v2/powershell/powershell.go:115.49,117.3 1 1
github.com/k0sproject/rig/v2/powershell/powershell.go:118.2,118.127 1 1
github.com/k0sproject/rig/v2/powershell/powershell.go:123.37,125.9 2 1
github.com/k0sproject/rig/v2/powershell/powershell.go:125.9,127.3 1 0
github.com/k0sproject/rig/v2/powershell/powershell.go:128.2,128.15 1 1
github.com/k0sproject/rig/v2/powershell/powershell.go:128.15,129.26 1 1
github.com/k0sproject/rig/v2/powershell/powershell.go:129.26,132.4 2 1
github.com/k0sproject/rig/v2/powershell/powershell.go:134.2,136.27 3 1
github.com/k0sproject/rig/v2/powershell/powershell.go:136.27,137.15 1 1
github.com/k0sproject/rig/v2/powershell/powershell.go:138.68,140.23 2 1
github.com/k0sproject/rig/v2/powershell/powershell.go:141.11,142.23 1 1
github.com/k0sproject/rig/v2/powershell/powershell.go:145.2,146.21 2 1
github.com/k0sproject/rig/v2/powershell/powershell.go:150.37,151.61 1 1
github.com/k0sproject/rig/v2/powershell/powershell.go:151.61,154.3 1 1
github.com/k0sproject/rig/v2/powershell/powershell.go:156.2,157.9 2 1
github.com/k0sproject/rig/v2/powershell/powershell.go:157.9,159.3 1 0
github.com/k0sproject/rig/v2/powershell/powershell.go:160.2,160.15 1 1
github.com/k0sproject/rig/v2/powershell/powershell.go:160.15,161.26 1 1
github.com/k0sproject/rig/v2/powershell/powershell.go:161.26,164.4 2 1
github.com/k0sproject/rig/v2/powershell/powershell.go:166.2,168.27 3 1
github.com/k0sproject/rig/v2/powershell/powershell.go:168.27,169.15 1 1
github.com/k0sproject/rig/v2/powershell/powershell.go:170.12,171.26 1 1
github.com/k0sproject/rig/v2/powershell/powershell.go:172.11,173.23 1 1
github.com/k0sproject/rig/v2/powershell/powershell.go:176.2,177.21 2 1
github.com/k0sproject/rig/v2/powershell/powershell.go:182.39,184.2 1 0
github.com/k0sproject/rig/v2/powershell/powershell.go:190.39,192.2 1 0
github.com/k0sproject/rig/v2/powershell/powershell.go:195.37,197.2 1 0
github.com/k0sproject/rig/v2/log/discardhandler.go:13.66,13.82 1 0
github.com/k0sproject/rig/v2/log/discardhandler.go:14.66,14.80 1 0
github.com/k0sproject/rig/v2/log/discardhandler.go:15.66,15.78 1 0
github.com/k0sproject/rig/v2/log/discardhandler.go:16.66,16.78 1 0
github.com/k0sproject/rig/v2/log/logger.go:15.44,17.3 1 0
github.com/k0sproject/rig/v2/log/logger.go:57.36,58.44 1 0
github.com/k0sproject/rig/v2/log/logger.go:58.44,58.56 1 0
github.com/k0sproject/rig/v2/log/logger.go:62.35,64.2 1 0
github.com/k0sproject/rig/v2/log/logger.go:72.44,74.2 1 0
github.com/k0sproject/rig/v2/log/logger.go:77.37,78.16 1 0
github.com/k0sproject/rig/v2/log/logger.go:78.16,80.3 1 0
github.com/k0sproject/rig/v2/log/logger.go:81.2,81.71 1 0
github.com/k0sproject/rig/v2/log/logger.go:85.38,87.2 1 0
github.com/k0sproject/rig/v2/log/logger.go:91.67,93.2 1 0
github.com/k0sproject/rig/v2/log/logger.go:110.40,112.2 1 0
github.com/k0sproject/rig/v2/log/logger.go:114.61,116.2 1 0
github.com/k0sproject/rig/v2/log/logger.go:118.60,120.2 1 0
github.com/k0sproject/rig/v2/log/logger.go:122.60,124.2 1 0
github.com/k0sproject/rig/v2/log/logger.go:126.61,128.2 1 0
github.com/k0sproject/rig/v2/log/logger.go:131.52,134.2 1 0
github.com/k0sproject/rig/v2/log/logger.go:154.52,155.35 1 0
github.com/k0sproject/rig/v2/log/logger.go:155.35,156.21 1 0
github.com/k0sproject/rig/v2/log/logger.go:156.21,158.4 1 0
github.com/k0sproject/rig/v2/log/logger.go:158.9,160.4 1 0
github.com/k0sproject/rig/v2/log/logger.go:161.8,163.3 1 0
github.com/k0sproject/rig/v2/log/logger.go:167.30,168.28 1 0
github.com/k0sproject/rig/v2/log/logger.go:168.28,170.3 1 0
github.com/k0sproject/rig/v2/log/logger.go:171.2,171.14 1 0
github.com/k0sproject/rig/v2/log/logger.go:175.32,176.28 1 0
github.com/k0sproject/rig/v2/log/logger.go:176.28,178.3 1 0
github.com/k0sproject/rig/v2/log/logger.go:179.2,179.13 1 0
github.com/k0sproject/rig/v2/log/logger.go:183.67,184.20 1 0
github.com/k0sproject/rig/v2/log/logger.go:184.20,186.3 1 0
github.com/k0sproject/rig/v2/log/logger.go:190.54,192.2 1 0
github.com/k0sproject/rig/v2/log/logger.go:195.46,197.2 1 0
github.com/k0sproject/rig/v2/log/logger.go:200.42,201.22 1 0
github.com/k0sproject/rig/v2/log/logger.go:201.22,203.3 1 0
github.com/k0sproject/rig/v2/log/logger.go:204.2,204.18 1 0
github.com/k0sproject/rig/v2/log/logger.go:208.63,210.2 1 0
github.com/k0sproject/rig/v2/protocol/ssh/agent/agent.go:19.39,21.24 2 0
github.com/k0sproject/rig/v2/protocol/ssh/agent/agent.go:21.24,23.3 1 0
github.com/k0sproject/rig/v2/protocol/ssh/agent/agent.go:24.2,25.16 2 0
github.com/k0sproject/rig/v2/protocol/ssh/agent/agent.go:25.16,27.3 1 0
github.com/k0sproject/rig/v2/protocol/ssh/agent/agent.go:28.2,28.39 1 0
github.com/k0sproject/rig/v2/protocol/openssh/config.go:25.60,27.2 1 0
github.com/k0sproject/rig/v2/protocol/openssh/config.go:30.34,31.19 1 0
github.com/k0sproject/rig/v2/protocol/openssh/config.go:31.19,33.3 1 0
github.com/k0sproject/rig/v2/protocol/openssh/config.go:34.2,34.85 1 0
github.com/k0sproject/rig/v2/protocol/openssh/config.go:38.32,39.22 1 0
github.com/k0sproject/rig/v2/protocol/openssh/config.go:39.22,40.58 1 0
github.com/k0sproject/rig/v2/protocol/openssh/config.go:40.58,42.4 1 0
github.com/k0sproject/rig/v2/protocol/openssh/config.go:44.2,44.25 1 0
github.com/k0sproject/rig/v2/protocol/openssh/config.go:44.25,45.61 1 0
github.com/k0sproject/rig/v2/protocol/openssh/config.go:45.61,47.4 1 0
github.com/k0sproject/rig/v2/protocol/openssh/config.go:52.35,53.21 1 0
github.com/k0sproject/rig/v2/protocol/openssh/config.go:53.21,55.3 1 0
github.com/k0sproject/rig/v2/protocol/openssh/config.go:57.2,57.56 1 0
github.com/k0sproject/rig/v2/protocol/openssh/config.go:57.56,59.3 1 0
github.com/k0sproject/rig/v2/protocol/openssh/config.go:61.2,61.12 1 0
github.com/k0sproject/rig/v2/protocol/openssh/config.go:68.49,72.2 3 0
github.com/k0sproject/rig/v2/protocol/openssh/config.go:75.53,77.2 1 0
github.com/k0sproject/rig/v2/protocol/openssh/config.go:80.60,81.18 1 0
github.com/k0sproject/rig/v2/protocol/openssh/config.go:81.18,83.3 1 0
github.com/k0sproject/rig/v2/protocol/openssh/config.go:84.2,84.19 1 0
github.com/k0sproject/rig/v2/protocol/openssh/config.go:88.49,91.2 2 0
github.com/k0sproject/rig/v2/protocol/openssh/config.go:94.44,96.22 2 0
github.com/k0sproject/rig/v2/protocol/openssh/config.go:96.22,97.28 1 0
github.com/k0sproject/rig/v2/protocol/openssh/config.go:97.28,98.9 1 0
github.com/k0sproject/rig/v2/protocol/openssh/config.go:98.9,100.5 1 0
github.com/k0sproject/rig/v2/protocol/openssh/config.go:100.10,102.5 1 0
github.com/k0sproject/rig/v2/protocol/openssh/config.go:103.4,103.12 1 0
github.com/k0sproject/rig/v2/protocol/openssh/config.go:105.3,105.56 1 0
github.com/k0sproject/rig/v2/protocol/openssh/config.go:107.2,107.13 1 0
github.com/k0sproject/rig/v2/protocol/openssh/connection.go:29.41,32.2 1 0
github.com/k0sproject/rig/v2/protocol/openssh/connection.go:50.53,53.2 2 0
github.com/k0sproject/rig/v2/protocol/openssh/connection.go:56.40,58.2 1 0
github.com/k0sproject/rig/v2/protocol/openssh/connection.go:61.44,63.2 1 0
github.com/k0sproject/rig/v2/protocol/openssh/connection.go:66.41,68.2 1 0
github.com/k0sproject/rig/v2/protocol/openssh/connection.go:73.62,75.16 2 0
github.com/k0sproject/rig/v2/protocol/openssh/connection.go:75.16,79.3 1 0
github.com/k0sproject/rig/v2/protocol/openssh/connection.go:80.2,83.22 2 0
github.com/k0sproject/rig/v2/protocol/openssh/connection.go:83.22,85.3 1 0
github.com/k0sproject/rig/v2/protocol/openssh/connection.go:86.2,90.14 5 0
github.com/k0sproject/rig/v2/protocol/openssh/connection.go:97.39,99.24 2 0
github.com/k0sproject/rig/v2/protocol/openssh/connection.go:99.24,103.3 3 0
github.com/k0sproject/rig/v2/protocol/openssh/connection.go:104.2,109.29 4 0
github.com/k0sproject/rig/v2/protocol/openssh/connection.go:131.36,132.22 1 0
github.com/k0sproject/rig/v2/protocol/openssh/connection.go:132.22,134.3 1 0
github.com/k0sproject/rig/v2/protocol/openssh/connection.go:135.2,135.43 1 0
github.com/k0sproject/rig/v2/protocol/openssh/connection.go:135.43,136.15 1 0
github.com/k0sproject/rig/v2/protocol/openssh/connection.go:136.15,138.12 2 0
github.com/k0sproject/rig/v2/protocol/openssh/connection.go:140.3,140.29 1 0
github.com/k0sproject/rig/v2/protocol/openssh/connection.go:142.2,142.27 1 0
github.com/k0sproject/rig/v2/protocol/openssh/connection.go:142.27,145.3 2 0
github.com/k0sproject/rig/v2/protocol/openssh/connection.go:148.40,149.19 1 0
github.com/k0sproject/rig/v2/protocol/openssh/connection.go:149.19,151.3 1 0
github.com/k0sproject/rig/v2/protocol/openssh/connection.go:152.2,152.18 1 0
github.com/k0sproject/rig/v2/protocol/openssh/connection.go:155.38,157.42 2 0
github.com/k0sproject/rig/v2/protocol/openssh/connection.go:157.42,159.3 1 0
github.com/k0sproject/rig/v2/protocol/openssh/connection.go:160.2,160.19 1 0
github.com/k0sproject/rig/v2/protocol/openssh/connection.go:160.19,162.3 1 0
github.com/k0sproject/rig/v2/protocol/openssh/connection.go:163.2,163.48 1 0
github.com/k0sproject/rig/v2/protocol/openssh/connection.go:163.48,165.3 1 0
github.com/k0sproject/rig/v2/protocol/openssh/connection.go:166.2,167.13 2 0
github.com/k0sproject/rig/v2/protocol/openssh/connection.go:171.57,173.19 2 0
github.com/k0sproject/rig/v2/protocol/openssh/connection.go:173.19,176.3 2 0
github.com/k0sproject/rig/v2/protocol/openssh/connection.go:178.2,178.27 1 0
github.com/k0sproject/rig/v2/protocol/openssh/connection.go:178.27,183.17 4 0
github.com/k0sproject/rig/v2/protocol/openssh/connection.go:183.17,185.4 1 0
github.com/k0sproject/rig/v2/protocol/openssh/connection.go:186.3,186.17 1 0
github.com/k0sproject/rig/v2/protocol/openssh/connection.go:186.17,188.30 2 0
github.com/k0sproject/rig/v2/protocol/openssh/connection.go:188.30,190.5 1 0
github.com/k0sproject/rig/v2/protocol/openssh/connection.go:191.4,191.51 1 0
github.com/k0sproject/rig/v2/protocol/openssh/connection.go:193.3,197.13 5 0
github.com/k0sproject/rig/v2/protocol/openssh/connection.go:202.2,217.34 13 0
github.com/k0sproject/rig/v2/protocol/openssh/connection.go:217.34,221.29 4 0
github.com/k0sproject/rig/v2/protocol/openssh/connection.go:221.29,223.4 1 0
github.com/k0sproject/rig/v2/protocol/openssh/connection.go:224.3,224.93 1 0
github.com/k0sproject/rig/v2/protocol/openssh/connection.go:227.2,228.53 2 0
github.com/k0sproject/rig/v2/protocol/openssh/connection.go:228.53,230.3 1 0
github.com/k0sproject/rig/v2/protocol/openssh/connection.go:231.2,236.12 4 0
github.com/k0sproject/rig/v2/protocol/openssh/connection.go:243.58,244.22 1 0
github.com/k0sproject/rig/v2/protocol/openssh/connection.go:244.22,246.3 1 0
github.com/k0sproject/rig/v2/protocol/openssh/connection.go:247.2,249.27 3 0
github.com/k0sproject/rig/v2/protocol/openssh/connection.go:252.43,256.20 3 0
github.com/k0sproject/rig/v2/protocol/openssh/connection.go:256.20,258.3 1 0
github.com/k0sproject/rig/v2/protocol/openssh/connection.go:260.2,260.25 1 0
github.com/k0sproject/rig/v2/protocol/openssh/connection.go:260.25,262.3 1 0
github.com/k0sproject/rig/v2/protocol/openssh/connection.go:264.2,271.16 7 0
github.com/k0sproject/rig/v2/protocol/openssh/connection.go:271.16,273.3 1 0
github.com/k0sproject/rig/v2/protocol/openssh/connection.go:274.2,275.12 2 0
github.com/k0sproject/rig/v2/protocol/openssh/connection.go:279.139,283.42 4 0
github.com/k0sproject/rig/v2/protocol/openssh/connection.go:283.42,285.3 1 0
github.com/k0sproject/rig/v2/protocol/openssh/connection.go:287.2,297.36 9 0
github.com/k0sproject/rig/v2/protocol/openssh/connection.go:297.36,299.3 1 0
github.com/k0sproject/rig/v2/protocol/openssh/connection.go:301.2,301.17 1 0
github.com/k0sproject/rig/v2/protocol/openssh/connection.go:306.123,308.16 2 0
github.com/k0sproject/rig/v2/protocol/openssh/connection.go:308.16,310.3 1 0
github.com/k0sproject/rig/v2/protocol/openssh/connection.go:311.2,311.35 1 0
github.com/k0sproject/rig/v2/protocol/openssh/connection.go:311.35,312.23 1 0
github.com/k0sproject/rig/v2/protocol/openssh/connection.go:312.23,314.4 1 0
github.com/k0sproject/rig/v2/protocol/openssh/connection.go:315.3,315.45 1 0
github.com/k0sproject/rig/v2/protocol/openssh/connection.go:317.2,317.12 1 0
github.com/k0sproject/rig/v2/protocol/openssh/connection.go:320.38,321.18 1 0
github.com/k0sproject/rig/v2/protocol/openssh/connection.go:321.18,323.3 1 0
github.com/k0sproject/rig/v2/protocol/openssh/connection.go:325.2,325.19 1 0
github.com/k0sproject/rig/v2/protocol/openssh/connection.go:325.19,327.3 1 0
github.com/k0sproject/rig/v2/protocol/openssh/connection.go:327.8,329.3 1 0
github.com/k0sproject/rig/v2/protocol/openssh/connection.go:331.2,331.15 1 0
github.com/k0sproject/rig/v2/protocol/openssh/connection.go:337.41,343.16 5 0
github.com/k0sproject/rig/v2/protocol/openssh/connection.go:343.16,345.3 1 0
github.com/k0sproject/rig/v2/protocol/openssh/connection.go:346.2,348.28 3 0
github.com/k0sproject/rig/v2/protocol/openssh/connection.go:348.28,350.24 2 0
github.com/k0sproject/rig/v2/protocol/openssh/connection.go:350.24,353.4 2 0
github.com/k0sproject/rig/v2/protocol/openssh/connection.go:353.9,358.4 3 0
github.com/k0sproject/rig/v2/protocol/openssh/connection.go:359.3,360.60 2 0
github.com/k0sproject/rig/v2/protocol/openssh/connection.go:360.60,365.4 4 0
github.com/k0sproject/rig/v2/protocol/openssh/connection.go:366.3,366.14 1 0
github.com/k0sproject/rig/v2/protocol/openssh/connection.go:368.2,369.38 2 0
github.com/k0sproject/rig/v2/protocol/openssh/connection.go:369.38,374.3 4 0
github.com/k0sproject/rig/v2/protocol/openssh/connection.go:375.2,375.13 1 0
github.com/k0sproject/rig/v2/protocol/openssh/connection.go:380.35,381.27 1 0
github.com/k0sproject/rig/v2/protocol/openssh/connection.go:381.27,386.3 4 0
github.com/k0sproject/rig/v2/protocol/openssh/connection.go:388.2,388.41 1 0
github.com/k0sproject/rig/v2/protocol/openssh/connection.go:388.41,390.3 1 0
github.com/k0sproject/rig/v2/protocol/ssh/config.go:36.60,39.2 2 0
github.com/k0sproject/rig/v2/protocol/ssh/config.go:42.34,44.2 1 0
github.com/k0sproject/rig/v2/protocol/ssh/config.go:47.32,48.17 1 0
github.com/k0sproject/rig/v2/protocol/ssh/config.go:48.17,50.3 1 0
github.com/k0sproject/rig/v2/protocol/ssh/config.go:51.2,51.18 1 0
github.com/k0sproject/rig/v2/protocol/ssh/config.go:51.18,53.3 1 0
github.com/k0sproject/rig/v2/protocol/ssh/config.go:54.2,54.22 1 0
github.com/k0sproject/rig/v2/protocol/ssh/config.go:54.22,55.58 1 0
github.com/k0sproject/rig/v2/protocol/ssh/config.go:55.58,57.4 1 0
github.com/k0sproject/rig/v2/protocol/ssh/config.go:59.2,59.22 1 0
github.com/k0sproject/rig/v2/protocol/ssh/config.go:59.22,61.3 1 0
github.com/k0sproject/rig/v2/protocol/ssh/config.go:65.35,66.21 1 0
github.com/k0sproject/rig/v2/protocol/ssh/config.go:66.21,68.3 1 0
github.com/k0sproject/rig/v2/protocol/ssh/config.go:70.2,70.35 1 0
github.com/k0sproject/rig/v2/protocol/ssh/config.go:70.35,72.3 1 0
github.com/k0sproject/rig/v2/protocol/ssh/config.go:74.2,74.22 1 0
github.com/k0sproject/rig/v2/protocol/ssh/config.go:74.22,76.17 2 0
github.com/k0sproject/rig/v2/protocol/ssh/config.go:76.17,78.4 1 0
github.com/k0sproject/rig/v2/protocol/ssh/config.go:79.3,79.20 1 0
github.com/k0sproject/rig/v2/protocol/ssh/config.go:82.2,82.22 1 0
github.com/k0sproject/rig/v2/protocol/ssh/config.go:82.22,83.46 1 0
github.com/k0sproject/rig/v2/protocol/ssh/config.go:83.46,85.4 1 0
github.com/k0sproject/rig/v2/protocol/ssh/config.go:88.2,88.12 1 0
github.com/k0sproject/rig/v2/protocol/ssh/connection.go:54.69,66.33 7 0
github.com/k0sproject/rig/v2/protocol/ssh/connection.go:66.33,68.3 1 0
github.com/k0sproject/rig/v2/protocol/ssh/connection.go:70.2,70.22 1 0
github.com/k0sproject/rig/v2/protocol/ssh/connection.go:70.22,72.3 1 0
github.com/k0sproject/rig/v2/protocol/ssh/connection.go:74.2,74.25 1 0
github.com/k0sproject/rig/v2/protocol/ssh/connection.go:74.25,75.68 1 0
github.com/k0sproject/rig/v2/protocol/ssh/connection.go:75.68,77.4 1 0
github.com/k0sproject/rig/v2/protocol/ssh/connection.go:80.2,82.15 2 0
github.com/k0sproject/rig/v2/protocol/ssh/connection.go:96.13,97.23 1 0
github.com/k0sproject/rig/v2/protocol/ssh/connection.go:97.23,99.17 2 0
github.com/k0sproject/rig/v2/protocol/ssh/connection.go:99.17,101.4 1 0
github.com/k0sproject/rig/v2/protocol/ssh/connection.go:106.70,110.19 4 0
github.com/k0sproject/rig/v2/protocol/ssh/connection.go:110.19,112.3 1 0
github.com/k0sproject/rig/v2/protocol/ssh/connection.go:113.2,114.16 2 0
github.com/k0sproject/rig/v2/protocol/ssh/connection.go:114.16,116.3 1 0
github.com/k0sproject/rig/v2/protocol/ssh/connection.go:117.2,117.18 1 0
github.com/k0sproject/rig/v2/protocol/ssh/connection.go:120.71,124.18 3 0
github.com/k0sproject/rig/v2/protocol/ssh/connection.go:124.18,127.3 2 0
github.com/k0sproject/rig/v2/protocol/ssh/connection.go:128.2,129.19 2 0
github.com/k0sproject/rig/v2/protocol/ssh/connection.go:133.55,134.19 1 0
github.com/k0sproject/rig/v2/protocol/ssh/connection.go:134.19,137.33 2 0
github.com/k0sproject/rig/v2/protocol/ssh/connection.go:137.33,140.4 2 0
github.com/k0sproject/rig/v2/protocol/ssh/connection.go:142.3,142.47 1 0
github.com/k0sproject/rig/v2/protocol/ssh/connection.go:142.47,144.18 2 0
github.com/k0sproject/rig/v2/protocol/ssh/connection.go:144.18,146.13 2 0
github.com/k0sproject/rig/v2/protocol/ssh/connection.go:148.4,149.45 2 0
github.com/k0sproject/rig/v2/protocol/ssh/connection.go:155.40,157.2 1 0
github.com/k0sproject/rig/v2/protocol/ssh/connection.go:160.44,162.2 1 0
github.com/k0sproject/rig/v2/protocol/ssh/connection.go:165.41,167.2 1 0
github.com/k0sproject/rig/v2/protocol/ssh/connection.go:170.41,174.41 4 0
github.com/k0sproject/rig/v2/protocol/ssh/connection.go:174.41,176.3 1 0
github.com/k0sproject/rig/v2/protocol/ssh/connection.go:177.2,178.19 2 0
github.com/k0sproject/rig/v2/protocol/ssh/connection.go:185.38,186.18 1 0
github.com/k0sproject/rig/v2/protocol/ssh/connection.go:186.18,188.3 1 0
github.com/k0sproject/rig/v2/protocol/ssh/connection.go:190.2,190.15 1 0
github.com/k0sproject/rig/v2/protocol/ssh/connection.go:195.35,196.21 1 0
github.com/k0sproject/rig/v2/protocol/ssh/connection.go:196.21,198.3 1 0
github.com/k0sproject/rig/v2/protocol/ssh/connection.go:199.2,199.57 1 0
github.com/k0sproject/rig/v2/protocol/ssh/connection.go:199.57,202.3 2 0
github.com/k0sproject/rig/v2/protocol/ssh/connection.go:203.2,204.16 2 0
github.com/k0sproject/rig/v2/protocol/ssh/connection.go:208.35,212.2 3 0
github.com/k0sproject/rig/v2/protocol/ssh/connection.go:219.62,224.19 4 0
github.com/k0sproject/rig/v2/protocol/ssh/connection.go:224.19,226.3 1 0
github.com/k0sproject/rig/v2/protocol/ssh/connection.go:228.2,231.32 3 0
github.com/k0sproject/rig/v2/protocol/ssh/connection.go:231.32,231.45 1 0
github.com/k0sproject/rig/v2/protocol/ssh/connection.go:232.2,233.9 2 0
github.com/k0sproject/rig/v2/protocol/ssh/connection.go:234.50,235.15 1 0
github.com/k0sproject/rig/v2/protocol/ssh/connection.go:236.35,237.16 1 0
github.com/k0sproject/rig/v2/protocol/ssh/connection.go:238.10,244.23 3 0
github.com/k0sproject/rig/v2/protocol/ssh/connection.go:244.23,246.4 1 0
github.com/k0sproject/rig/v2/protocol/ssh/connection.go:249.2,255.14 5 0
github.com/k0sproject/rig/v2/protocol/ssh/connection.go:262.39,264.24 2 0
github.com/k0sproject/rig/v2/protocol/ssh/connection.go:264.24,268.3 3 0
github.com/k0sproject/rig/v2/protocol/ssh/connection.go:269.2,274.29 4 0
github.com/k0sproject/rig/v2/protocol/ssh/connection.go:277.90,279.16 2 0
github.com/k0sproject/rig/v2/protocol/ssh/connection.go:279.16,281.3 1 0
github.com/k0sproject/rig/v2/protocol/ssh/connection.go:282.2,282.16 1 0
github.com/k0sproject/rig/v2/protocol/ssh/connection.go:285.60,286.49 1 0
github.com/k0sproject/rig/v2/protocol/ssh/connection.go:286.49,289.3 2 0
github.com/k0sproject/rig/v2/protocol/ssh/connection.go:291.2,291.14 1 0
github.com/k0sproject/rig/v2/protocol/ssh/connection.go:294.58,295.41 1 0
github.com/k0sproject/rig/v2/protocol/ssh/connection.go:295.41,298.3 2 0
github.com/k0sproject/rig/v2/protocol/ssh/connection.go:299.2,299.14 1 0
github.com/k0sproject/rig/v2/protocol/ssh/connection.go:302.88,309.53 5 0
github.com/k0sproject/rig/v2/protocol/ssh/connection.go:309.53,310.17 1 0
github.com/k0sproject/rig/v2/protocol/ssh/connection.go:310.17,312.4 1 0
github.com/k0sproject/rig/v2/protocol/ssh/connection.go:313.3,314.52 2 0
github.com/k0sproject/rig/v2/protocol/ssh/connection.go:317.2,319.51 2 0
github.com/k0sproject/rig/v2/protocol/ssh/connection.go:319.51,322.17 3 0
github.com/k0sproject/rig/v2/protocol/ssh/connection.go:322.17,324.9 2 0
github.com/k0sproject/rig/v2/protocol/ssh/connection.go:328.2,328.18 1 0
github.com/k0sproject/rig/v2/protocol/ssh/connection.go:328.18,331.3 2 0
github.com/k0sproject/rig/v2/protocol/ssh/connection.go:333.2,333.83 1 0
github.com/k0sproject/rig/v2/protocol/ssh/connection.go:338.71,341.31 3 0
github.com/k0sproject/rig/v2/protocol/ssh/connection.go:341.31,343.30 2 0
github.com/k0sproject/rig/v2/protocol/ssh/connection.go:343.30,346.4 2 0
github.com/k0sproject/rig/v2/protocol/ssh/connection.go:348.2,348.33 1 0
github.com/k0sproject/rig/v2/protocol/ssh/connection.go:348.33,350.30 2 0
github.com/k0sproject/rig/v2/protocol/ssh/connection.go:350.30,353.4 2 0
github.com/k0sproject/rig/v2/protocol/ssh/connection.go:355.2,355.12 1 0
github.com/k0sproject/rig/v2/protocol/ssh/connection.go:358.83,364.16 3 0
github.com/k0sproject/rig/v2/protocol/ssh/connection.go:364.16,366.3 1 0
github.com/k0sproject/rig/v2/protocol/ssh/connection.go:367.2,371.16 4 0
github.com/k0sproject/rig/v2/protocol/ssh/connection.go:371.16,373.3 1 0
github.com/k0sproject/rig/v2/protocol/ssh/connection.go:373.8,376.17 3 0
github.com/k0sproject/rig/v2/protocol/ssh/connection.go:376.17,378.4 1 0
github.com/k0sproject/rig/v2/protocol/ssh/connection.go:381.2,381.28 1 0
github.com/k0sproject/rig/v2/protocol/ssh/connection.go:381.28,385.3 3 0
github.com/k0sproject/rig/v2/protocol/ssh/connection.go:387.2,388.37 2 0
github.com/k0sproject/rig/v2/protocol/ssh/connection.go:388.37,390.17 2 0
github.com/k0sproject/rig/v2/protocol/ssh/connection.go:390.17,392.12 2 0
github.com/k0sproject/rig/v2/protocol/ssh/connection.go:394.3,394.50 1 0
github.com/k0sproject/rig/v2/protocol/ssh/connection.go:394.50,395.30 1 0
github.com/k0sproject/rig/v2/protocol/ssh/connection.go:396.20,398.39 2 0
github.com/k0sproject/rig/v2/protocol/ssh/connection.go:399.15,400.85 1 0
github.com/k0sproject/rig/v2/protocol/ssh/connection.go:401.12,402.96 1 0
github.com/k0sproject/rig/v2/protocol/ssh/connection.go:404.4,404.12 1 0
github.com/k0sproject/rig/v2/protocol/ssh/connection.go:406.3,407.17 2 0
github.com/k0sproject/rig/v2/protocol/ssh/connection.go:407.17,410.4 2 0
github.com/k0sproject/rig/v2/protocol/ssh/connection.go:410.9,413.4 2 0
github.com/k0sproject/rig/v2/protocol/ssh/connection.go:416.2,417.23 2 0
github.com/k0sproject/rig/v2/protocol/ssh/connection.go:417.23,420.3 2 0
github.com/k0sproject/rig/v2/protocol/ssh/connection.go:422.2,422.27 1 0
github.com/k0sproject/rig/v2/protocol/ssh/connection.go:422.27,424.3 1 0
github.com/k0sproject/rig/v2/protocol/ssh/connection.go:426.2,426.20 1 0
github.com/k0sproject/rig/v2/protocol/ssh/connection.go:429.105,431.16 2 0
github.com/k0sproject/rig/v2/protocol/ssh/connection.go:431.16,433.3 1 0
github.com/k0sproject/rig/v2/protocol/ssh/connection.go:434.2,435.9 2 0
github.com/k0sproject/rig/v2/protocol/ssh/connection.go:435.9,437.3 1 0
github.com/k0sproject/rig/v2/protocol/ssh/connection.go:438.2,439.48 2 0
github.com/k0sproject/rig/v2/protocol/ssh/connection.go:439.48,440.49 1 0
github.com/k0sproject/rig/v2/protocol/ssh/connection.go:440.49,442.4 1 0
github.com/k0sproject/rig/v2/protocol/ssh/connection.go:443.3,443.13 1 0
github.com/k0sproject/rig/v2/protocol/ssh/connection.go:445.2,446.16 2 0
github.com/k0sproject/rig/v2/protocol/ssh/connection.go:446.16,448.3 1 0
github.com/k0sproject/rig/v2/protocol/ssh/connection.go:449.2,450.16 2 0
github.com/k0sproject/rig/v2/protocol/ssh/connection.go:450.16,452.49 2 0
github.com/k0sproject/rig/v2/protocol/ssh/connection.go:452.49,454.4 1 0
github.com/k0sproject/rig/v2/protocol/ssh/connection.go:455.3,455.55 1 0
github.com/k0sproject/rig/v2/protocol/ssh/connection.go:457.2,464.12 6 0
github.com/k0sproject/rig/v2/protocol/ssh/connection.go:471.58,472.22 1 0
github.com/k0sproject/rig/v2/protocol/ssh/connection.go:472.22,474.3 1 0
github.com/k0sproject/rig/v2/protocol/ssh/connection.go:475.2,477.27 3 0
github.com/k0sproject/rig/v2/protocol/ssh/connection.go:481.39,482.40 1 0
github.com/k0sproject/rig/v2/protocol/ssh/connection.go:482.40,484.3 1 0
github.com/k0sproject/rig/v2/protocol/ssh/connection.go:486.2,488.12 3 0
github.com/k0sproject/rig/v2/protocol/ssh/connection.go:488.12,491.7 3 0
github.com/k0sproject/rig/v2/protocol/ssh/connection.go:491.7,492.11 1 0
github.com/k0sproject/rig/v2/protocol/ssh/connection.go:493.20,494.25 1 0
github.com/k0sproject/rig/v2/protocol/ssh/connection.go:494.25,496.6 1 0
github.com/k0sproject/rig/v2/protocol/ssh/connection.go:497.16,498.11 1 0
github.com/k0sproject/rig/v2/protocol/ssh/connection.go:505.57,509.16 3 0
github.com/k0sproject/rig/v2/protocol/ssh/connection.go:509.16,511.3 1 0
github.com/k0sproject/rig/v2/protocol/ssh/connection.go:513.2,515.22 2 0
github.com/k0sproject/rig/v2/protocol/ssh/connection.go:515.22,517.3 1 0
github.com/k0sproject/rig/v2/protocol/ssh/connection.go:519.2,520.16 2 0
github.com/k0sproject/rig/v2/protocol/ssh/connection.go:520.16,522.3 1 0
github.com/k0sproject/rig/v2/protocol/ssh/connection.go:523.2,524.16 2 0
github.com/k0sproject/rig/v2/protocol/ssh/connection.go:524.16,526.49 2 0
github.com/k0sproject/rig/v2/protocol/ssh/connection.go:526.49,528.4 1 0
github.com/k0sproject/rig/v2/protocol/ssh/connection.go:529.3,529.41 1 0
github.com/k0sproject/rig/v2/protocol/ssh/connection.go:531.2,538.12 6 0
github.com/k0sproject/rig/v2/protocol/ssh/connection.go:541.101,542.28 1 0
github.com/k0sproject/rig/v2/protocol/ssh/connection.go:542.28,544.3 1 0
github.com/k0sproject/rig/v2/protocol/ssh/connection.go:546.2,546.33 1 0
github.com/k0sproject/rig/v2/protocol/ssh/connection.go:546.33,547.58 1 0
github.com/k0sproject/rig/v2/protocol/ssh/connection.go:547.58,550.4 2 0
github.com/k0sproject/rig/v2/protocol/ssh/connection.go:553.2,553.116 1 0
github.com/k0sproject/rig/v2/protocol/ssh/connection.go:556.114,558.16 2 0
github.com/k0sproject/rig/v2/protocol/ssh/connection.go:558.16,560.3 1 0
github.com/k0sproject/rig/v2/protocol/ssh/connection.go:561.2,563.16 3 0
github.com/k0sproject/rig/v2/protocol/ssh/connection.go:563.16,565.3 1 0
github.com/k0sproject/rig/v2/protocol/ssh/connection.go:567.2,568.16 2 0
github.com/k0sproject/rig/v2/protocol/ssh/connection.go:568.16,571.3 2 0
github.com/k0sproject/rig/v2/protocol/ssh/connection.go:573.2,574.16 2 0
github.com/k0sproject/rig/v2/protocol/ssh/connection.go:574.16,577.3 2 0
github.com/k0sproject/rig/v2/protocol/ssh/connection.go:579.2,579.54 1 0
github.com/k0sproject/rig/v2/protocol/ssh/connection.go:579.54,582.28 2 0
github.com/k0sproject/rig/v2/protocol/ssh/connection.go:582.28,583.79 1 0
github.com/k0sproject/rig/v2/protocol/ssh/connection.go:583.79,585.5 1 0
github.com/k0sproject/rig/v2/protocol/ssh/connection.go:588.3,588.32 1 0
github.com/k0sproject/rig/v2/protocol/ssh/connection.go:588.32,591.18 3 0
github.com/k0sproject/rig/v2/protocol/ssh/connection.go:591.18,593.5 1 0
github.com/k0sproject/rig/v2/protocol/ssh/connection.go:594.4,595.18 2 0
github.com/k0sproject/rig/v2/protocol/ssh/connection.go:595.18,597.5 1 0
github.com/k0sproject/rig/v2/protocol/ssh/connection.go:598.4,598.22 1 0
github.com/k0sproject/rig/v2/protocol/ssh/connection.go:602.2,602.96 1 0
github.com/k0sproject/rig/v2/protocol/ssh/connection.go:607.136,612.19 4 0
github.com/k0sproject/rig/v2/protocol/ssh/connection.go:612.19,614.3 1 0
github.com/k0sproject/rig/v2/protocol/ssh/connection.go:616.2,617.16 2 0
github.com/k0sproject/rig/v2/protocol/ssh/connection.go:617.16,623.23 6 0
github.com/k0sproject/rig/v2/protocol/ssh/connection.go:623.23,625.4 1 0
github.com/k0sproject/rig/v2/protocol/ssh/connection.go:626.3,629.20 4 0
github.com/k0sproject/rig/v2/protocol/ssh/connection.go:629.20,631.4 1 0
github.com/k0sproject/rig/v2/protocol/ssh/connection.go:632.3,633.17 2 0
github.com/k0sproject/rig/v2/protocol/ssh/connection.go:633.17,635.4 1 0
github.com/k0sproject/rig/v2/protocol/ssh/connection.go:638.2,642.12 4 0
github.com/k0sproject/rig/v2/protocol/ssh/connection.go:642.12,644.23 2 0
github.com/k0sproject/rig/v2/protocol/ssh/connection.go:644.23,647.4 2 0
github.com/k0sproject/rig/v2/protocol/ssh/connection.go:650.2,650.43 1 0
github.com/k0sproject/rig/v2/protocol/ssh/connection.go:650.43,652.3 1 0
github.com/k0sproject/rig/v2/protocol/ssh/connection.go:654.2,654.21 1 0
github.com/k0sproject/rig/v2/protocol/ssh/connection.go:660.78,663.16 3 0
github.com/k0sproject/rig/v2/protocol/ssh/connection.go:663.16,665.3 1 0
github.com/k0sproject/rig/v2/protocol/ssh/connection.go:667.2,668.16 2 0
github.com/k0sproject/rig/v2/protocol/ssh/connection.go:668.16,671.3 2 0
github.com/k0sproject/rig/v2/protocol/ssh/connection.go:673.2,674.74 2 0
github.com/k0sproject/rig/v2/protocol/ssh/connection.go:674.74,677.3 2 0
github.com/k0sproject/rig/v2/protocol/ssh/connection.go:679.2,679.16 1 0
github.com/k0sproject/rig/v2/protocol/ssh/connection.go:679.16,679.50 1 0
github.com/k0sproject/rig/v2/protocol/ssh/connection.go:685.110,686.19 1 0
github.com/k0sproject/rig/v2/protocol/ssh/connection.go:686.20,686.21 0 0
github.com/k0sproject/rig/v2/protocol/ssh/connection.go:687.2,688.9 2 0
github.com/k0sproject/rig/v2/protocol/ssh/connection.go:688.9,690.3 1 0
github.com/k0sproject/rig/v2/protocol/ssh/connection.go:691.2,691.36 1 0
github.com/k0sproject/rig/v2/protocol/ssh/connection.go:691.36,693.17 2 0
github.com/k0sproject/rig/v2/protocol/ssh/connection.go:693.17,695.4 1 0
github.com/k0sproject/rig/v2/protocol/ssh/connection.go:697.2,697.26 1 0
github.com/k0sproject/rig/v2/protocol/ssh/connection.go:703.109,704.18 1 0
github.com/k0sproject/rig/v2/protocol/ssh/connection.go:704.18,706.3 1 0
github.com/k0sproject/rig/v2/protocol/ssh/connection.go:707.2,707.19 1 0
github.com/k0sproject/rig/v2/protocol/ssh/connection.go:707.19,709.3 1 0
github.com/k0sproject/rig/v2/protocol/ssh/connection.go:710.2,710.19 1 0
github.com/k0sproject/rig/v2/protocol/ssh/connection.go:710.19,712.3 1 0
github.com/k0sproject/rig/v2/protocol/ssh/connection.go:713.2,713.30 1 0
github.com/k0sproject/rig/v2/protocol/ssh/connection.go:718.120,723.19 5 0
github.com/k0sproject/rig/v2/protocol/ssh/connection.go:723.19,725.3 1 0
github.com/k0sproject/rig/v2/protocol/ssh/connection.go:726.2,727.16 2 0
github.com/k0sproject/rig/v2/protocol/ssh/connection.go:727.16,729.3 1 0
github.com/k0sproject/rig/v2/protocol/ssh/connection.go:730.2,736.12 4 0
github.com/k0sproject/rig/v2/protocol/ssh/connection.go:736.12,737.10 1 0
github.com/k0sproject/rig/v2/protocol/ssh/connection.go:738.21,739.23 1 0
github.com/k0sproject/rig/v2/protocol/ssh/connection.go:740.20,740.20 0 0
github.com/k0sproject/rig/v2/protocol/ssh/connection.go:744.2,748.16 4 0
github.com/k0sproject/rig/v2/protocol/ssh/connection.go:748.16,750.3 1 0
github.com/k0sproject/rig/v2/protocol/ssh/connection.go:751.2,754.16 3 0
github.com/k0sproject/rig/v2/protocol/ssh/connection.go:754.16,756.3 1 0
github.com/k0sproject/rig/v2/protocol/ssh/connection.go:757.2,757.12 1 0
github.com/k0sproject/rig/v2/protocol/ssh/connection.go:757.12,759.3 1 0
github.com/k0sproject/rig/v2/protocol/ssh/connection.go:761.2,764.15 3 0
github.com/k0sproject/rig/v2/protocol/ssh/connection.go:764.15,766.3 1 0
github.com/k0sproject/rig/v2/protocol/ssh/connection.go:766.8,768.3 1 0
github.com/k0sproject/rig/v2/protocol/ssh/connection.go:769.2,769.16 1 0
github.com/k0sproject/rig/v2/protocol/ssh/connection.go:769.16,771.3 1 0
github.com/k0sproject/rig/v2/protocol/ssh/connection.go:773.2,773.39 1 0
github.com/k0sproject/rig/v2/protocol/ssh/connection.go:773.39,774.23 1 0
github.com/k0sproject/rig/v2/protocol/ssh/connection.go:774.23,776.4 1 0
github.com/k0sproject/rig/v2/protocol/ssh/connection.go:777.3,777.49 1 0
github.com/k0sproject/rig/v2/protocol/ssh/connection.go:780.2,780.12 1 0
github.com/k0sproject/rig/v2/protocol/ssh/connection.go:787.90,789.16 2 0
github.com/k0sproject/rig/v2/protocol/ssh/connection.go:789.16,791.3 1 0
github.com/k0sproject/rig/v2/protocol/ssh/connection.go:792.2,793.29 2 0
github.com/k0sproject/rig/v2/protocol/ssh/connection.go:793.29,795.3 1 0
github.com/k0sproject/rig/v2/protocol/ssh/connection.go:796.2,796.21 1 0
github.com/k0sproject/rig/v2/protocol/ssh/connection.go:796.21,798.3 1 0
github.com/k0sproject/rig/v2/protocol/ssh/connection.go:799.2,800.16 2 0
github.com/k0sproject/rig/v2/protocol/ssh/connection.go:800.16,802.3 1 0
github.com/k0sproject/rig/v2/protocol/ssh/connection.go:803.2,804.16 2 0
github.com/k0sproject/rig/v2/protocol/ssh/connection.go:804.16,806.3 1 0
github.com/k0sproject/rig/v2/protocol/ssh/connection.go:807.2,807.54 1 0
github.com/k0sproject/rig/v2/protocol/ssh/connection.go:811.48,815.16 4 0
github.com/k0sproject/rig/v2/protocol/ssh/connection.go:815.16,817.3 1 0
github.com/k0sproject/rig/v2/protocol/ssh/connection.go:818.2,818.26 1 0
github.com/k0sproject/rig/v2/protocol/ssh/knownposix.go:38.34,39.31 1 0
github.com/k0sproject/rig/v2/protocol/ssh/knownposix.go:39.31,40.29 1 0
github.com/k0sproject/rig/v2/protocol/ssh/knownposix.go:40.29,42.4 1 0
github.com/k0sproject/rig/v2/protocol/ssh/knownposix.go:44.2,44.14 1 0
github.com/k0sproject/rig/v2/protocol/ssh/options.go:19.42,21.27 2 0
github.com/k0sproject/rig/v2/protocol/ssh/options.go:21.27,23.3 1 0
github.com/k0sproject/rig/v2/protocol/ssh/options.go:24.2,24.10 1 0
github.com/k0sproject/rig/v2/protocol/ssh/options.go:28.38,29.26 1 0
github.com/k0sproject/rig/v2/protocol/ssh/options.go:29.26,31.3 1 0
github.com/k0sproject/rig/v2/protocol/ssh/options.go:35.44,36.26 1 0
github.com/k0sproject/rig/v2/protocol/ssh/options.go:36.26,38.3 1 0
github.com/k0sproject/rig/v2/protocol/ssh/signals.go:21.67,26.12 4 0
github.com/k0sproject/rig/v2/protocol/ssh/signals.go:26.12,27.26 1 0
github.com/k0sproject/rig/v2/protocol/ssh/signals.go:27.26,28.15 1 0
github.com/k0sproject/rig/v2/protocol/ssh/signals.go:29.22,30.31 1 0
github.com/k0sproject/rig/v2/protocol/ssh/signals.go:31.25,32.31 1 0
github.com/k0sproject/rig/v2/protocol/ssh/signals.go:33.26,35.19 2 0
github.com/k0sproject/rig/v2/protocol/ssh/signals.go:35.19,37.6 1 0
github.com/k0sproject/rig/v2/protocol/ssh/signals.go:42.2,42.12 1 0
github.com/k0sproject/rig/v2/protocol/ssh/signals.go:42.12,46.3 3 0
github.com/k0sproject/rig/v2/protocol/ssh/signals.go:48.2,48.16 1 0
github.com/k0sproject/rig/v2/protocol/ssh/signals.go:48.16,48.33 1 0
github.com/k0sproject/rig/v2/protocol/ssh/signals.go:51.28,55.16 4 0
github.com/k0sproject/rig/v2/protocol/ssh/signals.go:55.16,58.3 2 0
github.com/k0sproject/rig/v2/protocol/ssh/signals.go:58.8,61.3 2 0
github.com/k0sproject/rig/v2/protocol/ssh/signals.go:63.2,63.13 1 0
github.com/k0sproject/rig/v2/protocol/localhost/connection.go:20.64,22.2 1 0
github.com/k0sproject/rig/v2/protocol/localhost/connection.go:25.43,27.2 1 0
github.com/k0sproject/rig/v2/protocol/localhost/connection.go:30.40,32.2 1 0
github.com/k0sproject/rig/v2/protocol/localhost/connection.go:35.44,37.2 1 0
github.com/k0sproject/rig/v2/protocol/localhost/connection.go:40.41,42.2 1 0
github.com/k0sproject/rig/v2/protocol/localhost/connection.go:45.38,47.2 1 0
github.com/k0sproject/rig/v2/protocol/localhost/connection.go:50.39,52.2 1 0
github.com/k0sproject/rig/v2/protocol/localhost/connection.go:55.41,57.2 1 0
github.com/k0sproject/rig/v2/protocol/localhost/connection.go:61.136,68.40 5 0
github.com/k0sproject/rig/v2/protocol/localhost/connection.go:68.40,70.3 1 0
github.com/k0sproject/rig/v2/protocol/localhost/connection.go:72.2,72.21 1 0
github.com/k0sproject/rig/v2/protocol/localhost/connection.go:75.73,76.19 1 0
github.com/k0sproject/rig/v2/protocol/localhost/connection.go:76.19,78.3 1 0
github.com/k0sproject/rig/v2/protocol/localhost/connection.go:80.2,80.56 1 0
github.com/k0sproject/rig/v2/protocol/localhost/connection.go:85.120,86.18 1 0
github.com/k0sproject/rig/v2/protocol/localhost/connection.go:86.18,88.3 1 0
github.com/k0sproject/rig/v2/protocol/localhost/connection.go:89.2,89.19 1 0
github.com/k0sproject/rig/v2/protocol/localhost/connection.go:89.19,91.3 1 0
github.com/k0sproject/rig/v2/protocol/localhost/connection.go:92.2,92.19 1 0
github.com/k0sproject/rig/v2/protocol/localhost/connection.go:92.19,94.3 1 0
github.com/k0sproject/rig/v2/protocol/localhost/connection.go:95.2,95.15 1 0
github.com/k0sproject/rig/v2/protocol/localhost/connection.go:95.15,97.3 1 0
github.com/k0sproject/rig/v2/protocol/localhost/connection.go:99.2,99.18 1 0
github.com/k0sproject/rig/v2/protocol/localhost/connection.go:99.18,101.3 1 0
github.com/k0sproject/rig/v2/protocol/localhost/connection.go:103.2,104.16 2 0
github.com/k0sproject/rig/v2/protocol/localhost/connection.go:104.16,106.3 1 0
github.com/k0sproject/rig/v2/protocol/localhost/connection.go:109.2,110.35 2 0
github.com/k0sproject/rig/v2/protocol/localhost/connection.go:110.35,112.3 1 0
github.com/k0sproject/rig/v2/protocol/localhost/connection.go:112.8,114.17 2 0
github.com/k0sproject/rig/v2/protocol/localhost/connection.go:114.17,116.4 1 0
github.com/k0sproject/rig/v2/protocol/localhost/connection.go:117.3,117.13 1 0
github.com/k0sproject/rig/v2/protocol/localhost/connection.go:117.13,120.4 2 0
github.com/k0sproject/rig/v2/protocol/localhost/connection.go:121.3,121.13 1 0
github.com/k0sproject/rig/v2/protocol/localhost/connection.go:123.2,123.36 1 0
github.com/k0sproject/rig/v2/protocol/localhost/connection.go:123.36,125.3 1 0
github.com/k0sproject/rig/v2/protocol/localhost/connection.go:125.8,127.17 2 0
github.com/k0sproject/rig/v2/protocol/localhost/connection.go:127.17,129.4 1 0
github.com/k0sproject/rig/v2/protocol/localhost/connection.go:130.3,130.13 1 0
github.com/k0sproject/rig/v2/protocol/localhost/connection.go:130.13,133.4 2 0
github.com/k0sproject/rig/v2/protocol/localhost/connection.go:134.3,134.14 1 0
github.com/k0sproject/rig/v2/protocol/localhost/connection.go:136.2,136.36 1 0
github.com/k0sproject/rig/v2/protocol/localhost/connection.go:136.36,138.3 1 0
github.com/k0sproject/rig/v2/protocol/localhost/connection.go:138.8,140.17 2 0
github.com/k0sproject/rig/v2/protocol/localhost/connection.go:140.17,142.4 1 0
github.com/k0sproject/rig/v2/protocol/localhost/connection.go:143.3,143.13 1 0
github.com/k0sproject/rig/v2/protocol/localhost/connection.go:143.13,146.4 2 0
github.com/k0sproject/rig/v2/protocol/localhost/connection.go:147.3,147.14 1 0
github.com/k0sproject/rig/v2/protocol/localhost/connection.go:150.2,156.16 3 0
github.com/k0sproject/rig/v2/protocol/localhost/connection.go:156.16,158.3 1 0
github.com/k0sproject/rig/v2/protocol/localhost/connection.go:160.2,161.16 2 0
github.com/k0sproject/rig/v2/protocol/localhost/connection.go:161.16,163.3 1 0
github.com/k0sproject/rig/v2/protocol/localhost/connection.go:167.2,169.12 3 0
github.com/k0sproject/rig/v2/protocol/localhost/connection.go:169.12,170.10 1 0
github.com/k0sproject/rig/v2/protocol/localhost/connection.go:171.21,172.19 1 0
github.com/k0sproject/rig/v2/protocol/localhost/connection.go:173.20,173.20 0 0
github.com/k0sproject/rig/v2/protocol/localhost/connection.go:177.2,177.39 1 0
github.com/k0sproject/rig/v2/protocol/localhost/connection.go:177.39,178.23 1 0
github.com/k0sproject/rig/v2/protocol/localhost/connection.go:178.23,180.4 1 0
github.com/k0sproject/rig/v2/protocol/localhost/connection.go:181.3,181.45 1 0
github.com/k0sproject/rig/v2/protocol/localhost/connection.go:183.2,183.12 1 0
github.com/k0sproject/rig/v2/protocol/ssh/hostkey/callbacks.go:32.63,33.59 1 0
github.com/k0sproject/rig/v2/protocol/ssh/hostkey/callbacks.go:33.59,35.23 2 0
github.com/k0sproject/rig/v2/protocol/ssh/hostkey/callbacks.go:35.23,37.4 1 0
github.com/k0sproject/rig/v2/protocol/ssh/hostkey/callbacks.go:39.3,39.13 1 0
github.com/k0sproject/rig/v2/protocol/ssh/hostkey/callbacks.go:44.51,46.2 1 0
github.com/k0sproject/rig/v2/protocol/ssh/hostkey/callbacks.go:49.94,50.25 1 0
github.com/k0sproject/rig/v2/protocol/ssh/hostkey/callbacks.go:50.25,52.3 1 0
github.com/k0sproject/rig/v2/protocol/ssh/hostkey/callbacks.go:54.2,57.41 3 0
github.com/k0sproject/rig/v2/protocol/ssh/hostkey/callbacks.go:57.41,59.3 1 0
github.com/k0sproject/rig/v2/protocol/ssh/hostkey/callbacks.go:61.2,62.16 2 0
github.com/k0sproject/rig/v2/protocol/ssh/hostkey/callbacks.go:62.16,64.3 1 0
github.com/k0sproject/rig/v2/protocol/ssh/hostkey/callbacks.go:66.2,66.55 1 0
github.com/k0sproject/rig/v2/protocol/ssh/hostkey/callbacks.go:72.100,75.93 1 0
github.com/k0sproject/rig/v2/protocol/ssh/hostkey/callbacks.go:75.93,79.17 4 0
github.com/k0sproject/rig/v2/protocol/ssh/hostkey/callbacks.go:79.17,81.4 1 0
github.com/k0sproject/rig/v2/protocol/ssh/hostkey/callbacks.go:83.3,84.55 2 0
github.com/k0sproject/rig/v2/protocol/ssh/hostkey/callbacks.go:84.55,87.18 1 0
github.com/k0sproject/rig/v2/protocol/ssh/hostkey/callbacks.go:87.18,90.5 2 0
github.com/k0sproject/rig/v2/protocol/ssh/hostkey/callbacks.go:91.4,91.56 1 0
github.com/k0sproject/rig/v2/protocol/ssh/hostkey/callbacks.go:94.3,95.17 2 0
github.com/k0sproject/rig/v2/protocol/ssh/hostkey/callbacks.go:95.17,97.4 1 0
github.com/k0sproject/rig/v2/protocol/ssh/hostkey/callbacks.go:99.3,100.11 2 0
github.com/k0sproject/rig/v2/protocol/ssh/hostkey/callbacks.go:100.11,102.4 1 0
github.com/k0sproject/rig/v2/protocol/ssh/hostkey/callbacks.go:104.3,107.52 3 0
github.com/k0sproject/rig/v2/protocol/ssh/hostkey/callbacks.go:107.52,109.4 1 0
github.com/k0sproject/rig/v2/protocol/ssh/hostkey/callbacks.go:110.3,110.40 1 0
github.com/k0sproject/rig/v2/protocol/ssh/hostkey/callbacks.go:110.40,112.4 1 0
github.com/k0sproject/rig/v2/protocol/ssh/hostkey/callbacks.go:113.3,113.13 1 0
github.com/k0sproject/rig/v2/protocol/ssh/hostkey/callbacks.go:117.35,120.2 2 0
github.com/k0sproject/rig/v2/protocol/ssh/hostkey/callbacks.go:122.35,124.40 2 0
github.com/k0sproject/rig/v2/protocol/ssh/hostkey/callbacks.go:124.40,126.3 1 0
github.com/k0sproject/rig/v2/protocol/ssh/hostkey/callbacks.go:127.2,127.49 1 0
github.com/k0sproject/rig/v2/protocol/ssh/hostkey/callbacks.go:127.49,129.3 1 0
github.com/k0sproject/rig/v2/protocol/ssh/hostkey/callbacks.go:130.2,130.12 1 0
github.com/k0sproject/rig/v2/protocol/ssh/hostkey/callbacks.go:133.36,134.22 1 0
github.com/k0sproject/rig/v2/protocol/ssh/hostkey/callbacks.go:134.22,136.3 1 0
github.com/k0sproject/rig/v2/protocol/ssh/hostkey/callbacks.go:137.2,137.54 1 0
github.com/k0sproject/rig/v2/protocol/ssh/hostkey/callbacks.go:137.54,139.3 1 0
github.com/k0sproject/rig/v2/protocol/ssh/hostkey/callbacks.go:140.2,141.16 2 0
github.com/k0sproject/rig/v2/protocol/ssh/hostkey/callbacks.go:141.16,143.3 1 0
github.com/k0sproject/rig/v2/protocol/ssh/hostkey/callbacks.go:144.2,144.34 1 0
github.com/k0sproject/rig/v2/protocol/ssh/hostkey/callbacks.go:144.34,146.3 1 0
github.com/k0sproject/rig/v2/protocol/ssh/hostkey/callbacks.go:147.2,147.12 1 0
github.com/k0sproject/rig/v2/protocol/ssh/hostkey/callbacks.go:151.40,153.2 1 0
github.com/k0sproject/rig/v2/sshconfig/options/options.go:31.17,32.49 1 0
github.com/k0sproject/rig/v2/sshconfig/options/options.go:32.49,34.5 1 0
github.com/k0sproject/rig/v2/sshconfig/options/options.go:35.4,35.13 1 0
github.com/k0sproject/rig/v2/sshconfig/options/options.go:49.38,51.2 1 0
github.com/k0sproject/rig/v2/sshconfig/options/options.go:54.39,56.2 1 0
github.com/k0sproject/rig/v2/sshconfig/options/options.go:59.59,60.19 1 0
github.com/k0sproject/rig/v2/sshconfig/options/options.go:61.25,62.30 1 0
github.com/k0sproject/rig/v2/sshconfig/options/options.go:63.25,64.31 1 0
github.com/k0sproject/rig/v2/sshconfig/options/options.go:66.2,66.88 1 0
github.com/k0sproject/rig/v2/sshconfig/options/options.go:70.40,72.2 1 0
github.com/k0sproject/rig/v2/sshconfig/options/options.go:92.51,94.2 1 0
github.com/k0sproject/rig/v2/sshconfig/options/options.go:97.52,99.2 1 0
github.com/k0sproject/rig/v2/sshconfig/options/options.go:102.53,104.2 1 0
github.com/k0sproject/rig/v2/sshconfig/options/options.go:107.53,109.2 1 0
github.com/k0sproject/rig/v2/sshconfig/options/options.go:112.85,113.58 1 0
github.com/k0sproject/rig/v2/sshconfig/options/options.go:113.58,115.3 1 0
github.com/k0sproject/rig/v2/sshconfig/options/options.go:117.2,117.92 1 0
github.com/k0sproject/rig/v2/sshconfig/options/options.go:134.45,136.2 1 0
github.com/k0sproject/rig/v2/sshconfig/options/options.go:139.46,141.2 1 0
github.com/k0sproject/rig/v2/sshconfig/options/options.go:144.50,146.2 1 0
github.com/k0sproject/rig/v2/sshconfig/options/options.go:149.44,151.2 1 0
github.com/k0sproject/rig/v2/sshconfig/options/options.go:154.48,156.2 1 0
github.com/k0sproject/rig/v2/sshconfig/options/options.go:159.65,160.22 1 0
github.com/k0sproject/rig/v2/sshconfig/options/options.go:160.22,162.3 1 0
github.com/k0sproject/rig/v2/sshconfig/options/options.go:163.2,166.16 3 0
github.com/k0sproject/rig/v2/sshconfig/options/options.go:166.16,168.3 1 0
github.com/k0sproject/rig/v2/sshconfig/options/options.go:169.2,169.15 1 0
github.com/k0sproject/rig/v2/sshconfig/options/options.go:173.47,175.2 1 0
github.com/k0sproject/rig/v2/sshconfig/options/options.go:178.73,179.19 1 0
github.com/k0sproject/rig/v2/sshconfig/options/options.go:180.25,181.31 1 0
github.com/k0sproject/rig/v2/sshconfig/options/options.go:182.25,183.32 1 0
github.com/k0sproject/rig/v2/sshconfig/options/options.go:184.14,185.32 1 0
github.com/k0sproject/rig/v2/sshconfig/options/options.go:186.18,187.36 1 0
github.com/k0sproject/rig/v2/sshconfig/options/options.go:190.2,190.21 1 0
github.com/k0sproject/rig/v2/sshconfig/options/options.go:190.21,192.3 1 0
github.com/k0sproject/rig/v2/sshconfig/options/options.go:194.2,194.86 1 0
github.com/k0sproject/rig/v2/sshconfig/options/options.go:219.44,221.2 1 0
github.com/k0sproject/rig/v2/sshconfig/options/options.go:224.45,226.2 1 0
github.com/k0sproject/rig/v2/sshconfig/options/options.go:229.43,231.2 1 0
github.com/k0sproject/rig/v2/sshconfig/options/options.go:234.44,236.2 1 0
github.com/k0sproject/rig/v2/sshconfig/options/options.go:239.47,241.2 1 0
github.com/k0sproject/rig/v2/sshconfig/options/options.go:244.46,246.2 1 0
github.com/k0sproject/rig/v2/sshconfig/options/options.go:249.71,250.51 1 0
github.com/k0sproject/rig/v2/sshconfig/options/options.go:250.51,252.3 1 0
github.com/k0sproject/rig/v2/sshconfig/options/options.go:254.2,254.85 1 0
github.com/k0sproject/rig/v2/sshconfig/options/options.go:266.45,268.2 1 0
github.com/k0sproject/rig/v2/sshconfig/options/options.go:271.46,273.2 1 0
github.com/k0sproject/rig/v2/sshconfig/options/options.go:276.50,278.2 1 0
github.com/k0sproject/rig/v2/sshconfig/options/options.go:281.73,282.19 1 0
github.com/k0sproject/rig/v2/sshconfig/options/options.go:283.25,284.37 1 0
github.com/k0sproject/rig/v2/sshconfig/options/options.go:285.25,286.38 1 0
github.com/k0sproject/rig/v2/sshconfig/options/options.go:289.2,289.21 1 0
github.com/k0sproject/rig/v2/sshconfig/options/options.go:289.21,291.3 1 0
github.com/k0sproject/rig/v2/sshconfig/options/options.go:293.2,293.86 1 0
github.com/k0sproject/rig/v2/sshconfig/options/options.go:297.65,298.22 1 0
github.com/k0sproject/rig/v2/sshconfig/options/options.go:298.22,300.3 1 0
github.com/k0sproject/rig/v2/sshconfig/options/options.go:301.2,302.16 2 0
github.com/k0sproject/rig/v2/sshconfig/options/options.go:302.16,304.3 1 0
github.com/k0sproject/rig/v2/sshconfig/options/options.go:305.2,305.15 1 0
github.com/k0sproject/rig/v2/sshconfig/options/options.go:309.47,311.2 1 0
github.com/k0sproject/rig/v2/sshconfig/options/options.go:322.75,323.36 1 0
github.com/k0sproject/rig/v2/sshconfig/options/options.go:324.13,325.33 1 0
github.com/k0sproject/rig/v2/sshconfig/options/options.go:326.16,327.36 1 0
github.com/k0sproject/rig/v2/sshconfig/options/options.go:328.10,329.88 1 0
github.com/k0sproject/rig/v2/sshconfig/options/options.go:334.48,336.2 1 0
github.com/k0sproject/rig/v2/sshconfig/options/options.go:348.43,350.2 1 0
github.com/k0sproject/rig/v2/sshconfig/options/options.go:353.44,355.2 1 0
github.com/k0sproject/rig/v2/sshconfig/options/options.go:358.45,360.2 1 0
github.com/k0sproject/rig/v2/sshconfig/options/options.go:363.45,364.31 1 0
github.com/k0sproject/rig/v2/sshconfig/options/options.go:364.31,366.3 1 0
github.com/k0sproject/rig/v2/sshconfig/options/options.go:367.2,368.33 2 0
github.com/k0sproject/rig/v2/sshconfig/options/options.go:368.33,370.3 1 0
github.com/k0sproject/rig/v2/sshconfig/options/options.go:371.2,371.34 1 0
github.com/k0sproject/rig/v2/sshconfig/options/options.go:371.34,373.3 1 0
github.com/k0sproject/rig/v2/sshconfig/options/options.go:374.2,374.12 1 0
github.com/k0sproject/rig/v2/sshconfig/options/options.go:378.69,379.19 1 0
github.com/k0sproject/rig/v2/sshconfig/options/options.go:380.25,381.29 1 0
github.com/k0sproject/rig/v2/sshconfig/options/options.go:382.25,383.30 1 0
github.com/k0sproject/rig/v2/sshconfig/options/options.go:386.2,386.13 1 0
github.com/k0sproject/rig/v2/sshconfig/options/options.go:386.13,388.3 1 0
github.com/k0sproject/rig/v2/sshconfig/options/options.go:390.2,390.84 1 0
github.com/k0sproject/rig/v2/sshconfig/options/options.go:394.45,396.2 1 0
github.com/k0sproject/rig/v2/sshconfig/options/options.go:402.46,404.2 1 0
github.com/k0sproject/rig/v2/sshconfig/options/options.go:407.46,409.15 2 0
github.com/k0sproject/rig/v2/sshconfig/options/options.go:409.15,411.3 1 0
github.com/k0sproject/rig/v2/sshconfig/options/options.go:412.2,412.28 1 0
github.com/k0sproject/rig/v2/sshconfig/options/options.go:412.28,414.3 1 0
github.com/k0sproject/rig/v2/sshconfig/options/options.go:415.2,415.33 1 0
github.com/k0sproject/rig/v2/sshconfig/options/options.go:415.33,417.3 1 0
github.com/k0sproject/rig/v2/sshconfig/options/options.go:418.2,418.34 1 0
github.com/k0sproject/rig/v2/sshconfig/options/options.go:418.34,420.3 1 0
github.com/k0sproject/rig/v2/sshconfig/options/options.go:421.2,421.12 1 0
github.com/k0sproject/rig/v2/sshconfig/options/options.go:426.71,428.2 1 0
github.com/k0sproject/rig/v2/sshconfig/options/options.go:439.53,441.2 1 0
github.com/k0sproject/rig/v2/sshconfig/options/options.go:444.54,446.2 1 0
github.com/k0sproject/rig/v2/sshconfig/options/options.go:449.55,451.2 1 0
github.com/k0sproject/rig/v2/sshconfig/options/options.go:454.58,457.2 2 0
github.com/k0sproject/rig/v2/sshconfig/options/options.go:460.73,461.48 1 0
github.com/k0sproject/rig/v2/sshconfig/options/options.go:461.48,463.3 1 0
github.com/k0sproject/rig/v2/sshconfig/options/options.go:464.2,465.16 2 0
github.com/k0sproject/rig/v2/sshconfig/options/options.go:465.16,467.3 1 0
github.com/k0sproject/rig/v2/sshconfig/options/options.go:468.2,468.49 1 0
github.com/k0sproject/rig/v2/sshconfig/options/options.go:472.89,473.19 1 0
github.com/k0sproject/rig/v2/sshconfig/options/options.go:474.25,475.45 1 0
github.com/k0sproject/rig/v2/sshconfig/options/options.go:476.25,477.46 1 0
github.com/k0sproject/rig/v2/sshconfig/options/options.go:480.2,480.21 1 0
github.com/k0sproject/rig/v2/sshconfig/options/options.go:480.21,482.3 1 0
github.com/k0sproject/rig/v2/sshconfig/options/options.go:483.2,483.94 1 0
github.com/k0sproject/rig/v2/sshconfig/options/options.go:487.41,488.46 1 0
github.com/k0sproject/rig/v2/sshconfig/options/options.go:488.46,490.3 1 0
github.com/k0sproject/rig/v2/sshconfig/options/options.go:491.2,491.10 1 0
github.com/k0sproject/rig/v2/sshconfig/options/options.go:556.55,557.42 1 0
github.com/k0sproject/rig/v2/sshconfig/options/options.go:557.42,559.3 1 0
github.com/k0sproject/rig/v2/sshconfig/options/options.go:560.2,560.77 1 0
github.com/k0sproject/rig/v2/sshconfig/options/options.go:564.38,565.13 1 0
github.com/k0sproject/rig/v2/sshconfig/options/options.go:565.13,567.3 1 0
github.com/k0sproject/rig/v2/sshconfig/options/options.go:568.2,568.18 1 0
github.com/k0sproject/rig/v2/sshconfig/options/options.go:582.85,583.19 1 0
github.com/k0sproject/rig/v2/sshconfig/options/options.go:584.25,585.44 1 0
github.com/k0sproject/rig/v2/sshconfig/options/options.go:586.25,587.43 1 0
github.com/k0sproject/rig/v2/sshconfig/options/options.go:588.17,589.48 1 0
github.com/k0sproject/rig/v2/sshconfig/options/options.go:590.20,591.50 1 0
github.com/k0sproject/rig/v2/sshconfig/options/options.go:593.2,593.92 1 0
github.com/k0sproject/rig/v2/sshconfig/options/options.go:597.53,599.2 1 0
github.com/k0sproject/rig/v2/sshconfig/options/options.go:602.51,604.2 1 0
github.com/k0sproject/rig/v2/sshconfig/options/options.go:607.52,609.2 1 0
github.com/k0sproject/rig/v2/sshconfig/options/options.go:620.43,621.38 1 0
github.com/k0sproject/rig/v2/sshconfig/options/options.go:621.38,623.3 1 0
github.com/k0sproject/rig/v2/sshconfig/options/options.go:624.2,625.9 2 0
github.com/k0sproject/rig/v2/sshconfig/options/options.go:626.70,627.53 1 0
github.com/k0sproject/rig/v2/sshconfig/options/options.go:628.60,629.48 1 0
github.com/k0sproject/rig/v2/sshconfig/options/options.go:630.48,631.41 1 0
github.com/k0sproject/rig/v2/sshconfig/options/options.go:632.10,633.51 1 0
github.com/k0sproject/rig/v2/sshconfig/options/options.go:635.2,635.19 1 0
github.com/k0sproject/rig/v2/sshconfig/options/options.go:635.19,637.30 2 0
github.com/k0sproject/rig/v2/sshconfig/options/options.go:637.30,640.4 1 0
github.com/k0sproject/rig/v2/sshconfig/options/options.go:640.9,642.4 1 0
github.com/k0sproject/rig/v2/sshconfig/options/options.go:644.2,644.20 1 0
github.com/k0sproject/rig/v2/sshconfig/options/options.go:647.52,651.15 3 0
github.com/k0sproject/rig/v2/sshconfig/options/options.go:651.15,654.3 2 0
github.com/k0sproject/rig/v2/sshconfig/options/options.go:656.2,657.17 2 0
github.com/k0sproject/rig/v2/sshconfig/options/options.go:657.17,660.3 2 0
github.com/k0sproject/rig/v2/sshconfig/options/options.go:662.2,663.17 2 0
github.com/k0sproject/rig/v2/sshconfig/options/options.go:663.17,665.3 1 0
github.com/k0sproject/rig/v2/sshconfig/options/options.go:667.2,667.32 1 0
github.com/k0sproject/rig/v2/sshconfig/options/options.go:681.65,682.19 1 0
github.com/k0sproject/rig/v2/sshconfig/options/options.go:683.25,684.34 1 0
github.com/k0sproject/rig/v2/sshconfig/options/options.go:685.25,686.33 1 0
github.com/k0sproject/rig/v2/sshconfig/options/options.go:687.15,688.36 1 0
github.com/k0sproject/rig/v2/sshconfig/options/options.go:689.15,690.35 1 0
github.com/k0sproject/rig/v2/sshconfig/options/options.go:692.2,692.82 1 0
github.com/k0sproject/rig/v2/sshconfig/options/options.go:696.41,698.2 1 0
github.com/k0sproject/rig/v2/sshconfig/options/options.go:701.42,703.2 1 0
github.com/k0sproject/rig/v2/sshconfig/options/options.go:706.43,708.2 1 0
github.com/k0sproject/rig/v2/sshconfig/options/options.go:721.87,722.19 1 0
github.com/k0sproject/rig/v2/sshconfig/options/options.go:723.25,724.45 1 0
github.com/k0sproject/rig/v2/sshconfig/options/options.go:725.32,726.44 1 0
github.com/k0sproject/rig/v2/sshconfig/options/options.go:727.20,728.51 1 0
github.com/k0sproject/rig/v2/sshconfig/options/options.go:729.14,730.45 1 0
github.com/k0sproject/rig/v2/sshconfig/options/options.go:732.2,732.93 1 0
github.com/k0sproject/rig/v2/sshconfig/options/options.go:736.52,738.2 1 0
github.com/k0sproject/rig/v2/sshconfig/options/options.go:741.53,743.2 1 0
github.com/k0sproject/rig/v2/sshconfig/options/options.go:746.51,748.2 1 0
github.com/k0sproject/rig/v2/sshconfig/options/options.go:751.57,753.2 1 0
github.com/k0sproject/rig/v2/sshconfig/options/options.go:756.54,758.2 1 0
github.com/k0sproject/rig/v2/sshconfig/options/options.go:771.57,772.19 1 0
github.com/k0sproject/rig/v2/sshconfig/options/options.go:773.25,774.30 1 0
github.com/k0sproject/rig/v2/sshconfig/options/options.go:775.25,776.29 1 0
github.com/k0sproject/rig/v2/sshconfig/options/options.go:777.24,778.39 1 0
github.com/k0sproject/rig/v2/sshconfig/options/options.go:779.18,780.35 1 0
github.com/k0sproject/rig/v2/sshconfig/options/options.go:782.2,782.78 1 0
github.com/k0sproject/rig/v2/sshconfig/options/options.go:786.37,788.2 1 0
github.com/k0sproject/rig/v2/sshconfig/options/options.go:791.38,793.2 1 0
github.com/k0sproject/rig/v2/sshconfig/options/options.go:796.39,798.2 1 0
github.com/k0sproject/rig/v2/sshconfig/options/options.go:810.73,811.19 1 0
github.com/k0sproject/rig/v2/sshconfig/options/options.go:812.25,813.38 1 0
github.com/k0sproject/rig/v2/sshconfig/options/options.go:814.25,815.37 1 0
github.com/k0sproject/rig/v2/sshconfig/options/options.go:816.14,817.38 1 0
github.com/k0sproject/rig/v2/sshconfig/options/options.go:819.2,819.86 1 0
github.com/k0sproject/rig/v2/sshconfig/options/options.go:823.45,825.2 1 0
github.com/k0sproject/rig/v2/sshconfig/options/options.go:828.46,830.2 1 0
github.com/k0sproject/rig/v2/sshconfig/options/options.go:833.44,835.2 1 0
github.com/k0sproject/rig/v2/sshconfig/options/options.go:838.47,840.2 1 0
github.com/k0sproject/rig/v2/sshconfig/options/options.go:852.77,853.19 1 0
github.com/k0sproject/rig/v2/sshconfig/options/options.go:854.25,855.40 1 0
github.com/k0sproject/rig/v2/sshconfig/options/options.go:856.25,857.39 1 0
github.com/k0sproject/rig/v2/sshconfig/options/options.go:858.14,859.40 1 0
github.com/k0sproject/rig/v2/sshconfig/options/options.go:861.2,861.86 1 0
github.com/k0sproject/rig/v2/sshconfig/options/options.go:865.47,867.2 1 0
github.com/k0sproject/rig/v2/sshconfig/options/options.go:870.48,872.2 1 0
github.com/k0sproject/rig/v2/sshconfig/options/options.go:875.46,877.2 1 0
github.com/k0sproject/rig/v2/sshconfig/options/options.go:880.49,882.2 1 0
github.com/k0sproject/rig/v2/sshconfig/options/options.go:893.65,894.28 1 0
github.com/k0sproject/rig/v2/sshconfig/options/options.go:894.28,896.3 1 0
github.com/k0sproject/rig/v2/sshconfig/options/options.go:897.2,897.14 1 0
github.com/k0sproject/rig/v2/sshconfig/options/options.go:897.14,899.3 1 0
github.com/k0sproject/rig/v2/sshconfig/options/options.go:900.2,900.49 1 0
github.com/k0sproject/rig/v2/sshconfig/options/options.go:900.49,902.3 1 0
github.com/k0sproject/rig/v2/sshconfig/options/options.go:903.2,903.82 1 0
github.com/k0sproject/rig/v2/sshconfig/options/options.go:907.43,909.2 1 0
github.com/k0sproject/rig/v2/sshconfig/options/options.go:912.41,914.2 1 0
github.com/k0sproject/rig/v2/sshconfig/options/options.go:917.39,918.31 1 0
github.com/k0sproject/rig/v2/sshconfig/options/options.go:918.31,920.3 1 0
github.com/k0sproject/rig/v2/sshconfig/options/options.go:922.2,922.17 1 0
github.com/k0sproject/rig/v2/sshconfig/options/options.go:922.17,924.3 1 0
github.com/k0sproject/rig/v2/sshconfig/options/options.go:926.2,926.32 1 0
github.com/k0sproject/rig/v2/sshconfig/options/options.go:926.32,928.3 1 0
github.com/k0sproject/rig/v2/sshconfig/options/options.go:930.2,930.10 1 0
github.com/k0sproject/rig/v2/protocol/winrm/config.go:32.32,33.56 1 1
github.com/k0sproject/rig/v2/protocol/winrm/config.go:33.56,35.3 1 1
github.com/k0sproject/rig/v2/protocol/winrm/config.go:37.2,37.54 1 1
github.com/k0sproject/rig/v2/protocol/winrm/config.go:37.54,39.3 1 1
github.com/k0sproject/rig/v2/protocol/winrm/config.go:41.2,41.53 1 1
github.com/k0sproject/rig/v2/protocol/winrm/config.go:41.53,43.3 1 1
github.com/k0sproject/rig/v2/protocol/winrm/config.go:45.2,45.16 1 1
github.com/k0sproject/rig/v2/protocol/winrm/config.go:46.9,47.21 1 0
github.com/k0sproject/rig/v2/protocol/winrm/config.go:48.13,49.17 1 0
github.com/k0sproject/rig/v2/protocol/winrm/config.go:50.11,51.17 1 0
github.com/k0sproject/rig/v2/protocol/winrm/config.go:53.12,54.20 1 0
github.com/k0sproject/rig/v2/protocol/winrm/config.go:59.35,60.21 1 0
github.com/k0sproject/rig/v2/protocol/winrm/config.go:60.21,62.3 1 0
github.com/k0sproject/rig/v2/protocol/winrm/config.go:64.2,64.35 1 0
github.com/k0sproject/rig/v2/protocol/winrm/config.go:64.35,66.3 1 0
github.com/k0sproject/rig/v2/protocol/winrm/config.go:68.2,68.22 1 0
github.com/k0sproject/rig/v2/protocol/winrm/config.go:68.22,69.46 1 0
github.com/k0sproject/rig/v2/protocol/winrm/config.go:69.46,71.4 1 0
github.com/k0sproject/rig/v2/protocol/winrm/config.go:74.2,74.77 1 0
github.com/k0sproject/rig/v2/protocol/winrm/config.go:74.77,76.3 1 0
github.com/k0sproject/rig/v2/protocol/winrm/config.go:78.2,78.12 1 0
github.com/k0sproject/rig/v2/protocol/winrm/config.go:82.60,85.2 2 0
github.com/k0sproject/rig/v2/protocol/winrm/config.go:88.34,90.2 1 0
github.com/k0sproject/rig/v2/protocol/winrm/connection.go:48.69,57.2 6 1
github.com/k0sproject/rig/v2/protocol/winrm/connection.go:60.40,62.2 1 0
github.com/k0sproject/rig/v2/protocol/winrm/connection.go:65.44,67.2 1 0
github.com/k0sproject/rig/v2/protocol/winrm/connection.go:70.41,72.2 1 0
github.com/k0sproject/rig/v2/protocol/winrm/connection.go:75.38,76.18 1 0
github.com/k0sproject/rig/v2/protocol/winrm/connection.go:76.18,78.3 1 0
github.com/k0sproject/rig/v2/protocol/winrm/connection.go:80.2,80.15 1 0
github.com/k0sproject/rig/v2/protocol/winrm/connection.go:84.39,86.2 1 0
github.com/k0sproject/rig/v2/protocol/winrm/connection.go:90.55,92.16 2 1
github.com/k0sproject/rig/v2/protocol/winrm/connection.go:92.16,93.23 1 1
github.com/k0sproject/rig/v2/protocol/winrm/connection.go:93.23,95.4 1 1
github.com/k0sproject/rig/v2/protocol/winrm/connection.go:96.3,96.13 1 1
github.com/k0sproject/rig/v2/protocol/winrm/connection.go:98.2,98.36 1 0
github.com/k0sproject/rig/v2/protocol/winrm/connection.go:98.36,100.3 1 0
github.com/k0sproject/rig/v2/protocol/winrm/connection.go:101.2,101.12 1 0
github.com/k0sproject/rig/v2/protocol/winrm/connection.go:109.34,110.16 1 1
github.com/k0sproject/rig/v2/protocol/winrm/connection.go:110.16,112.3 1 1
github.com/k0sproject/rig/v2/protocol/winrm/connection.go:113.2,117.52 2 1
github.com/k0sproject/rig/v2/protocol/winrm/connection.go:123.57,124.22 1 1
github.com/k0sproject/rig/v2/protocol/winrm/connection.go:124.22,126.3 1 0
github.com/k0sproject/rig/v2/protocol/winrm/connection.go:127.2,128.40 2 1
github.com/k0sproject/rig/v2/protocol/winrm/connection.go:128.40,129.54 1 1
github.com/k0sproject/rig/v2/protocol/winrm/connection.go:129.54,131.4 1 1
github.com/k0sproject/rig/v2/protocol/winrm/connection.go:133.2,133.16 1 0
github.com/k0sproject/rig/v2/protocol/winrm/connection.go:138.41,142.16 4 1
github.com/k0sproject/rig/v2/protocol/winrm/connection.go:142.16,144.3 1 1
github.com/k0sproject/rig/v2/protocol/winrm/connection.go:145.2,147.28 3 0
github.com/k0sproject/rig/v2/protocol/winrm/connection.go:150.47,152.24 2 1
github.com/k0sproject/rig/v2/protocol/winrm/connection.go:152.24,154.17 2 0
github.com/k0sproject/rig/v2/protocol/winrm/connection.go:154.17,156.4 1 0
github.com/k0sproject/rig/v2/protocol/winrm/connection.go:157.3,157.16 1 0
github.com/k0sproject/rig/v2/protocol/winrm/connection.go:160.2,161.22 2 1
github.com/k0sproject/rig/v2/protocol/winrm/connection.go:161.22,163.17 2 0
github.com/k0sproject/rig/v2/protocol/winrm/connection.go:163.17,165.4 1 0
github.com/k0sproject/rig/v2/protocol/winrm/connection.go:166.3,166.16 1 0
github.com/k0sproject/rig/v2/protocol/winrm/connection.go:169.2,170.21 2 1
github.com/k0sproject/rig/v2/protocol/winrm/connection.go:170.21,172.17 2 0
github.com/k0sproject/rig/v2/protocol/winrm/connection.go:172.17,174.4 1 0
github.com/k0sproject/rig/v2/protocol/winrm/connection.go:175.3,175.14 1 0
github.com/k0sproject/rig/v2/protocol/winrm/connection.go:178.2,178.12 1 1
github.com/k0sproject/rig/v2/protocol/winrm/connection.go:181.92,183.16 2 0
github.com/k0sproject/rig/v2/protocol/winrm/connection.go:183.16,185.3 1 0
github.com/k0sproject/rig/v2/protocol/winrm/connection.go:186.2,187.9 2 0
github.com/k0sproject/rig/v2/protocol/winrm/connection.go:187.9,189.3 1 0
github.com/k0sproject/rig/v2/protocol/winrm/connection.go:190.2,191.48 2 0
github.com/k0sproject/rig/v2/protocol/winrm/connection.go:191.48,192.49 1 0
github.com/k0sproject/rig/v2/protocol/winrm/connection.go:192.49,194.4 1 0
github.com/k0sproject/rig/v2/protocol/winrm/connection.go:195.3,195.58 1 0
github.com/k0sproject/rig/v2/protocol/winrm/connection.go:197.2,197.41 1 0
github.com/k0sproject/rig/v2/protocol/winrm/connection.go:201.57,204.45 2 1
github.com/k0sproject/rig/v2/protocol/winrm/connection.go:204.45,206.3 1 0
github.com/k0sproject/rig/v2/protocol/winrm/connection.go:208.2,217.23 2 1
github.com/k0sproject/rig/v2/protocol/winrm/connection.go:217.23,219.3 1 0
github.com/k0sproject/rig/v2/protocol/winrm/connection.go:221.2,221.21 1 1
github.com/k0sproject/rig/v2/protocol/winrm/connection.go:221.21,223.3 1 0
github.com/k0sproject/rig/v2/protocol/winrm/connection.go:225.2,225.20 1 1
github.com/k0sproject/rig/v2/protocol/winrm/connection.go:225.20,227.3 1 0
github.com/k0sproject/rig/v2/protocol/winrm/connection.go:229.2,231.22 2 1
github.com/k0sproject/rig/v2/protocol/winrm/connection.go:231.22,233.17 2 0
github.com/k0sproject/rig/v2/protocol/winrm/connection.go:233.17,235.4 1 0
github.com/k0sproject/rig/v2/protocol/winrm/connection.go:236.3,239.16 4 0
github.com/k0sproject/rig/v2/protocol/winrm/connection.go:242.2,242.15 1 1
github.com/k0sproject/rig/v2/protocol/winrm/connection.go:242.15,243.56 1 0
github.com/k0sproject/rig/v2/protocol/winrm/connection.go:243.56,243.86 1 0
github.com/k0sproject/rig/v2/protocol/winrm/connection.go:246.2,246.35 1 1
github.com/k0sproject/rig/v2/protocol/winrm/connection.go:246.35,247.56 1 0
github.com/k0sproject/rig/v2/protocol/winrm/connection.go:247.56,247.93 1 0
github.com/k0sproject/rig/v2/protocol/winrm/connection.go:250.2,251.16 2 1
github.com/k0sproject/rig/v2/protocol/winrm/connection.go:251.16,254.3 2 0
github.com/k0sproject/rig/v2/protocol/winrm/connection.go:256.2,260.37 4 1
github.com/k0sproject/rig/v2/protocol/winrm/connection.go:260.37,263.3 2 1
github.com/k0sproject/rig/v2/protocol/winrm/connection.go:265.2,265.12 1 0
github.com/k0sproject/rig/v2/protocol/winrm/connection.go:269.35,275.20 6 1
github.com/k0sproject/rig/v2/protocol/winrm/connection.go:275.20,277.3 1 0
github.com/k0sproject/rig/v2/protocol/winrm/connection.go:287.32,296.27 7 0
github.com/k0sproject/rig/v2/protocol/winrm/connection.go:296.27,298.3 1 0
github.com/k0sproject/rig/v2/protocol/winrm/connection.go:300.2,300.12 1 0
github.com/k0sproject/rig/v2/protocol/winrm/connection.go:304.33,305.38 1 0
github.com/k0sproject/rig/v2/protocol/winrm/connection.go:305.38,307.3 1 0
github.com/k0sproject/rig/v2/protocol/winrm/connection.go:308.2,308.12 1 0
github.com/k0sproject/rig/v2/protocol/winrm/connection.go:313.136,317.19 4 1
github.com/k0sproject/rig/v2/protocol/winrm/connection.go:317.19,319.3 1 0
github.com/k0sproject/rig/v2/protocol/winrm/connection.go:320.2,320.21 1 1
github.com/k0sproject/rig/v2/protocol/winrm/connection.go:320.21,322.3 1 0
github.com/k0sproject/rig/v2/protocol/winrm/connection.go:324.2,325.16 2 1
github.com/k0sproject/rig/v2/protocol/winrm/connection.go:325.16,327.3 1 1
github.com/k0sproject/rig/v2/protocol/winrm/connection.go:328.2,329.16 2 0
github.com/k0sproject/rig/v2/protocol/winrm/connection.go:329.16,332.3 2 0
github.com/k0sproject/rig/v2/protocol/winrm/connection.go:333.2,335.18 3 0
github.com/k0sproject/rig/v2/protocol/winrm/connection.go:335.18,337.3 1 0
github.com/k0sproject/rig/v2/protocol/winrm/connection.go:337.8,338.20 1 0
github.com/k0sproject/rig/v2/protocol/winrm/connection.go:338.20,340.18 2 0
github.com/k0sproject/rig/v2/protocol/winrm/connection.go:340.18,343.5 2 0
github.com/k0sproject/rig/v2/protocol/winrm/connection.go:344.4,344.77 1 0
github.com/k0sproject/rig/v2/protocol/winrm/connection.go:347.2,347.19 1 0
github.com/k0sproject/rig/v2/protocol/winrm/connection.go:347.19,349.3 1 0
github.com/k0sproject/rig/v2/protocol/winrm/connection.go:350.2,350.19 1 0
github.com/k0sproject/rig/v2/protocol/winrm/connection.go:350.19,352.3 1 0
github.com/k0sproject/rig/v2/protocol/winrm/connection.go:353.2,354.12 2 0
github.com/k0sproject/rig/v2/protocol/winrm/connection.go:354.12,357.17 3 0
github.com/k0sproject/rig/v2/protocol/winrm/connection.go:357.17,360.4 2 0
github.com/k0sproject/rig/v2/protocol/winrm/connection.go:361.3,361.71 1 0
github.com/k0sproject/rig/v2/protocol/winrm/connection.go:363.2,363.12 1 0
github.com/k0sproject/rig/v2/protocol/winrm/connection.go:363.12,366.17 3 0
github.com/k0sproject/rig/v2/protocol/winrm/connection.go:366.17,369.4 2 0
github.com/k0sproject/rig/v2/protocol/winrm/connection.go:370.3,370.71 1 0
github.com/k0sproject/rig/v2/protocol/winrm/connection.go:372.2,372.17 1 0
github.com/k0sproject/rig/v2/protocol/winrm/connection.go:377.120,381.19 4 0
github.com/k0sproject/rig/v2/protocol/winrm/connection.go:381.19,383.3 1 0
github.com/k0sproject/rig/v2/protocol/winrm/connection.go:384.2,384.15 1 0
github.com/k0sproject/rig/v2/protocol/winrm/connection.go:384.15,386.3 1 0
github.com/k0sproject/rig/v2/protocol/winrm/connection.go:387.2,388.16 2 0
github.com/k0sproject/rig/v2/protocol/winrm/connection.go:388.16,389.23 1 0
github.com/k0sproject/rig/v2/protocol/winrm/connection.go:389.23,391.4 1 0
github.com/k0sproject/rig/v2/protocol/winrm/connection.go:392.3,392.68 1 0
github.com/k0sproject/rig/v2/protocol/winrm/connection.go:394.2,394.12 1 0
github.com/k0sproject/rig/v2/protocol/winrm/options.go:14.42,16.27 2 1
github.com/k0sproject/rig/v2/protocol/winrm/options.go:16.27,18.3 1 0
github.com/k0sproject/rig/v2/protocol/winrm/options.go:19.2,19.10 1 1
github.com/k0sproject/rig/v2/protocol/winrm/options.go:23.38,24.26 1 0
github.com/k0sproject/rig/v2/protocol/winrm/options.go:24.26,26.3 1 0
github.com/k0sproject/rig/v2/redact/reader.go:23.68,26.32 3 1
github.com/k0sproject/rig/v2/redact/reader.go:26.32,29.3 2 1
github.com/k0sproject/rig/v2/redact/reader.go:30.2,37.3 1 1
github.com/k0sproject/rig/v2/redact/reader.go:41.53,42.35 1 1
github.com/k0sproject/rig/v2/redact/reader.go:42.35,44.3 1 1
github.com/k0sproject/rig/v2/redact/reader.go:46.2,46.22 1 1
github.com/k0sproject/rig/v2/redact/reader.go:49.56,50.6 1 1
github.com/k0sproject/rig/v2/redact/reader.go:50.6,51.23 1 1
github.com/k0sproject/rig/v2/redact/reader.go:51.23,54.45 2 1
github.com/k0sproject/rig/v2/redact/reader.go:54.45,56.5 1 0
github.com/k0sproject/rig/v2/redact/reader.go:57.4,57.17 1 1
github.com/k0sproject/rig/v2/redact/reader.go:62.3,63.17 2 1
github.com/k0sproject/rig/v2/redact/reader.go:63.17,64.31 1 1
github.com/k0sproject/rig/v2/redact/reader.go:64.31,66.5 1 0
github.com/k0sproject/rig/v2/redact/reader.go:68.4,68.19 1 1
github.com/k0sproject/rig/v2/redact/reader.go:71.3,71.45 1 1
github.com/k0sproject/rig/v2/redact/reader.go:71.45,73.4 1 0
github.com/k0sproject/rig/v2/redact/reader.go:75.3,75.15 1 1
github.com/k0sproject/rig/v2/redact/reader.go:75.15,76.24 1 1
github.com/k0sproject/rig/v2/redact/reader.go:76.24,79.5 1 1
github.com/k0sproject/rig/v2/redact/reader.go:80.4,80.25 1 1
github.com/k0sproject/rig/v2/redact/reader.go:80.25,83.5 1 1
github.com/k0sproject/rig/v2/redact/reader.go:88.48,89.35 1 1
github.com/k0sproject/rig/v2/redact/reader.go:89.35,91.3 1 1
github.com/k0sproject/rig/v2/redact/reader.go:93.2,98.37 4 1
github.com/k0sproject/rig/v2/redact/reader.go:98.37,100.33 2 1
github.com/k0sproject/rig/v2/redact/reader.go:100.33,102.4 1 1
github.com/k0sproject/rig/v2/redact/reader.go:103.3,103.70 1 1
github.com/k0sproject/rig/v2/redact/reader.go:103.70,105.4 1 1
github.com/k0sproject/rig/v2/redact/reader.go:108.2,108.23 1 1
github.com/k0sproject/rig/v2/redact/reader.go:108.23,109.25 1 1
github.com/k0sproject/rig/v2/redact/reader.go:109.25,112.4 1 1
github.com/k0sproject/rig/v2/redact/reader.go:112.9,112.30 1 1
github.com/k0sproject/rig/v2/redact/reader.go:112.30,115.4 1 1
github.com/k0sproject/rig/v2/redact/reader.go:116.3,116.13 1 1
github.com/k0sproject/rig/v2/redact/reader.go:120.2,120.42 1 1
github.com/k0sproject/rig/v2/redact/reader.go:120.42,122.3 1 1
github.com/k0sproject/rig/v2/redact/reader.go:125.2,126.32 2 1
github.com/k0sproject/rig/v2/redact/reader.go:126.32,127.28 1 1
github.com/k0sproject/rig/v2/redact/reader.go:127.28,128.12 1 0
github.com/k0sproject/rig/v2/redact/reader.go:131.3,131.28 1 1
github.com/k0sproject/rig/v2/redact/reader.go:131.28,133.4 1 1
github.com/k0sproject/rig/v2/redact/reader.go:136.3,141.22 3 1
github.com/k0sproject/rig/v2/redact/reader.go:144.2,144.24 1 1
github.com/k0sproject/rig/v2/redact/reader.go:144.24,146.49 1 1
github.com/k0sproject/rig/v2/redact/reader.go:146.49,148.4 1 0
github.com/k0sproject/rig/v2/redact/reader.go:149.8,149.51 1 1
github.com/k0sproject/rig/v2/redact/reader.go:149.51,152.3 1 1
github.com/k0sproject/rig/v2/redact/reader.go:154.2,154.12 1 1
github.com/k0sproject/rig/v2/redact/redact.go:18.38,20.2 1 0
github.com/k0sproject/rig/v2/redact/redact.go:24.55,24.67 1 1
github.com/k0sproject/rig/v2/redact/redact.go:25.55,25.69 1 0
github.com/k0sproject/rig/v2/redact/redact.go:26.60,27.39 1 0
github.com/k0sproject/rig/v2/redact/redact.go:27.39,29.3 1 0
github.com/k0sproject/rig/v2/redact/redact.go:30.2,30.29 1 0
github.com/k0sproject/rig/v2/redact/redact.go:40.62,41.23 1 1
github.com/k0sproject/rig/v2/redact/redact.go:41.23,43.3 1 0
github.com/k0sproject/rig/v2/redact/redact.go:44.2,45.32 2 1
github.com/k0sproject/rig/v2/redact/redact.go:45.32,46.18 1 1
github.com/k0sproject/rig/v2/redact/redact.go:46.18,47.12 1 1
github.com/k0sproject/rig/v2/redact/redact.go:49.3,49.36 1 1
github.com/k0sproject/rig/v2/redact/redact.go:49.36,51.12 1 1
github.com/k0sproject/rig/v2/redact/redact.go:53.3,53.41 1 1
github.com/k0sproject/rig/v2/redact/redact.go:55.2,55.26 1 1
github.com/k0sproject/rig/v2/redact/redact.go:55.26,57.3 1 1
github.com/k0sproject/rig/v2/redact/redact.go:58.2,58.42 1 1
github.com/k0sproject/rig/v2/redact/redact.go:66.50,67.34 1 1
github.com/k0sproject/rig/v2/redact/redact.go:67.34,69.31 2 1
github.com/k0sproject/rig/v2/redact/redact.go:69.31,73.12 1 1
github.com/k0sproject/rig/v2/redact/redact.go:78.3,78.61 1 1
github.com/k0sproject/rig/v2/redact/redact.go:78.61,80.4 1 1
github.com/k0sproject/rig/v2/redact/redact.go:82.2,82.10 1 1
github.com/k0sproject/rig/v2/redact/writer.go:21.73,23.32 2 1
github.com/k0sproject/rig/v2/redact/writer.go:23.32,25.3 1 1
github.com/k0sproject/rig/v2/redact/writer.go:26.2,32.3 1 1
github.com/k0sproject/rig/v2/redact/writer.go:35.54,36.15 1 1
github.com/k0sproject/rig/v2/redact/writer.go:36.15,38.3 1 0
github.com/k0sproject/rig/v2/redact/writer.go:41.2,42.16 2 1
github.com/k0sproject/rig/v2/redact/writer.go:42.16,44.3 1 0
github.com/k0sproject/rig/v2/redact/writer.go:47.2,47.44 1 1
github.com/k0sproject/rig/v2/redact/writer.go:47.44,49.3 1 0
github.com/k0sproject/rig/v2/redact/writer.go:52.2,52.22 1 1
github.com/k0sproject/rig/v2/redact/writer.go:52.22,54.3 1 1
github.com/k0sproject/rig/v2/redact/writer.go:56.2,56.20 1 1
github.com/k0sproject/rig/v2/redact/writer.go:59.39,62.2 2 1
github.com/k0sproject/rig/v2/redact/writer.go:64.39,67.35 2 1
github.com/k0sproject/rig/v2/redact/writer.go:67.35,69.3 1 0
github.com/k0sproject/rig/v2/redact/writer.go:73.2,74.12 2 1
github.com/k0sproject/rig/v2/redact/writer.go:82.48,88.37 4 1
github.com/k0sproject/rig/v2/redact/writer.go:88.37,90.33 2 1
github.com/k0sproject/rig/v2/redact/writer.go:90.33,92.4 1 1
github.com/k0sproject/rig/v2/redact/writer.go:93.3,93.70 1 1
github.com/k0sproject/rig/v2/redact/writer.go:93.70,95.4 1 1
github.com/k0sproject/rig/v2/redact/writer.go:98.2,98.43 1 1
github.com/k0sproject/rig/v2/redact/writer.go:98.43,99.25 1 1
github.com/k0sproject/rig/v2/redact/writer.go:99.25,102.4 1 1
github.com/k0sproject/rig/v2/redact/writer.go:102.9,102.30 1 1
github.com/k0sproject/rig/v2/redact/writer.go:102.30,105.4 1 1
github.com/k0sproject/rig/v2/redact/writer.go:106.3,106.13 1 1
github.com/k0sproject/rig/v2/redact/writer.go:110.2,110.42 1 1
github.com/k0sproject/rig/v2/redact/writer.go:110.42,112.3 1 1
github.com/k0sproject/rig/v2/redact/writer.go:115.2,116.32 2 1
github.com/k0sproject/rig/v2/redact/writer.go:116.32,117.28 1 1
github.com/k0sproject/rig/v2/redact/writer.go:117.28,118.12 1 0
github.com/k0sproject/rig/v2/redact/writer.go:121.3,121.28 1 1
github.com/k0sproject/rig/v2/redact/writer.go:121.28,123.4 1 1
github.com/k0sproject/rig/v2/redact/writer.go:125.3,130.22 3 1
github.com/k0sproject/rig/v2/redact/writer.go:133.2,133.24 1 1
github.com/k0sproject/rig/v2/redact/writer.go:133.24,135.49 1 1
github.com/k0sproject/rig/v2/redact/writer.go:135.49,137.4 1 1
github.com/k0sproject/rig/v2/redact/writer.go:138.8,138.29 1 1
github.com/k0sproject/rig/v2/redact/writer.go:138.29,141.3 1 1
github.com/k0sproject/rig/v2/redact/writer.go:143.2,143.12 1 1
github.com/k0sproject/rig/v2/remotefs/createtemp.go:14.59,15.15 1 0
github.com/k0sproject/rig/v2/remotefs/createtemp.go:15.15,17.3 1 0
github.com/k0sproject/rig/v2/remotefs/createtemp.go:19.2,20.16 2 0
github.com/k0sproject/rig/v2/remotefs/createtemp.go:20.16,22.3 1 0
github.com/k0sproject/rig/v2/remotefs/createtemp.go:24.2,26.9 2 0
github.com/k0sproject/rig/v2/remotefs/createtemp.go:27.21,28.34 1 0
github.com/k0sproject/rig/v2/remotefs/createtemp.go:29.38,30.61 1 0
github.com/k0sproject/rig/v2/remotefs/createtemp.go:31.10,32.39 1 0
github.com/k0sproject/rig/v2/remotefs/createtemp.go:34.2,35.16 2 0
github.com/k0sproject/rig/v2/remotefs/createtemp.go:35.16,37.3 1 0
github.com/k0sproject/rig/v2/remotefs/createtemp.go:38.2,38.15 1 0
github.com/k0sproject/rig/v2/remotefs/defaultprovider.go:13.52,18.3 4 0
github.com/k0sproject/rig/v2/remotefs/defaultprovider.go:34.30,36.2 1 0
github.com/k0sproject/rig/v2/remotefs/defaultprovider.go:39.35,40.43 1 0
github.com/k0sproject/rig/v2/remotefs/defaultprovider.go:40.43,41.21 1 0
github.com/k0sproject/rig/v2/remotefs/defaultprovider.go:41.21,43.4 1 0
github.com/k0sproject/rig/v2/remotefs/defaultprovider.go:44.3,44.31 1 0
github.com/k0sproject/rig/v2/remotefs/defaultprovider.go:49.33,50.43 1 0
github.com/k0sproject/rig/v2/remotefs/defaultprovider.go:50.43,51.20 1 0
github.com/k0sproject/rig/v2/remotefs/defaultprovider.go:51.20,53.4 1 0
github.com/k0sproject/rig/v2/remotefs/defaultprovider.go:54.3,54.29 1 0
github.com/k0sproject/rig/v2/remotefs/direntrybuffer.go:13.63,14.42 1 1
github.com/k0sproject/rig/v2/remotefs/direntrybuffer.go:14.42,18.23 2 1
github.com/k0sproject/rig/v2/remotefs/direntrybuffer.go:18.23,20.4 1 1
github.com/k0sproject/rig/v2/remotefs/direntrybuffer.go:23.3,23.16 1 0
github.com/k0sproject/rig/v2/remotefs/direntrybuffer.go:26.2,26.42 1 1
github.com/k0sproject/rig/v2/remotefs/direntrybuffer.go:33.61,34.25 1 1
github.com/k0sproject/rig/v2/remotefs/direntrybuffer.go:34.25,36.3 1 1
github.com/k0sproject/rig/v2/remotefs/direntrybuffer.go:38.2,38.12 1 1
github.com/k0sproject/rig/v2/remotefs/direntrybuffer.go:38.12,40.3 1 1
github.com/k0sproject/rig/v2/remotefs/direntrybuffer.go:42.2,42.33 1 1
github.com/k0sproject/rig/v2/remotefs/direntrybuffer.go:42.33,44.3 1 1
github.com/k0sproject/rig/v2/remotefs/direntrybuffer.go:47.2,49.21 3 1
github.com/k0sproject/rig/v2/remotefs/fileinfo.go:31.50,34.46 3 0
github.com/k0sproject/rig/v2/remotefs/fileinfo.go:34.46,36.3 1 0
github.com/k0sproject/rig/v2/remotefs/fileinfo.go:37.2,39.12 3 0
github.com/k0sproject/rig/v2/remotefs/fileinfo.go:43.34,45.2 1 0
github.com/k0sproject/rig/v2/remotefs/fileinfo.go:48.38,50.2 1 0
github.com/k0sproject/rig/v2/remotefs/fileinfo.go:53.33,55.2 1 0
github.com/k0sproject/rig/v2/remotefs/fileinfo.go:58.39,59.18 1 1
github.com/k0sproject/rig/v2/remotefs/fileinfo.go:59.18,61.3 1 0
github.com/k0sproject/rig/v2/remotefs/fileinfo.go:62.2,62.16 1 1
github.com/k0sproject/rig/v2/remotefs/fileinfo.go:66.40,68.2 1 0
github.com/k0sproject/rig/v2/remotefs/fileinfo.go:71.33,73.2 1 1
github.com/k0sproject/rig/v2/remotefs/fileinfo.go:76.30,78.2 1 0
github.com/k0sproject/rig/v2/remotefs/fileinfo.go:81.39,83.2 1 0
github.com/k0sproject/rig/v2/remotefs/fileinfo.go:86.48,88.2 1 0
github.com/k0sproject/rig/v2/remotefs/fsys.go:7.29,8.19 1 0
github.com/k0sproject/rig/v2/remotefs/fsys.go:8.19,10.3 1 0
github.com/k0sproject/rig/v2/remotefs/fsys.go:11.2,11.22 1 0
github.com/k0sproject/rig/v2/remotefs/http.go:30.50,31.54 1 1
github.com/k0sproject/rig/v2/remotefs/http.go:31.54,33.3 1 0
github.com/k0sproject/rig/v2/remotefs/http.go:34.2,34.40 1 1
github.com/k0sproject/rig/v2/remotefs/http.go:35.23,35.23 0 1
github.com/k0sproject/rig/v2/remotefs/http.go:36.10,37.67 1 1
github.com/k0sproject/rig/v2/remotefs/http.go:39.2,39.23 1 1
github.com/k0sproject/rig/v2/remotefs/http.go:39.23,41.3 1 1
github.com/k0sproject/rig/v2/remotefs/http.go:42.2,42.24 1 1
github.com/k0sproject/rig/v2/remotefs/http.go:42.24,44.3 1 1
github.com/k0sproject/rig/v2/remotefs/http.go:45.2,45.12 1 1
github.com/k0sproject/rig/v2/remotefs/http.go:64.84,66.16 2 1
github.com/k0sproject/rig/v2/remotefs/http.go:66.16,68.3 1 0
github.com/k0sproject/rig/v2/remotefs/http.go:69.2,70.16 2 1
github.com/k0sproject/rig/v2/remotefs/http.go:70.16,72.3 1 1
github.com/k0sproject/rig/v2/remotefs/http.go:73.2,74.29 2 1
github.com/k0sproject/rig/v2/remotefs/http.go:79.86,81.43 2 1
github.com/k0sproject/rig/v2/remotefs/http.go:81.43,83.3 1 0
github.com/k0sproject/rig/v2/remotefs/http.go:84.2,85.16 2 1
github.com/k0sproject/rig/v2/remotefs/http.go:85.16,87.3 1 0
github.com/k0sproject/rig/v2/remotefs/http.go:88.2,89.6 2 1
github.com/k0sproject/rig/v2/remotefs/http.go:89.6,91.17 2 1
github.com/k0sproject/rig/v2/remotefs/http.go:91.17,93.4 1 1
github.com/k0sproject/rig/v2/remotefs/http.go:94.3,94.45 1 1
github.com/k0sproject/rig/v2/remotefs/http.go:94.45,96.4 1 1
github.com/k0sproject/rig/v2/remotefs/http.go:97.3,97.24 1 0
github.com/k0sproject/rig/v2/remotefs/patchfile.go:32.35,33.46 1 1
github.com/k0sproject/rig/v2/remotefs/patchfile.go:33.46,33.83 1 1
github.com/k0sproject/rig/v2/remotefs/patchfile.go:37.34,38.46 1 1
github.com/k0sproject/rig/v2/remotefs/patchfile.go:38.46,38.66 1 1
github.com/k0sproject/rig/v2/remotefs/patchfile.go:42.37,43.46 1 1
github.com/k0sproject/rig/v2/remotefs/patchfile.go:43.46,43.82 1 1
github.com/k0sproject/rig/v2/remotefs/patchfile.go:48.40,50.16 2 1
github.com/k0sproject/rig/v2/remotefs/patchfile.go:50.16,52.3 1 1
github.com/k0sproject/rig/v2/remotefs/patchfile.go:53.2,53.38 1 1
github.com/k0sproject/rig/v2/remotefs/patchfile.go:58.40,59.22 1 1
github.com/k0sproject/rig/v2/remotefs/patchfile.go:59.22,61.3 1 1
github.com/k0sproject/rig/v2/remotefs/patchfile.go:62.2,62.21 1 1
github.com/k0sproject/rig/v2/remotefs/patchfile.go:62.21,64.3 1 1
github.com/k0sproject/rig/v2/remotefs/patchfile.go:65.2,65.12 1 1
github.com/k0sproject/rig/v2/remotefs/patchfile.go:70.35,71.39 1 1
github.com/k0sproject/rig/v2/remotefs/patchfile.go:71.39,73.3 1 1
github.com/k0sproject/rig/v2/remotefs/patchfile.go:74.2,74.12 1 1
github.com/k0sproject/rig/v2/remotefs/patchfile.go:87.58,88.42 1 1
github.com/k0sproject/rig/v2/remotefs/patchfile.go:88.42,90.3 1 1
github.com/k0sproject/rig/v2/remotefs/patchfile.go:91.2,91.40 1 1
github.com/k0sproject/rig/v2/remotefs/patchfile.go:91.40,93.3 1 0
github.com/k0sproject/rig/v2/remotefs/patchfile.go:94.2,94.61 1 1
github.com/k0sproject/rig/v2/remotefs/patchfile.go:94.61,95.27 1 1
github.com/k0sproject/rig/v2/remotefs/patchfile.go:95.27,96.19 1 1
github.com/k0sproject/rig/v2/remotefs/patchfile.go:96.19,99.5 2 1
github.com/k0sproject/rig/v2/remotefs/patchfile.go:101.3,101.34 1 1
github.com/k0sproject/rig/v2/remotefs/patchfile.go:106.44,107.42 1 1
github.com/k0sproject/rig/v2/remotefs/patchfile.go:107.42,109.3 1 1
github.com/k0sproject/rig/v2/remotefs/patchfile.go:110.2,110.61 1 1
github.com/k0sproject/rig/v2/remotefs/patchfile.go:110.61,112.27 2 1
github.com/k0sproject/rig/v2/remotefs/patchfile.go:112.27,113.20 1 1
github.com/k0sproject/rig/v2/remotefs/patchfile.go:113.20,115.5 1 1
github.com/k0sproject/rig/v2/remotefs/patchfile.go:117.3,117.21 1 1
github.com/k0sproject/rig/v2/remotefs/patchfile.go:122.41,123.40 1 1
github.com/k0sproject/rig/v2/remotefs/patchfile.go:123.40,125.3 1 1
github.com/k0sproject/rig/v2/remotefs/patchfile.go:126.2,126.61 1 1
github.com/k0sproject/rig/v2/remotefs/patchfile.go:126.61,127.35 1 1
github.com/k0sproject/rig/v2/remotefs/patchfile.go:127.35,129.4 1 1
github.com/k0sproject/rig/v2/remotefs/patchfile.go:130.3,130.34 1 1
github.com/k0sproject/rig/v2/remotefs/patchfile.go:136.54,137.42 1 1
github.com/k0sproject/rig/v2/remotefs/patchfile.go:137.42,139.3 1 0
github.com/k0sproject/rig/v2/remotefs/patchfile.go:140.2,140.40 1 1
github.com/k0sproject/rig/v2/remotefs/patchfile.go:140.40,142.3 1 0
github.com/k0sproject/rig/v2/remotefs/patchfile.go:143.2,143.61 1 1
github.com/k0sproject/rig/v2/remotefs/patchfile.go:143.61,144.27 1 1
github.com/k0sproject/rig/v2/remotefs/patchfile.go:144.27,145.19 1 1
github.com/k0sproject/rig/v2/remotefs/patchfile.go:145.19,151.5 5 1
github.com/k0sproject/rig/v2/remotefs/patchfile.go:153.3,153.20 1 1
github.com/k0sproject/rig/v2/remotefs/patchfile.go:159.55,160.42 1 1
github.com/k0sproject/rig/v2/remotefs/patchfile.go:160.42,162.3 1 0
github.com/k0sproject/rig/v2/remotefs/patchfile.go:163.2,163.40 1 1
github.com/k0sproject/rig/v2/remotefs/patchfile.go:163.40,165.3 1 0
github.com/k0sproject/rig/v2/remotefs/patchfile.go:166.2,166.61 1 1
github.com/k0sproject/rig/v2/remotefs/patchfile.go:166.61,167.27 1 1
github.com/k0sproject/rig/v2/remotefs/patchfile.go:167.27,168.19 1 1
github.com/k0sproject/rig/v2/remotefs/patchfile.go:168.19,174.5 5 1
github.com/k0sproject/rig/v2/remotefs/patchfile.go:176.3,176.20 1 1
github.com/k0sproject/rig/v2/remotefs/patchfile.go:182.65,184.2 1 1
github.com/k0sproject/rig/v2/remotefs/patchfile.go:187.70,188.28 1 1
github.com/k0sproject/rig/v2/remotefs/patchfile.go:188.28,189.19 1 1
github.com/k0sproject/rig/v2/remotefs/patchfile.go:189.19,191.4 1 1
github.com/k0sproject/rig/v2/remotefs/patchfile.go:192.3,192.21 1 1
github.com/k0sproject/rig/v2/remotefs/patchfile.go:192.21,194.4 1 1
github.com/k0sproject/rig/v2/remotefs/patchfile.go:195.3,197.17 3 1
github.com/k0sproject/rig/v2/remotefs/patchfile.go:197.17,199.4 1 0
github.com/k0sproject/rig/v2/remotefs/patchfile.go:201.2,201.19 1 1
github.com/k0sproject/rig/v2/remotefs/patchfile.go:206.77,208.42 2 1
github.com/k0sproject/rig/v2/remotefs/patchfile.go:208.42,210.3 1 1
github.com/k0sproject/rig/v2/remotefs/patchfile.go:211.2,212.10 2 1
github.com/k0sproject/rig/v2/remotefs/patchfile.go:212.10,214.3 1 1
github.com/k0sproject/rig/v2/remotefs/patchfile.go:215.2,215.17 1 1
github.com/k0sproject/rig/v2/remotefs/patchfile.go:229.47,230.31 1 1
github.com/k0sproject/rig/v2/remotefs/patchfile.go:230.31,233.3 2 1
github.com/k0sproject/rig/v2/remotefs/patchfile.go:242.89,244.9 2 1
github.com/k0sproject/rig/v2/remotefs/patchfile.go:245.22,250.67 1 1
github.com/k0sproject/rig/v2/remotefs/patchfile.go:250.67,252.4 1 1
github.com/k0sproject/rig/v2/remotefs/patchfile.go:253.3,254.17 2 1
github.com/k0sproject/rig/v2/remotefs/patchfile.go:254.17,256.4 1 0
github.com/k0sproject/rig/v2/remotefs/patchfile.go:257.3,258.43 2 1
github.com/k0sproject/rig/v2/remotefs/patchfile.go:258.43,263.4 1 1
github.com/k0sproject/rig/v2/remotefs/patchfile.go:264.3,264.28 1 1
github.com/k0sproject/rig/v2/remotefs/patchfile.go:265.42,266.19 1 1
github.com/k0sproject/rig/v2/remotefs/patchfile.go:266.19,268.4 1 1
github.com/k0sproject/rig/v2/remotefs/patchfile.go:269.3,269.29 1 1
github.com/k0sproject/rig/v2/remotefs/patchfile.go:270.10,271.64 1 1
github.com/k0sproject/rig/v2/remotefs/patchfile.go:308.82,310.27 2 1
github.com/k0sproject/rig/v2/remotefs/patchfile.go:310.27,312.3 1 1
github.com/k0sproject/rig/v2/remotefs/patchfile.go:314.2,315.16 2 1
github.com/k0sproject/rig/v2/remotefs/patchfile.go:315.16,317.3 1 1
github.com/k0sproject/rig/v2/remotefs/patchfile.go:320.2,332.16 5 1
github.com/k0sproject/rig/v2/remotefs/patchfile.go:332.16,334.3 1 1
github.com/k0sproject/rig/v2/remotefs/patchfile.go:336.2,337.16 2 1
github.com/k0sproject/rig/v2/remotefs/patchfile.go:337.16,339.3 1 1
github.com/k0sproject/rig/v2/remotefs/patchfile.go:341.2,346.54 2 1
github.com/k0sproject/rig/v2/remotefs/patchfile.go:346.54,348.3 1 1
github.com/k0sproject/rig/v2/remotefs/patchfile.go:350.2,350.68 1 1
github.com/k0sproject/rig/v2/remotefs/patchfile.go:350.68,352.3 1 0
github.com/k0sproject/rig/v2/remotefs/patchfile.go:353.2,353.12 1 1
github.com/k0sproject/rig/v2/remotefs/patherror.go:9.58,11.2 1 1
github.com/k0sproject/rig/v2/remotefs/patherror.go:15.78,17.2 1 0
github.com/k0sproject/rig/v2/remotefs/posixdir.go:14.58,15.21 1 0
github.com/k0sproject/rig/v2/remotefs/posixdir.go:15.21,17.17 2 0
github.com/k0sproject/rig/v2/remotefs/posixdir.go:17.17,19.4 1 0
github.com/k0sproject/rig/v2/remotefs/posixdir.go:20.3,20.40 1 0
github.com/k0sproject/rig/v2/remotefs/posixdir.go:22.2,22.25 1 0
github.com/k0sproject/rig/v2/remotefs/posixfile.go:38.39,39.21 1 0
github.com/k0sproject/rig/v2/remotefs/posixfile.go:39.21,41.3 1 0
github.com/k0sproject/rig/v2/remotefs/posixfile.go:43.2,44.16 2 0
github.com/k0sproject/rig/v2/remotefs/posixfile.go:44.16,47.3 1 0
github.com/k0sproject/rig/v2/remotefs/posixfile.go:47.8,47.72 1 0
github.com/k0sproject/rig/v2/remotefs/posixfile.go:47.72,49.3 1 0
github.com/k0sproject/rig/v2/remotefs/posixfile.go:51.2,51.20 1 0
github.com/k0sproject/rig/v2/remotefs/posixfile.go:54.39,56.2 1 0
github.com/k0sproject/rig/v2/remotefs/posixfile.go:58.39,60.2 1 0
github.com/k0sproject/rig/v2/remotefs/posixfile.go:62.97,67.29 3 0
github.com/k0sproject/rig/v2/remotefs/posixfile.go:67.29,69.3 1 0
github.com/k0sproject/rig/v2/remotefs/posixfile.go:71.2,73.17 3 0
github.com/k0sproject/rig/v2/remotefs/posixfile.go:77.49,79.2 1 0
github.com/k0sproject/rig/v2/remotefs/posixfile.go:82.49,83.13 1 0
github.com/k0sproject/rig/v2/remotefs/posixfile.go:83.13,85.3 1 0
github.com/k0sproject/rig/v2/remotefs/posixfile.go:86.2,86.21 1 0
github.com/k0sproject/rig/v2/remotefs/posixfile.go:86.21,88.3 1 0
github.com/k0sproject/rig/v2/remotefs/posixfile.go:90.2,94.189 3 0
github.com/k0sproject/rig/v2/remotefs/posixfile.go:94.189,96.3 1 0
github.com/k0sproject/rig/v2/remotefs/posixfile.go:98.2,101.29 2 0
github.com/k0sproject/rig/v2/remotefs/posixfile.go:101.29,103.3 1 0
github.com/k0sproject/rig/v2/remotefs/posixfile.go:105.2,108.21 3 0
github.com/k0sproject/rig/v2/remotefs/posixfile.go:108.21,110.3 1 0
github.com/k0sproject/rig/v2/remotefs/posixfile.go:111.2,111.20 1 0
github.com/k0sproject/rig/v2/remotefs/posixfile.go:114.50,115.21 1 0
github.com/k0sproject/rig/v2/remotefs/posixfile.go:115.21,117.3 1 0
github.com/k0sproject/rig/v2/remotefs/posixfile.go:119.2,121.23 3 0
github.com/k0sproject/rig/v2/remotefs/posixfile.go:121.23,131.17 5 0
github.com/k0sproject/rig/v2/remotefs/posixfile.go:131.17,133.4 1 0
github.com/k0sproject/rig/v2/remotefs/posixfile.go:135.3,138.21 4 0
github.com/k0sproject/rig/v2/remotefs/posixfile.go:138.21,140.4 1 0
github.com/k0sproject/rig/v2/remotefs/posixfile.go:143.2,143.22 1 0
github.com/k0sproject/rig/v2/remotefs/posixfile.go:143.22,145.3 1 0
github.com/k0sproject/rig/v2/remotefs/posixfile.go:147.2,147.21 1 0
github.com/k0sproject/rig/v2/remotefs/posixfile.go:151.58,152.13 1 0
github.com/k0sproject/rig/v2/remotefs/posixfile.go:152.13,154.3 1 0
github.com/k0sproject/rig/v2/remotefs/posixfile.go:155.2,155.21 1 0
github.com/k0sproject/rig/v2/remotefs/posixfile.go:155.21,157.3 1 0
github.com/k0sproject/rig/v2/remotefs/posixfile.go:158.2,166.16 5 0
github.com/k0sproject/rig/v2/remotefs/posixfile.go:166.16,168.3 1 0
github.com/k0sproject/rig/v2/remotefs/posixfile.go:170.2,172.29 3 0
github.com/k0sproject/rig/v2/remotefs/posixfile.go:176.60,177.21 1 0
github.com/k0sproject/rig/v2/remotefs/posixfile.go:177.21,179.3 1 0
github.com/k0sproject/rig/v2/remotefs/posixfile.go:180.2,180.55 1 0
github.com/k0sproject/rig/v2/remotefs/posixfile.go:180.55,182.3 1 0
github.com/k0sproject/rig/v2/remotefs/posixfile.go:183.2,189.16 3 0
github.com/k0sproject/rig/v2/remotefs/posixfile.go:189.16,191.3 1 0
github.com/k0sproject/rig/v2/remotefs/posixfile.go:193.2,195.29 3 0
github.com/k0sproject/rig/v2/remotefs/posixfile.go:199.35,202.2 2 0
github.com/k0sproject/rig/v2/remotefs/posixfile.go:209.67,210.16 1 0
github.com/k0sproject/rig/v2/remotefs/posixfile.go:211.20,212.17 1 0
github.com/k0sproject/rig/v2/remotefs/posixfile.go:213.22,214.18 1 0
github.com/k0sproject/rig/v2/remotefs/posixfile.go:215.18,216.26 1 0
github.com/k0sproject/rig/v2/remotefs/posixfile.go:217.10,218.61 1 0
github.com/k0sproject/rig/v2/remotefs/posixfile.go:220.2,222.19 2 0
github.com/k0sproject/rig/v2/remotefs/posixfs.go:58.43,60.2 1 1
github.com/k0sproject/rig/v2/remotefs/posixfs.go:62.36,63.22 1 1
github.com/k0sproject/rig/v2/remotefs/posixfs.go:63.22,65.3 1 1
github.com/k0sproject/rig/v2/remotefs/posixfs.go:67.2,67.47 1 1
github.com/k0sproject/rig/v2/remotefs/posixfs.go:67.47,70.3 2 1
github.com/k0sproject/rig/v2/remotefs/posixfs.go:72.2,72.44 1 1
github.com/k0sproject/rig/v2/remotefs/posixfs.go:72.44,75.3 2 1
github.com/k0sproject/rig/v2/remotefs/posixfs.go:77.2,77.26 1 1
github.com/k0sproject/rig/v2/remotefs/posixfs.go:81.69,84.43 2 1
github.com/k0sproject/rig/v2/remotefs/posixfs.go:84.43,92.37 4 1
github.com/k0sproject/rig/v2/remotefs/posixfs.go:92.37,94.4 1 0
github.com/k0sproject/rig/v2/remotefs/posixfs.go:96.2,96.12 1 1
github.com/k0sproject/rig/v2/remotefs/posixfs.go:100.70,112.36 7 0
github.com/k0sproject/rig/v2/remotefs/posixfs.go:112.36,114.3 1 0
github.com/k0sproject/rig/v2/remotefs/posixfs.go:115.2,115.12 1 0
github.com/k0sproject/rig/v2/remotefs/posixfs.go:118.37,119.24 1 1
github.com/k0sproject/rig/v2/remotefs/posixfs.go:119.24,121.3 1 0
github.com/k0sproject/rig/v2/remotefs/posixfs.go:122.2,123.16 2 1
github.com/k0sproject/rig/v2/remotefs/posixfs.go:123.16,125.3 1 0
github.com/k0sproject/rig/v2/remotefs/posixfs.go:126.2,126.38 1 1
github.com/k0sproject/rig/v2/remotefs/posixfs.go:126.38,129.3 2 1
github.com/k0sproject/rig/v2/remotefs/posixfs.go:130.2,131.16 2 0
github.com/k0sproject/rig/v2/remotefs/posixfs.go:131.16,133.3 1 0
github.com/k0sproject/rig/v2/remotefs/posixfs.go:134.2,134.15 1 0
github.com/k0sproject/rig/v2/remotefs/posixfs.go:134.15,136.3 1 0
github.com/k0sproject/rig/v2/remotefs/posixfs.go:137.2,137.37 1 0
github.com/k0sproject/rig/v2/remotefs/posixfs.go:137.37,139.3 1 0
github.com/k0sproject/rig/v2/remotefs/posixfs.go:140.2,140.57 1 0
github.com/k0sproject/rig/v2/remotefs/posixfs.go:140.57,142.3 1 0
github.com/k0sproject/rig/v2/remotefs/posixfs.go:142.8,144.3 1 0
github.com/k0sproject/rig/v2/remotefs/posixfs.go:146.2,146.12 1 0
github.com/k0sproject/rig/v2/remotefs/posixfs.go:149.50,152.25 2 1
github.com/k0sproject/rig/v2/remotefs/posixfs.go:153.16,154.21 1 1
github.com/k0sproject/rig/v2/remotefs/posixfs.go:155.16,155.16 0 1
github.com/k0sproject/rig/v2/remotefs/posixfs.go:157.16,158.25 1 0
github.com/k0sproject/rig/v2/remotefs/posixfs.go:159.16,160.24 1 0
github.com/k0sproject/rig/v2/remotefs/posixfs.go:161.16,162.44 1 0
github.com/k0sproject/rig/v2/remotefs/posixfs.go:163.16,164.27 1 0
github.com/k0sproject/rig/v2/remotefs/posixfs.go:165.16,166.24 1 0
github.com/k0sproject/rig/v2/remotefs/posixfs.go:170.2,173.22 2 1
github.com/k0sproject/rig/v2/remotefs/posixfs.go:173.22,175.3 1 0
github.com/k0sproject/rig/v2/remotefs/posixfs.go:176.2,176.22 1 1
github.com/k0sproject/rig/v2/remotefs/posixfs.go:176.22,178.3 1 0
github.com/k0sproject/rig/v2/remotefs/posixfs.go:179.2,179.22 1 1
github.com/k0sproject/rig/v2/remotefs/posixfs.go:179.22,181.3 1 0
github.com/k0sproject/rig/v2/remotefs/posixfs.go:183.2,183.13 1 1
github.com/k0sproject/rig/v2/remotefs/posixfs.go:186.61,189.21 2 1
github.com/k0sproject/rig/v2/remotefs/posixfs.go:189.21,191.3 1 0
github.com/k0sproject/rig/v2/remotefs/posixfs.go:193.2,195.39 2 1
github.com/k0sproject/rig/v2/remotefs/posixfs.go:195.39,197.17 2 1
github.com/k0sproject/rig/v2/remotefs/posixfs.go:197.17,199.4 1 0
github.com/k0sproject/rig/v2/remotefs/posixfs.go:200.3,200.37 1 1
github.com/k0sproject/rig/v2/remotefs/posixfs.go:201.8,203.17 2 0
github.com/k0sproject/rig/v2/remotefs/posixfs.go:203.17,205.4 1 0
github.com/k0sproject/rig/v2/remotefs/posixfs.go:206.3,206.37 1 0
github.com/k0sproject/rig/v2/remotefs/posixfs.go:209.2,212.16 3 1
github.com/k0sproject/rig/v2/remotefs/posixfs.go:212.16,214.3 1 0
github.com/k0sproject/rig/v2/remotefs/posixfs.go:215.2,219.16 4 1
github.com/k0sproject/rig/v2/remotefs/posixfs.go:219.16,221.3 1 0
github.com/k0sproject/rig/v2/remotefs/posixfs.go:222.2,223.25 2 1
github.com/k0sproject/rig/v2/remotefs/posixfs.go:223.25,225.17 2 1
github.com/k0sproject/rig/v2/remotefs/posixfs.go:225.17,227.4 1 0
github.com/k0sproject/rig/v2/remotefs/posixfs.go:229.2,232.17 3 1
github.com/k0sproject/rig/v2/remotefs/posixfs.go:235.69,236.37 1 1
github.com/k0sproject/rig/v2/remotefs/posixfs.go:236.37,238.3 1 1
github.com/k0sproject/rig/v2/remotefs/posixfs.go:239.2,243.23 5 1
github.com/k0sproject/rig/v2/remotefs/posixfs.go:243.23,246.46 2 1
github.com/k0sproject/rig/v2/remotefs/posixfs.go:246.46,247.24 1 1
github.com/k0sproject/rig/v2/remotefs/posixfs.go:247.24,249.27 2 1
github.com/k0sproject/rig/v2/remotefs/posixfs.go:249.27,251.6 1 0
github.com/k0sproject/rig/v2/remotefs/posixfs.go:253.4,253.9 1 1
github.com/k0sproject/rig/v2/remotefs/posixfs.go:256.3,257.22 2 1
github.com/k0sproject/rig/v2/remotefs/posixfs.go:257.22,259.18 2 1
github.com/k0sproject/rig/v2/remotefs/posixfs.go:259.18,260.13 1 0
github.com/k0sproject/rig/v2/remotefs/posixfs.go:262.4,263.18 2 1
github.com/k0sproject/rig/v2/remotefs/posixfs.go:263.18,265.5 1 0
github.com/k0sproject/rig/v2/remotefs/posixfs.go:266.4,266.27 1 1
github.com/k0sproject/rig/v2/remotefs/posixfs.go:268.3,268.66 1 1
github.com/k0sproject/rig/v2/remotefs/posixfs.go:268.66,269.23 1 0
github.com/k0sproject/rig/v2/remotefs/posixfs.go:269.23,271.5 1 0
github.com/k0sproject/rig/v2/remotefs/posixfs.go:272.4,272.53 1 0
github.com/k0sproject/rig/v2/remotefs/posixfs.go:275.2,275.17 1 1
github.com/k0sproject/rig/v2/remotefs/posixfs.go:279.58,281.16 2 1
github.com/k0sproject/rig/v2/remotefs/posixfs.go:281.16,283.3 1 1
github.com/k0sproject/rig/v2/remotefs/posixfs.go:284.2,284.20 1 1
github.com/k0sproject/rig/v2/remotefs/posixfs.go:285.9,286.54 1 1
github.com/k0sproject/rig/v2/remotefs/posixfs.go:287.9,288.23 1 1
github.com/k0sproject/rig/v2/remotefs/posixfs.go:289.10,290.76 1 0
github.com/k0sproject/rig/v2/remotefs/posixfs.go:295.55,297.16 2 0
github.com/k0sproject/rig/v2/remotefs/posixfs.go:297.16,298.22 1 0
github.com/k0sproject/rig/v2/remotefs/posixfs.go:298.22,300.4 1 0
github.com/k0sproject/rig/v2/remotefs/posixfs.go:301.3,301.55 1 0
github.com/k0sproject/rig/v2/remotefs/posixfs.go:303.2,304.20 2 0
github.com/k0sproject/rig/v2/remotefs/posixfs.go:304.20,306.3 1 0
github.com/k0sproject/rig/v2/remotefs/posixfs.go:307.2,307.17 1 0
github.com/k0sproject/rig/v2/remotefs/posixfs.go:313.61,314.64 1 1
github.com/k0sproject/rig/v2/remotefs/posixfs.go:314.64,316.3 1 0
github.com/k0sproject/rig/v2/remotefs/posixfs.go:317.2,317.17 1 1
github.com/k0sproject/rig/v2/remotefs/posixfs.go:317.17,319.69 2 1
github.com/k0sproject/rig/v2/remotefs/posixfs.go:319.69,321.4 1 0
github.com/k0sproject/rig/v2/remotefs/posixfs.go:323.2,323.12 1 1
github.com/k0sproject/rig/v2/remotefs/posixfs.go:326.45,330.2 3 1
github.com/k0sproject/rig/v2/remotefs/posixfs.go:333.66,334.38 1 1
github.com/k0sproject/rig/v2/remotefs/posixfs.go:334.38,336.3 1 0
github.com/k0sproject/rig/v2/remotefs/posixfs.go:337.2,337.40 1 1
github.com/k0sproject/rig/v2/remotefs/posixfs.go:341.59,342.96 1 0
github.com/k0sproject/rig/v2/remotefs/posixfs.go:342.96,344.3 1 0
github.com/k0sproject/rig/v2/remotefs/posixfs.go:345.2,345.12 1 0
github.com/k0sproject/rig/v2/remotefs/posixfs.go:349.62,350.84 1 1
github.com/k0sproject/rig/v2/remotefs/posixfs.go:350.84,351.22 1 0
github.com/k0sproject/rig/v2/remotefs/posixfs.go:351.22,353.4 1 0
github.com/k0sproject/rig/v2/remotefs/posixfs.go:354.3,354.47 1 0
github.com/k0sproject/rig/v2/remotefs/posixfs.go:356.2,356.12 1 1
github.com/k0sproject/rig/v2/remotefs/posixfs.go:361.58,362.71 1 0
github.com/k0sproject/rig/v2/remotefs/posixfs.go:362.71,363.22 1 0
github.com/k0sproject/rig/v2/remotefs/posixfs.go:363.22,365.4 1 0
github.com/k0sproject/rig/v2/remotefs/posixfs.go:366.3,366.47 1 0
github.com/k0sproject/rig/v2/remotefs/posixfs.go:368.2,368.12 1 0
github.com/k0sproject/rig/v2/remotefs/posixfs.go:372.61,374.71 2 1
github.com/k0sproject/rig/v2/remotefs/posixfs.go:374.71,375.22 1 1
github.com/k0sproject/rig/v2/remotefs/posixfs.go:375.22,377.4 1 1
github.com/k0sproject/rig/v2/remotefs/posixfs.go:378.3,378.47 1 0
github.com/k0sproject/rig/v2/remotefs/posixfs.go:380.2,380.12 1 1
github.com/k0sproject/rig/v2/remotefs/posixfs.go:385.62,386.77 1 1
github.com/k0sproject/rig/v2/remotefs/posixfs.go:386.77,387.22 1 1
github.com/k0sproject/rig/v2/remotefs/posixfs.go:387.22,389.4 1 1
github.com/k0sproject/rig/v2/remotefs/posixfs.go:390.3,390.50 1 0
github.com/k0sproject/rig/v2/remotefs/posixfs.go:392.2,392.12 1 1
github.com/k0sproject/rig/v2/remotefs/posixfs.go:396.65,398.77 2 1
github.com/k0sproject/rig/v2/remotefs/posixfs.go:398.77,399.22 1 1
github.com/k0sproject/rig/v2/remotefs/posixfs.go:399.22,401.4 1 1
github.com/k0sproject/rig/v2/remotefs/posixfs.go:402.3,402.50 1 0
github.com/k0sproject/rig/v2/remotefs/posixfs.go:404.2,404.12 1 1
github.com/k0sproject/rig/v2/remotefs/posixfs.go:409.54,410.46 1 1
github.com/k0sproject/rig/v2/remotefs/posixfs.go:410.46,411.83 1 1
github.com/k0sproject/rig/v2/remotefs/posixfs.go:411.83,413.4 1 0
github.com/k0sproject/rig/v2/remotefs/posixfs.go:414.3,414.13 1 1
github.com/k0sproject/rig/v2/remotefs/posixfs.go:416.2,416.46 1 1
github.com/k0sproject/rig/v2/remotefs/posixfs.go:416.46,417.75 1 1
github.com/k0sproject/rig/v2/remotefs/posixfs.go:417.75,419.4 1 0
github.com/k0sproject/rig/v2/remotefs/posixfs.go:420.3,420.13 1 1
github.com/k0sproject/rig/v2/remotefs/posixfs.go:422.2,422.62 1 1
github.com/k0sproject/rig/v2/remotefs/posixfs.go:428.55,429.19 1 1
github.com/k0sproject/rig/v2/remotefs/posixfs.go:429.19,430.33 1 1
github.com/k0sproject/rig/v2/remotefs/posixfs.go:430.33,432.4 1 1
github.com/k0sproject/rig/v2/remotefs/posixfs.go:434.2,434.14 1 1
github.com/k0sproject/rig/v2/remotefs/posixfs.go:440.72,442.33 2 1
github.com/k0sproject/rig/v2/remotefs/posixfs.go:442.33,443.38 1 1
github.com/k0sproject/rig/v2/remotefs/posixfs.go:443.38,444.12 1 1
github.com/k0sproject/rig/v2/remotefs/posixfs.go:446.3,446.44 1 1
github.com/k0sproject/rig/v2/remotefs/posixfs.go:446.44,448.4 1 1
github.com/k0sproject/rig/v2/remotefs/posixfs.go:449.3,449.21 1 1
github.com/k0sproject/rig/v2/remotefs/posixfs.go:449.21,450.12 1 0
github.com/k0sproject/rig/v2/remotefs/posixfs.go:452.3,452.40 1 1
github.com/k0sproject/rig/v2/remotefs/posixfs.go:452.40,454.47 2 1
github.com/k0sproject/rig/v2/remotefs/posixfs.go:454.47,456.5 1 0
github.com/k0sproject/rig/v2/remotefs/posixfs.go:457.4,457.47 1 1
github.com/k0sproject/rig/v2/remotefs/posixfs.go:458.9,459.27 1 1
github.com/k0sproject/rig/v2/remotefs/posixfs.go:459.27,460.43 1 1
github.com/k0sproject/rig/v2/remotefs/posixfs.go:460.43,462.6 1 1
github.com/k0sproject/rig/v2/remotefs/posixfs.go:463.5,463.43 1 1
github.com/k0sproject/rig/v2/remotefs/posixfs.go:467.2,467.16 1 1
github.com/k0sproject/rig/v2/remotefs/posixfs.go:467.16,468.44 1 1
github.com/k0sproject/rig/v2/remotefs/posixfs.go:468.44,470.4 1 0
github.com/k0sproject/rig/v2/remotefs/posixfs.go:471.3,471.43 1 1
github.com/k0sproject/rig/v2/remotefs/posixfs.go:473.2,473.18 1 1
github.com/k0sproject/rig/v2/remotefs/posixfs.go:476.44,477.28 1 1
github.com/k0sproject/rig/v2/remotefs/posixfs.go:477.28,478.47 1 1
github.com/k0sproject/rig/v2/remotefs/posixfs.go:478.47,481.4 2 1
github.com/k0sproject/rig/v2/remotefs/posixfs.go:482.3,482.49 1 1
github.com/k0sproject/rig/v2/remotefs/posixfs.go:482.49,484.4 1 1
github.com/k0sproject/rig/v2/remotefs/posixfs.go:486.2,486.23 1 1
github.com/k0sproject/rig/v2/remotefs/posixfs.go:493.75,495.44 2 1
github.com/k0sproject/rig/v2/remotefs/posixfs.go:495.44,497.3 1 1
github.com/k0sproject/rig/v2/remotefs/posixfs.go:498.2,499.18 2 1
github.com/k0sproject/rig/v2/remotefs/posixfs.go:499.18,501.3 1 0
github.com/k0sproject/rig/v2/remotefs/posixfs.go:502.2,503.43 2 1
github.com/k0sproject/rig/v2/remotefs/posixfs.go:503.43,505.3 1 1
github.com/k0sproject/rig/v2/remotefs/posixfs.go:505.8,507.3 1 1
github.com/k0sproject/rig/v2/remotefs/posixfs.go:508.2,509.16 2 1
github.com/k0sproject/rig/v2/remotefs/posixfs.go:509.16,511.3 1 1
github.com/k0sproject/rig/v2/remotefs/posixfs.go:512.2,514.13 3 1
github.com/k0sproject/rig/v2/remotefs/posixfs.go:514.13,516.51 2 1
github.com/k0sproject/rig/v2/remotefs/posixfs.go:516.51,518.4 1 1
github.com/k0sproject/rig/v2/remotefs/posixfs.go:519.3,519.51 1 1
github.com/k0sproject/rig/v2/remotefs/posixfs.go:521.2,521.28 1 1
github.com/k0sproject/rig/v2/remotefs/posixfs.go:525.72,526.16 1 1
github.com/k0sproject/rig/v2/remotefs/posixfs.go:526.16,528.3 1 0
github.com/k0sproject/rig/v2/remotefs/posixfs.go:529.2,529.20 1 1
github.com/k0sproject/rig/v2/remotefs/posixfs.go:529.20,531.3 1 0
github.com/k0sproject/rig/v2/remotefs/posixfs.go:532.2,532.48 1 1
github.com/k0sproject/rig/v2/remotefs/posixfs.go:532.48,534.3 1 1
github.com/k0sproject/rig/v2/remotefs/posixfs.go:535.2,535.54 1 1
github.com/k0sproject/rig/v2/remotefs/posixfs.go:535.54,537.3 1 1
github.com/k0sproject/rig/v2/remotefs/posixfs.go:538.2,538.45 1 1
github.com/k0sproject/rig/v2/remotefs/posixfs.go:538.45,540.3 1 1
github.com/k0sproject/rig/v2/remotefs/posixfs.go:541.2,542.16 2 1
github.com/k0sproject/rig/v2/remotefs/posixfs.go:542.16,544.3 1 1
github.com/k0sproject/rig/v2/remotefs/posixfs.go:545.2,548.16 4 1
github.com/k0sproject/rig/v2/remotefs/posixfs.go:548.16,550.3 1 0
github.com/k0sproject/rig/v2/remotefs/posixfs.go:551.2,551.39 1 1
github.com/k0sproject/rig/v2/remotefs/posixfs.go:556.67,561.16 2 1
github.com/k0sproject/rig/v2/remotefs/posixfs.go:561.16,563.3 1 0
github.com/k0sproject/rig/v2/remotefs/posixfs.go:564.2,565.16 2 1
github.com/k0sproject/rig/v2/remotefs/posixfs.go:565.16,567.3 1 0
github.com/k0sproject/rig/v2/remotefs/posixfs.go:568.2,568.16 1 1
github.com/k0sproject/rig/v2/remotefs/posixfs.go:569.9,570.19 1 1
github.com/k0sproject/rig/v2/remotefs/posixfs.go:571.9,572.20 1 1
github.com/k0sproject/rig/v2/remotefs/posixfs.go:573.10,578.21 2 1
github.com/k0sproject/rig/v2/remotefs/posixfs.go:578.21,580.4 1 0
github.com/k0sproject/rig/v2/remotefs/posixfs.go:581.3,582.17 2 1
github.com/k0sproject/rig/v2/remotefs/posixfs.go:582.17,584.4 1 0
github.com/k0sproject/rig/v2/remotefs/posixfs.go:585.3,585.21 1 1
github.com/k0sproject/rig/v2/remotefs/posixfs.go:586.10,587.91 1 1
github.com/k0sproject/rig/v2/remotefs/posixfs.go:588.10,589.66 1 1
github.com/k0sproject/rig/v2/remotefs/posixfs.go:590.11,591.95 1 0
github.com/k0sproject/rig/v2/remotefs/posixfs.go:598.79,600.36 2 1
github.com/k0sproject/rig/v2/remotefs/posixfs.go:600.36,602.3 1 1
github.com/k0sproject/rig/v2/remotefs/posixfs.go:603.2,603.16 1 1
github.com/k0sproject/rig/v2/remotefs/posixfs.go:603.16,605.3 1 1
github.com/k0sproject/rig/v2/remotefs/posixfs.go:606.2,606.12 1 1
github.com/k0sproject/rig/v2/remotefs/posixfs.go:611.47,612.32 1 1
github.com/k0sproject/rig/v2/remotefs/posixfs.go:612.32,614.3 1 1
github.com/k0sproject/rig/v2/remotefs/posixfs.go:615.2,615.39 1 1
github.com/k0sproject/rig/v2/remotefs/posixfs.go:615.39,617.3 1 1
github.com/k0sproject/rig/v2/remotefs/posixfs.go:618.2,619.16 2 1
github.com/k0sproject/rig/v2/remotefs/posixfs.go:619.16,620.107 1 1
github.com/k0sproject/rig/v2/remotefs/posixfs.go:620.107,622.4 1 1
github.com/k0sproject/rig/v2/remotefs/posixfs.go:624.2,624.19 1 1
github.com/k0sproject/rig/v2/remotefs/posixfs.go:628.54,630.2 1 0
github.com/k0sproject/rig/v2/remotefs/posixfs.go:632.90,633.28 1 0
github.com/k0sproject/rig/v2/remotefs/posixfs.go:633.28,635.3 1 0
github.com/k0sproject/rig/v2/remotefs/posixfs.go:637.2,637.50 1 0
github.com/k0sproject/rig/v2/remotefs/posixfs.go:637.50,638.37 1 0
github.com/k0sproject/rig/v2/remotefs/posixfs.go:638.37,640.4 1 0
github.com/k0sproject/rig/v2/remotefs/posixfs.go:641.3,641.93 1 0
github.com/k0sproject/rig/v2/remotefs/posixfs.go:644.2,644.105 1 0
github.com/k0sproject/rig/v2/remotefs/posixfs.go:644.105,646.3 1 0
github.com/k0sproject/rig/v2/remotefs/posixfs.go:649.2,649.21 1 0
github.com/k0sproject/rig/v2/remotefs/posixfs.go:652.95,654.78 1 0
github.com/k0sproject/rig/v2/remotefs/posixfs.go:654.78,656.3 1 0
github.com/k0sproject/rig/v2/remotefs/posixfs.go:659.2,659.64 1 0
github.com/k0sproject/rig/v2/remotefs/posixfs.go:659.64,661.3 1 0
github.com/k0sproject/rig/v2/remotefs/posixfs.go:663.2,663.27 1 0
github.com/k0sproject/rig/v2/remotefs/posixfs.go:663.27,664.45 1 0
github.com/k0sproject/rig/v2/remotefs/posixfs.go:664.45,666.4 1 0
github.com/k0sproject/rig/v2/remotefs/posixfs.go:669.2,669.21 1 0
github.com/k0sproject/rig/v2/remotefs/posixfs.go:674.84,675.32 1 0
github.com/k0sproject/rig/v2/remotefs/posixfs.go:675.32,677.3 1 0
github.com/k0sproject/rig/v2/remotefs/posixfs.go:679.2,680.16 2 0
github.com/k0sproject/rig/v2/remotefs/posixfs.go:680.16,681.38 1 0
github.com/k0sproject/rig/v2/remotefs/posixfs.go:681.38,683.4 1 0
github.com/k0sproject/rig/v2/remotefs/posixfs.go:684.3,684.43 1 0
github.com/k0sproject/rig/v2/remotefs/posixfs.go:685.8,687.3 1 0
github.com/k0sproject/rig/v2/remotefs/posixfs.go:689.2,689.16 1 0
github.com/k0sproject/rig/v2/remotefs/posixfs.go:689.16,691.3 1 0
github.com/k0sproject/rig/v2/remotefs/posixfs.go:693.2,694.28 2 0
github.com/k0sproject/rig/v2/remotefs/posixfs.go:694.28,696.3 1 0
github.com/k0sproject/rig/v2/remotefs/posixfs.go:698.2,707.18 2 0
github.com/k0sproject/rig/v2/remotefs/posixfs.go:707.18,709.3 1 0
github.com/k0sproject/rig/v2/remotefs/posixfs.go:710.2,710.18 1 0
github.com/k0sproject/rig/v2/remotefs/posixfs.go:713.96,714.52 1 0
github.com/k0sproject/rig/v2/remotefs/posixfs.go:714.52,716.3 1 0
github.com/k0sproject/rig/v2/remotefs/posixfs.go:718.2,718.28 1 0
github.com/k0sproject/rig/v2/remotefs/posixfs.go:718.28,720.3 1 0
github.com/k0sproject/rig/v2/remotefs/posixfs.go:722.2,722.20 1 0
github.com/k0sproject/rig/v2/remotefs/posixfs.go:726.63,727.16 1 0
github.com/k0sproject/rig/v2/remotefs/posixfs.go:727.16,729.3 1 0
github.com/k0sproject/rig/v2/remotefs/posixfs.go:731.2,735.21 4 0
github.com/k0sproject/rig/v2/remotefs/posixfs.go:735.21,737.3 1 0
github.com/k0sproject/rig/v2/remotefs/posixfs.go:739.2,739.65 1 0
github.com/k0sproject/rig/v2/remotefs/posixfs.go:739.65,741.3 1 0
github.com/k0sproject/rig/v2/remotefs/posixfs.go:743.2,743.60 1 0
github.com/k0sproject/rig/v2/remotefs/posixfs.go:743.60,745.3 1 0
github.com/k0sproject/rig/v2/remotefs/posixfs.go:746.2,746.22 1 0
github.com/k0sproject/rig/v2/remotefs/posixfs.go:746.22,748.3 1 0
github.com/k0sproject/rig/v2/remotefs/posixfs.go:749.2,749.21 1 0
github.com/k0sproject/rig/v2/remotefs/posixfs.go:749.21,751.3 1 0
github.com/k0sproject/rig/v2/remotefs/posixfs.go:753.2,755.30 3 0
github.com/k0sproject/rig/v2/remotefs/posixfs.go:755.30,756.42 1 0
github.com/k0sproject/rig/v2/remotefs/posixfs.go:756.42,758.4 1 0
github.com/k0sproject/rig/v2/remotefs/posixfs.go:760.2,760.17 1 0
github.com/k0sproject/rig/v2/remotefs/posixfs.go:764.45,765.61 1 1
github.com/k0sproject/rig/v2/remotefs/posixfs.go:765.61,767.3 1 0
github.com/k0sproject/rig/v2/remotefs/posixfs.go:768.2,768.12 1 1
github.com/k0sproject/rig/v2/remotefs/posixfs.go:771.33,773.2 1 1
github.com/k0sproject/rig/v2/remotefs/posixfs.go:776.48,777.62 1 0
github.com/k0sproject/rig/v2/remotefs/posixfs.go:777.62,779.3 1 0
github.com/k0sproject/rig/v2/remotefs/posixfs.go:780.2,780.12 1 0
github.com/k0sproject/rig/v2/remotefs/posixfs.go:784.57,785.73 1 1
github.com/k0sproject/rig/v2/remotefs/posixfs.go:785.73,787.3 1 0
github.com/k0sproject/rig/v2/remotefs/posixfs.go:788.2,788.12 1 1
github.com/k0sproject/rig/v2/remotefs/posixfs.go:792.36,794.16 2 1
github.com/k0sproject/rig/v2/remotefs/posixfs.go:794.16,796.3 1 0
github.com/k0sproject/rig/v2/remotefs/posixfs.go:797.2,797.12 1 1
github.com/k0sproject/rig/v2/remotefs/posixfs.go:802.65,803.47 1 1
github.com/k0sproject/rig/v2/remotefs/posixfs.go:803.47,804.23 1 1
github.com/k0sproject/rig/v2/remotefs/posixfs.go:804.23,806.4 1 1
github.com/k0sproject/rig/v2/remotefs/posixfs.go:807.3,807.55 1 0
github.com/k0sproject/rig/v2/remotefs/posixfs.go:810.2,810.98 1 1
github.com/k0sproject/rig/v2/remotefs/posixfs.go:810.98,812.3 1 0
github.com/k0sproject/rig/v2/remotefs/posixfs.go:814.2,814.12 1 1
github.com/k0sproject/rig/v2/remotefs/posixfs.go:818.62,819.90 1 0
github.com/k0sproject/rig/v2/remotefs/posixfs.go:819.90,821.3 1 0
github.com/k0sproject/rig/v2/remotefs/posixfs.go:823.2,823.12 1 0
github.com/k0sproject/rig/v2/remotefs/posixfs.go:827.83,828.150 1 1
github.com/k0sproject/rig/v2/remotefs/posixfs.go:828.150,830.3 1 0
github.com/k0sproject/rig/v2/remotefs/posixfs.go:831.2,831.12 1 1
github.com/k0sproject/rig/v2/remotefs/posixfs.go:835.61,837.16 2 1
github.com/k0sproject/rig/v2/remotefs/posixfs.go:837.16,839.3 1 0
github.com/k0sproject/rig/v2/remotefs/posixfs.go:840.2,840.25 1 1
github.com/k0sproject/rig/v2/remotefs/posixfs.go:844.65,845.15 1 0
github.com/k0sproject/rig/v2/remotefs/posixfs.go:845.15,847.3 1 0
github.com/k0sproject/rig/v2/remotefs/posixfs.go:848.2,849.16 2 0
github.com/k0sproject/rig/v2/remotefs/posixfs.go:849.16,851.3 1 0
github.com/k0sproject/rig/v2/remotefs/posixfs.go:852.2,852.17 1 0
github.com/k0sproject/rig/v2/remotefs/posixfs.go:857.66,858.15 1 1
github.com/k0sproject/rig/v2/remotefs/posixfs.go:858.15,860.3 1 1
github.com/k0sproject/rig/v2/remotefs/posixfs.go:861.2,862.16 2 1
github.com/k0sproject/rig/v2/remotefs/posixfs.go:862.16,864.3 1 1
github.com/k0sproject/rig/v2/remotefs/posixfs.go:865.2,865.17 1 1
github.com/k0sproject/rig/v2/remotefs/posixfs.go:869.47,871.2 1 1
github.com/k0sproject/rig/v2/remotefs/posixfs.go:874.57,876.16 2 1
github.com/k0sproject/rig/v2/remotefs/posixfs.go:876.16,878.3 1 1
github.com/k0sproject/rig/v2/remotefs/posixfs.go:879.2,879.18 1 1
github.com/k0sproject/rig/v2/remotefs/posixfs.go:883.47,885.2 1 1
github.com/k0sproject/rig/v2/remotefs/posixfs.go:888.40,890.2 1 1
github.com/k0sproject/rig/v2/remotefs/posixfs.go:893.41,895.2 1 1
github.com/k0sproject/rig/v2/remotefs/posixfs.go:898.50,901.2 2 1
github.com/k0sproject/rig/v2/remotefs/posixfs.go:904.41,905.19 1 1
github.com/k0sproject/rig/v2/remotefs/posixfs.go:905.19,907.3 1 1
github.com/k0sproject/rig/v2/remotefs/posixfs.go:908.2,908.24 1 1
github.com/k0sproject/rig/v2/remotefs/posixfs.go:908.24,909.67 1 1
github.com/k0sproject/rig/v2/remotefs/posixfs.go:909.67,910.12 1 1
github.com/k0sproject/rig/v2/remotefs/posixfs.go:912.3,912.36 1 1
github.com/k0sproject/rig/v2/remotefs/posixfs.go:912.36,913.12 1 0
github.com/k0sproject/rig/v2/remotefs/posixfs.go:915.3,915.15 1 1
github.com/k0sproject/rig/v2/remotefs/posixfs.go:917.2,917.13 1 1
github.com/k0sproject/rig/v2/remotefs/posixfs.go:921.45,922.29 1 1
github.com/k0sproject/rig/v2/remotefs/posixfs.go:922.29,924.3 1 1
github.com/k0sproject/rig/v2/remotefs/posixfs.go:925.2,926.16 2 1
github.com/k0sproject/rig/v2/remotefs/posixfs.go:926.16,928.3 1 0
github.com/k0sproject/rig/v2/remotefs/posixfs.go:929.2,929.12 1 1
github.com/k0sproject/rig/v2/remotefs/posixfs.go:933.46,935.16 2 0
github.com/k0sproject/rig/v2/remotefs/posixfs.go:935.16,937.3 1 0
github.com/k0sproject/rig/v2/remotefs/posixfs.go:938.2,938.17 1 0
github.com/k0sproject/rig/v2/remotefs/posixfs.go:942.47,944.16 2 1
github.com/k0sproject/rig/v2/remotefs/posixfs.go:944.16,946.3 1 1
github.com/k0sproject/rig/v2/remotefs/posixfs.go:947.2,947.15 1 1
github.com/k0sproject/rig/v2/remotefs/posixfs.go:947.15,949.3 1 1
github.com/k0sproject/rig/v2/remotefs/posixfs.go:950.2,950.17 1 1
github.com/k0sproject/rig/v2/remotefs/posixfs.go:955.51,957.16 2 1
github.com/k0sproject/rig/v2/remotefs/posixfs.go:957.16,959.3 1 0
github.com/k0sproject/rig/v2/remotefs/posixfs.go:960.2,961.16 2 1
github.com/k0sproject/rig/v2/remotefs/posixfs.go:961.16,963.3 1 1
github.com/k0sproject/rig/v2/remotefs/posixfs.go:964.2,964.32 1 1
github.com/k0sproject/rig/v2/remotefs/posixfs.go:968.50,970.16 2 0
github.com/k0sproject/rig/v2/remotefs/posixfs.go:970.16,972.3 1 0
github.com/k0sproject/rig/v2/remotefs/posixfs.go:974.2,974.17 1 0
github.com/k0sproject/rig/v2/remotefs/posixfs.go:978.41,979.54 1 0
github.com/k0sproject/rig/v2/remotefs/posixfs.go:979.54,981.3 1 0
github.com/k0sproject/rig/v2/remotefs/posixfs.go:982.2,982.42 1 0
github.com/k0sproject/rig/v2/remotefs/posixfs.go:986.42,987.57 1 0
github.com/k0sproject/rig/v2/remotefs/posixfs.go:987.57,989.3 1 0
github.com/k0sproject/rig/v2/remotefs/posixfs.go:990.2,990.43 1 0
github.com/k0sproject/rig/v2/remotefs/posixfs.go:994.40,996.2 1 0
github.com/k0sproject/rig/v2/remotefs/posixfs.go:1003.53,1004.53 1 1
github.com/k0sproject/rig/v2/remotefs/posixfs.go:1004.53,1005.29 1 1
github.com/k0sproject/rig/v2/remotefs/posixfs.go:1005.29,1007.4 1 1
github.com/k0sproject/rig/v2/remotefs/posixfs.go:1008.3,1008.97 1 1
github.com/k0sproject/rig/v2/remotefs/posixfs.go:1008.97,1009.38 1 1
github.com/k0sproject/rig/v2/remotefs/posixfs.go:1009.38,1011.5 1 0
github.com/k0sproject/rig/v2/remotefs/posixfs.go:1012.4,1012.76 1 1
github.com/k0sproject/rig/v2/remotefs/posixfs.go:1015.2,1015.12 1 1
github.com/k0sproject/rig/v2/remotefs/reboot.go:18.40,19.16 1 1
github.com/k0sproject/rig/v2/remotefs/reboot.go:19.16,21.3 1 1
github.com/k0sproject/rig/v2/remotefs/reboot.go:22.2,22.61 1 1
github.com/k0sproject/rig/v2/remotefs/reboot.go:22.61,24.3 1 1
github.com/k0sproject/rig/v2/remotefs/reboot.go:25.2,30.37 2 1
github.com/k0sproject/rig/v2/remotefs/service.go:19.37,21.16 2 0
github.com/k0sproject/rig/v2/remotefs/service.go:21.16,23.3 1 0
github.com/k0sproject/rig/v2/remotefs/service.go:24.2,24.16 1 0
github.com/k0sproject/rig/v2/remotefs/service.go:29.71,31.2 1 0
github.com/k0sproject/rig/v2/remotefs/upload.go:26.53,27.32 1 1
github.com/k0sproject/rig/v2/remotefs/upload.go:27.32,30.3 2 1
github.com/k0sproject/rig/v2/remotefs/upload.go:34.72,39.16 4 1
github.com/k0sproject/rig/v2/remotefs/upload.go:39.16,41.3 1 0
github.com/k0sproject/rig/v2/remotefs/upload.go:42.2,42.51 1 1
github.com/k0sproject/rig/v2/remotefs/upload.go:42.51,45.3 2 1
github.com/k0sproject/rig/v2/remotefs/upload.go:46.2,46.39 1 1
github.com/k0sproject/rig/v2/remotefs/upload.go:46.39,48.3 1 0
github.com/k0sproject/rig/v2/remotefs/upload.go:50.2,51.16 2 1
github.com/k0sproject/rig/v2/remotefs/upload.go:51.16,53.3 1 0
github.com/k0sproject/rig/v2/remotefs/upload.go:54.2,55.30 2 1
github.com/k0sproject/rig/v2/remotefs/upload.go:55.30,57.3 1 1
github.com/k0sproject/rig/v2/remotefs/upload.go:58.2,58.12 1 1
github.com/k0sproject/rig/v2/remotefs/upload.go:70.67,72.27 2 1
github.com/k0sproject/rig/v2/remotefs/upload.go:72.27,74.3 1 1
github.com/k0sproject/rig/v2/remotefs/upload.go:76.2,77.16 2 1
github.com/k0sproject/rig/v2/remotefs/upload.go:77.16,79.3 1 0
github.com/k0sproject/rig/v2/remotefs/upload.go:80.2,83.22 3 1
github.com/k0sproject/rig/v2/remotefs/upload.go:83.22,85.17 2 1
github.com/k0sproject/rig/v2/remotefs/upload.go:85.17,87.4 1 0
github.com/k0sproject/rig/v2/remotefs/upload.go:88.3,88.21 1 1
github.com/k0sproject/rig/v2/remotefs/upload.go:91.2,93.16 3 1
github.com/k0sproject/rig/v2/remotefs/upload.go:93.16,95.3 1 1
github.com/k0sproject/rig/v2/remotefs/upload.go:96.2,96.15 1 1
github.com/k0sproject/rig/v2/remotefs/upload.go:96.15,96.43 1 1
github.com/k0sproject/rig/v2/remotefs/upload.go:98.2,98.66 1 1
github.com/k0sproject/rig/v2/remotefs/upload.go:98.66,100.3 1 1
github.com/k0sproject/rig/v2/remotefs/upload.go:102.2,102.50 1 1
github.com/k0sproject/rig/v2/remotefs/upload.go:102.50,104.3 1 0
github.com/k0sproject/rig/v2/remotefs/upload.go:105.2,105.50 1 1
github.com/k0sproject/rig/v2/remotefs/upload.go:105.50,107.3 1 1
github.com/k0sproject/rig/v2/remotefs/upload.go:108.2,108.12 1 1
github.com/k0sproject/rig/v2/remotefs/windir.go:26.46,28.2 1 0
github.com/k0sproject/rig/v2/remotefs/windir.go:30.54,32.2 1 0
github.com/k0sproject/rig/v2/remotefs/windir.go:34.47,36.2 1 0
github.com/k0sproject/rig/v2/remotefs/windir.go:38.53,40.2 1 0
github.com/k0sproject/rig/v2/remotefs/windir.go:42.55,44.2 1 0
github.com/k0sproject/rig/v2/remotefs/windir.go:46.32,47.14 1 0
github.com/k0sproject/rig/v2/remotefs/windir.go:47.14,49.3 1 0
github.com/k0sproject/rig/v2/remotefs/windir.go:50.2,51.12 2 0
github.com/k0sproject/rig/v2/remotefs/windir.go:66.18,69.3 2 0
github.com/k0sproject/rig/v2/remotefs/windir.go:75.56,76.21 1 0
github.com/k0sproject/rig/v2/remotefs/windir.go:76.21,78.3 1 0
github.com/k0sproject/rig/v2/remotefs/windir.go:80.2,82.16 3 0
github.com/k0sproject/rig/v2/remotefs/windir.go:82.16,86.3 3 0
github.com/k0sproject/rig/v2/remotefs/windir.go:88.2,89.9 2 0
github.com/k0sproject/rig/v2/remotefs/windir.go:89.9,92.3 2 0
github.com/k0sproject/rig/v2/remotefs/windir.go:93.2,95.15 3 0
github.com/k0sproject/rig/v2/remotefs/windir.go:95.15,96.29 1 0
github.com/k0sproject/rig/v2/remotefs/windir.go:96.29,103.4 3 0
github.com/k0sproject/rig/v2/remotefs/windir.go:106.2,108.12 3 0
github.com/k0sproject/rig/v2/remotefs/windir.go:108.12,113.3 4 0
github.com/k0sproject/rig/v2/remotefs/windir.go:114.2,114.36 1 0
github.com/k0sproject/rig/v2/remotefs/windir.go:114.36,118.3 3 0
github.com/k0sproject/rig/v2/remotefs/windir.go:119.2,122.22 3 0
github.com/k0sproject/rig/v2/remotefs/windir.go:122.22,124.3 1 0
github.com/k0sproject/rig/v2/remotefs/windir.go:126.2,126.33 1 0
github.com/k0sproject/rig/v2/remotefs/windir.go:126.33,128.3 1 0
github.com/k0sproject/rig/v2/remotefs/windir.go:130.2,131.33 2 0
github.com/k0sproject/rig/v2/remotefs/windir.go:131.33,133.3 1 0
github.com/k0sproject/rig/v2/remotefs/windir.go:134.2,135.25 2 0
github.com/k0sproject/rig/v2/remotefs/windir.go:138.40,139.14 1 0
github.com/k0sproject/rig/v2/remotefs/windir.go:139.14,141.3 1 0
github.com/k0sproject/rig/v2/remotefs/windir.go:143.2,143.85 1 0
github.com/k0sproject/rig/v2/remotefs/windir.go:143.85,145.3 1 0
github.com/k0sproject/rig/v2/remotefs/windir.go:147.2,147.12 1 0
github.com/k0sproject/rig/v2/remotefs/winfile.go:43.54,45.2 1 0
github.com/k0sproject/rig/v2/remotefs/winfile.go:60.65,61.14 1 0
github.com/k0sproject/rig/v2/remotefs/winfile.go:61.14,63.3 1 0
github.com/k0sproject/rig/v2/remotefs/winfile.go:64.2,65.16 2 0
github.com/k0sproject/rig/v2/remotefs/winfile.go:66.20,67.23 1 0
github.com/k0sproject/rig/v2/remotefs/winfile.go:68.22,69.25 1 0
github.com/k0sproject/rig/v2/remotefs/winfile.go:70.18,71.21 1 0
github.com/k0sproject/rig/v2/remotefs/winfile.go:72.10,73.90 1 0
github.com/k0sproject/rig/v2/remotefs/winfile.go:75.2,76.16 2 0
github.com/k0sproject/rig/v2/remotefs/winfile.go:76.16,78.3 1 0
github.com/k0sproject/rig/v2/remotefs/winfile.go:79.2,79.22 1 0
github.com/k0sproject/rig/v2/remotefs/winfile.go:83.48,84.14 1 0
github.com/k0sproject/rig/v2/remotefs/winfile.go:84.14,86.3 1 0
github.com/k0sproject/rig/v2/remotefs/winfile.go:87.2,88.16 2 0
github.com/k0sproject/rig/v2/remotefs/winfile.go:88.16,90.3 1 0
github.com/k0sproject/rig/v2/remotefs/winfile.go:91.2,92.16 2 0
github.com/k0sproject/rig/v2/remotefs/winfile.go:92.16,94.3 1 0
github.com/k0sproject/rig/v2/remotefs/winfile.go:95.2,95.15 1 0
github.com/k0sproject/rig/v2/remotefs/winfile.go:99.47,100.14 1 0
github.com/k0sproject/rig/v2/remotefs/winfile.go:100.14,102.3 1 0
github.com/k0sproject/rig/v2/remotefs/winfile.go:103.2,104.16 2 0
github.com/k0sproject/rig/v2/remotefs/winfile.go:104.16,106.3 1 0
github.com/k0sproject/rig/v2/remotefs/winfile.go:107.2,107.17 1 0
github.com/k0sproject/rig/v2/remotefs/winfile.go:107.17,109.3 1 0
github.com/k0sproject/rig/v2/remotefs/winfile.go:110.2,111.26 2 0
github.com/k0sproject/rig/v2/remotefs/winfile.go:111.26,113.17 2 0
github.com/k0sproject/rig/v2/remotefs/winfile.go:113.17,115.4 1 0
github.com/k0sproject/rig/v2/remotefs/winfile.go:116.3,116.13 1 0
github.com/k0sproject/rig/v2/remotefs/winfile.go:118.2,118.19 1 0
github.com/k0sproject/rig/v2/remotefs/winfile.go:122.56,123.14 1 0
github.com/k0sproject/rig/v2/remotefs/winfile.go:123.14,125.3 1 0
github.com/k0sproject/rig/v2/remotefs/winfile.go:126.2,127.16 2 0
github.com/k0sproject/rig/v2/remotefs/winfile.go:127.16,129.3 1 0
github.com/k0sproject/rig/v2/remotefs/winfile.go:130.2,130.17 1 0
github.com/k0sproject/rig/v2/remotefs/winfile.go:130.17,132.3 1 0
github.com/k0sproject/rig/v2/remotefs/winfile.go:133.2,134.21 2 0
github.com/k0sproject/rig/v2/remotefs/winfile.go:134.21,137.17 3 0
github.com/k0sproject/rig/v2/remotefs/winfile.go:137.17,139.4 1 0
github.com/k0sproject/rig/v2/remotefs/winfile.go:141.2,141.19 1 0
github.com/k0sproject/rig/v2/remotefs/winfile.go:145.58,147.16 2 0
github.com/k0sproject/rig/v2/remotefs/winfile.go:147.16,149.3 1 0
github.com/k0sproject/rig/v2/remotefs/winfile.go:150.2,150.15 1 0
github.com/k0sproject/rig/v2/remotefs/winfile.go:153.32,154.9 1 0
github.com/k0sproject/rig/v2/remotefs/winfile.go:155.55,156.17 1 0
github.com/k0sproject/rig/v2/remotefs/winfile.go:157.28,158.21 1 0
github.com/k0sproject/rig/v2/remotefs/winfile.go:159.10,160.16 1 0
github.com/k0sproject/rig/v2/remotefs/winfile.go:164.30,165.9 1 0
github.com/k0sproject/rig/v2/remotefs/winfile.go:166.30,167.27 1 0
github.com/k0sproject/rig/v2/remotefs/winfile.go:167.27,169.4 1 0
github.com/k0sproject/rig/v2/remotefs/winfile.go:170.3,170.24 1 0
github.com/k0sproject/rig/v2/remotefs/winfile.go:171.29,172.20 1 0
github.com/k0sproject/rig/v2/remotefs/winfile.go:173.30,174.18 1 0
github.com/k0sproject/rig/v2/remotefs/winfile.go:175.10,176.16 1 0
github.com/k0sproject/rig/v2/remotefs/winfile.go:180.41,181.14 1 0
github.com/k0sproject/rig/v2/remotefs/winfile.go:181.14,183.3 1 0
github.com/k0sproject/rig/v2/remotefs/winfile.go:185.2,195.16 10 0
github.com/k0sproject/rig/v2/remotefs/winfile.go:195.16,197.3 1 0
github.com/k0sproject/rig/v2/remotefs/winfile.go:198.2,198.12 1 0
github.com/k0sproject/rig/v2/remotefs/winfile.go:198.12,200.3 1 0
github.com/k0sproject/rig/v2/remotefs/winfile.go:201.2,201.12 1 0
github.com/k0sproject/rig/v2/remotefs/winfile.go:201.12,213.3 11 0
github.com/k0sproject/rig/v2/remotefs/winfile.go:215.2,216.16 2 0
github.com/k0sproject/rig/v2/remotefs/winfile.go:216.16,219.3 2 0
github.com/k0sproject/rig/v2/remotefs/winfile.go:220.2,220.20 1 0
github.com/k0sproject/rig/v2/remotefs/winfile.go:220.20,223.3 2 0
github.com/k0sproject/rig/v2/remotefs/winfile.go:225.2,225.12 1 0
github.com/k0sproject/rig/v2/remotefs/winfile.go:228.61,229.14 1 0
github.com/k0sproject/rig/v2/remotefs/winfile.go:229.14,231.3 1 0
github.com/k0sproject/rig/v2/remotefs/winfile.go:232.2,233.16 2 0
github.com/k0sproject/rig/v2/remotefs/winfile.go:233.16,234.13 1 0
github.com/k0sproject/rig/v2/remotefs/winfile.go:234.13,236.18 2 0
github.com/k0sproject/rig/v2/remotefs/winfile.go:236.18,240.5 3 0
github.com/k0sproject/rig/v2/remotefs/winfile.go:241.4,241.24 1 0
github.com/k0sproject/rig/v2/remotefs/winfile.go:244.2,246.16 3 0
github.com/k0sproject/rig/v2/remotefs/winfile.go:246.16,248.3 1 0
github.com/k0sproject/rig/v2/remotefs/winfile.go:249.2,249.16 1 0
github.com/k0sproject/rig/v2/remotefs/winfile.go:249.16,251.3 1 0
github.com/k0sproject/rig/v2/remotefs/winfile.go:252.2,252.9 1 0
github.com/k0sproject/rig/v2/remotefs/winfile.go:253.16,254.23 1 0
github.com/k0sproject/rig/v2/remotefs/winfile.go:255.26,257.10 2 0
github.com/k0sproject/rig/v2/remotefs/winfile.go:257.10,259.4 1 0
github.com/k0sproject/rig/v2/remotefs/winfile.go:260.3,260.21 1 0
github.com/k0sproject/rig/v2/remotefs/winfile.go:260.21,262.4 1 0
github.com/k0sproject/rig/v2/remotefs/winfile.go:263.3,263.51 1 0
github.com/k0sproject/rig/v2/remotefs/winfile.go:263.51,265.4 1 0
github.com/k0sproject/rig/v2/remotefs/winfile.go:266.3,266.28 1 0
github.com/k0sproject/rig/v2/remotefs/winfile.go:266.28,267.35 1 0
github.com/k0sproject/rig/v2/remotefs/winfile.go:267.35,269.5 1 0
github.com/k0sproject/rig/v2/remotefs/winfile.go:270.4,270.45 1 0
github.com/k0sproject/rig/v2/remotefs/winfile.go:270.45,272.5 1 0
github.com/k0sproject/rig/v2/remotefs/winfile.go:273.4,273.50 1 0
github.com/k0sproject/rig/v2/remotefs/winfile.go:275.3,275.18 1 0
github.com/k0sproject/rig/v2/remotefs/winfile.go:279.33,282.16 3 0
github.com/k0sproject/rig/v2/remotefs/winfile.go:282.16,284.3 1 0
github.com/k0sproject/rig/v2/remotefs/winfile.go:285.2,285.20 1 0
github.com/k0sproject/rig/v2/remotefs/winfile.go:285.20,287.3 1 0
github.com/k0sproject/rig/v2/remotefs/winfile.go:288.2,288.20 1 0
github.com/k0sproject/rig/v2/remotefs/winfile.go:288.20,290.3 1 0
github.com/k0sproject/rig/v2/remotefs/winfile.go:291.2,296.12 5 0
github.com/k0sproject/rig/v2/remotefs/winfileinfo.go:18.61,21.16 3 0
github.com/k0sproject/rig/v2/remotefs/winfileinfo.go:21.16,23.3 1 0
github.com/k0sproject/rig/v2/remotefs/winfileinfo.go:25.2,28.12 4 0
github.com/k0sproject/rig/v2/remotefs/winfileinfo.go:45.38,48.2 2 0
github.com/k0sproject/rig/v2/remotefs/winfileinfo.go:51.37,53.2 1 0
github.com/k0sproject/rig/v2/remotefs/winfileinfo.go:56.43,58.16 2 1
github.com/k0sproject/rig/v2/remotefs/winfileinfo.go:58.16,60.3 1 1
github.com/k0sproject/rig/v2/remotefs/winfileinfo.go:61.2,61.19 1 1
github.com/k0sproject/rig/v2/remotefs/winfileinfo.go:61.19,63.3 1 1
github.com/k0sproject/rig/v2/remotefs/winfileinfo.go:64.2,64.21 1 1
github.com/k0sproject/rig/v2/remotefs/winfileinfo.go:68.44,70.2 1 0
github.com/k0sproject/rig/v2/remotefs/winfileinfo.go:73.37,75.2 1 1
github.com/k0sproject/rig/v2/remotefs/winfileinfo.go:78.34,80.2 1 0
github.com/k0sproject/rig/v2/remotefs/winfileinfo.go:83.52,85.2 1 0
github.com/k0sproject/rig/v2/remotefs/winfileinfo.go:89.43,91.2 1 0
github.com/k0sproject/rig/v2/remotefs/winfs.go:46.43,48.2 1 1
github.com/k0sproject/rig/v2/remotefs/winfs.go:61.56,63.16 2 0
github.com/k0sproject/rig/v2/remotefs/winfs.go:63.16,65.3 1 0
github.com/k0sproject/rig/v2/remotefs/winfs.go:67.2,68.56 2 0
github.com/k0sproject/rig/v2/remotefs/winfs.go:68.56,70.3 1 0
github.com/k0sproject/rig/v2/remotefs/winfs.go:71.2,71.18 1 0
github.com/k0sproject/rig/v2/remotefs/winfs.go:71.18,72.49 1 0
github.com/k0sproject/rig/v2/remotefs/winfs.go:72.49,74.4 1 0
github.com/k0sproject/rig/v2/remotefs/winfs.go:75.3,75.59 1 0
github.com/k0sproject/rig/v2/remotefs/winfs.go:77.2,77.16 1 0
github.com/k0sproject/rig/v2/remotefs/winfs.go:81.53,89.16 3 0
github.com/k0sproject/rig/v2/remotefs/winfs.go:89.16,91.3 1 0
github.com/k0sproject/rig/v2/remotefs/winfs.go:92.2,92.36 1 0
github.com/k0sproject/rig/v2/remotefs/winfs.go:96.61,98.16 2 0
github.com/k0sproject/rig/v2/remotefs/winfs.go:98.16,100.3 1 0
github.com/k0sproject/rig/v2/remotefs/winfs.go:101.2,103.9 3 0
github.com/k0sproject/rig/v2/remotefs/winfs.go:103.9,105.3 1 0
github.com/k0sproject/rig/v2/remotefs/winfs.go:107.2,107.24 1 0
github.com/k0sproject/rig/v2/remotefs/winfs.go:111.43,112.67 1 0
github.com/k0sproject/rig/v2/remotefs/winfs.go:112.67,114.3 1 0
github.com/k0sproject/rig/v2/remotefs/winfs.go:116.2,116.77 1 0
github.com/k0sproject/rig/v2/remotefs/winfs.go:116.77,118.3 1 0
github.com/k0sproject/rig/v2/remotefs/winfs.go:120.2,120.12 1 0
github.com/k0sproject/rig/v2/remotefs/winfs.go:124.46,125.67 1 0
github.com/k0sproject/rig/v2/remotefs/winfs.go:125.67,127.3 1 0
github.com/k0sproject/rig/v2/remotefs/winfs.go:129.2,129.23 1 0
github.com/k0sproject/rig/v2/remotefs/winfs.go:132.46,133.82 1 0
github.com/k0sproject/rig/v2/remotefs/winfs.go:133.82,135.3 1 0
github.com/k0sproject/rig/v2/remotefs/winfs.go:136.2,136.12 1 0
github.com/k0sproject/rig/v2/remotefs/winfs.go:139.49,140.85 1 0
github.com/k0sproject/rig/v2/remotefs/winfs.go:140.85,142.3 1 0
github.com/k0sproject/rig/v2/remotefs/winfs.go:144.2,144.12 1 0
github.com/k0sproject/rig/v2/remotefs/winfs.go:148.60,149.112 1 0
github.com/k0sproject/rig/v2/remotefs/winfs.go:149.112,151.3 1 0
github.com/k0sproject/rig/v2/remotefs/winfs.go:153.2,153.12 1 0
github.com/k0sproject/rig/v2/remotefs/winfs.go:157.57,158.79 1 0
github.com/k0sproject/rig/v2/remotefs/winfs.go:158.79,160.3 1 0
github.com/k0sproject/rig/v2/remotefs/winfs.go:161.2,161.12 1 0
github.com/k0sproject/rig/v2/remotefs/winfs.go:164.43,167.16 3 0
github.com/k0sproject/rig/v2/remotefs/winfs.go:167.16,169.3 1 0
github.com/k0sproject/rig/v2/remotefs/winfs.go:170.2,170.43 1 0
github.com/k0sproject/rig/v2/remotefs/winfs.go:174.63,175.15 1 0
github.com/k0sproject/rig/v2/remotefs/winfs.go:175.15,177.3 1 0
github.com/k0sproject/rig/v2/remotefs/winfs.go:179.2,180.16 2 0
github.com/k0sproject/rig/v2/remotefs/winfs.go:180.16,182.3 1 0
github.com/k0sproject/rig/v2/remotefs/winfs.go:184.2,185.45 2 0
github.com/k0sproject/rig/v2/remotefs/winfs.go:185.45,187.3 1 0
github.com/k0sproject/rig/v2/remotefs/winfs.go:188.2,188.29 1 0
github.com/k0sproject/rig/v2/remotefs/winfs.go:193.64,194.15 1 1
github.com/k0sproject/rig/v2/remotefs/winfs.go:194.15,196.3 1 1
github.com/k0sproject/rig/v2/remotefs/winfs.go:200.2,206.16 3 1
github.com/k0sproject/rig/v2/remotefs/winfs.go:206.16,208.3 1 0
github.com/k0sproject/rig/v2/remotefs/winfs.go:209.2,209.28 1 1
github.com/k0sproject/rig/v2/remotefs/winfs.go:219.52,221.16 2 0
github.com/k0sproject/rig/v2/remotefs/winfs.go:221.16,223.3 1 0
github.com/k0sproject/rig/v2/remotefs/winfs.go:225.2,225.15 1 0
github.com/k0sproject/rig/v2/remotefs/winfs.go:230.79,233.51 3 0
github.com/k0sproject/rig/v2/remotefs/winfs.go:233.51,235.3 1 0
github.com/k0sproject/rig/v2/remotefs/winfs.go:236.2,237.29 2 0
github.com/k0sproject/rig/v2/remotefs/winfs.go:237.29,239.3 1 0
github.com/k0sproject/rig/v2/remotefs/winfs.go:239.8,241.3 1 0
github.com/k0sproject/rig/v2/remotefs/winfs.go:242.2,242.38 1 0
github.com/k0sproject/rig/v2/remotefs/winfs.go:242.38,244.3 1 0
github.com/k0sproject/rig/v2/remotefs/winfs.go:245.2,246.9 2 0
github.com/k0sproject/rig/v2/remotefs/winfs.go:246.9,248.3 1 0
github.com/k0sproject/rig/v2/remotefs/winfs.go:250.2,250.15 1 0
github.com/k0sproject/rig/v2/remotefs/winfs.go:254.55,256.16 2 0
github.com/k0sproject/rig/v2/remotefs/winfs.go:256.16,258.3 1 0
github.com/k0sproject/rig/v2/remotefs/winfs.go:259.2,261.16 3 0
github.com/k0sproject/rig/v2/remotefs/winfs.go:261.16,263.3 1 0
github.com/k0sproject/rig/v2/remotefs/winfs.go:264.2,264.18 1 0
github.com/k0sproject/rig/v2/remotefs/winfs.go:268.77,270.16 2 0
github.com/k0sproject/rig/v2/remotefs/winfs.go:270.16,272.3 1 0
github.com/k0sproject/rig/v2/remotefs/winfs.go:273.2,276.16 4 0
github.com/k0sproject/rig/v2/remotefs/winfs.go:276.16,278.3 1 0
github.com/k0sproject/rig/v2/remotefs/winfs.go:279.2,279.12 1 0
github.com/k0sproject/rig/v2/remotefs/winfs.go:286.45,288.2 1 0
github.com/k0sproject/rig/v2/remotefs/winfs.go:291.55,293.16 2 1
github.com/k0sproject/rig/v2/remotefs/winfs.go:293.16,295.3 1 1
github.com/k0sproject/rig/v2/remotefs/winfs.go:296.2,296.48 1 1
github.com/k0sproject/rig/v2/remotefs/winfs.go:296.48,297.55 1 1
github.com/k0sproject/rig/v2/remotefs/winfs.go:297.55,299.4 1 1
github.com/k0sproject/rig/v2/remotefs/winfs.go:301.2,301.64 1 1
github.com/k0sproject/rig/v2/remotefs/winfs.go:305.45,307.2 1 0
github.com/k0sproject/rig/v2/remotefs/winfs.go:316.59,318.19 2 1
github.com/k0sproject/rig/v2/remotefs/winfs.go:318.19,319.14 1 1
github.com/k0sproject/rig/v2/remotefs/winfs.go:319.14,321.4 1 1
github.com/k0sproject/rig/v2/remotefs/winfs.go:322.3,322.26 1 1
github.com/k0sproject/rig/v2/remotefs/winfs.go:325.2,325.69 1 1
github.com/k0sproject/rig/v2/remotefs/winfs.go:325.69,327.3 1 1
github.com/k0sproject/rig/v2/remotefs/winfs.go:328.2,328.20 1 1
github.com/k0sproject/rig/v2/remotefs/winfs.go:333.41,335.24 2 1
github.com/k0sproject/rig/v2/remotefs/winfs.go:335.24,337.3 1 1
github.com/k0sproject/rig/v2/remotefs/winfs.go:338.2,339.13 2 1
github.com/k0sproject/rig/v2/remotefs/winfs.go:339.13,341.3 1 1
github.com/k0sproject/rig/v2/remotefs/winfs.go:342.2,344.36 2 1
github.com/k0sproject/rig/v2/remotefs/winfs.go:344.36,346.3 1 1
github.com/k0sproject/rig/v2/remotefs/winfs.go:347.2,347.15 1 1
github.com/k0sproject/rig/v2/remotefs/winfs.go:347.15,349.3 1 0
github.com/k0sproject/rig/v2/remotefs/winfs.go:350.2,350.12 1 1
github.com/k0sproject/rig/v2/remotefs/winfs.go:355.42,357.24 2 1
github.com/k0sproject/rig/v2/remotefs/winfs.go:357.24,359.3 1 1
github.com/k0sproject/rig/v2/remotefs/winfs.go:360.2,361.13 2 1
github.com/k0sproject/rig/v2/remotefs/winfs.go:361.13,363.3 1 1
github.com/k0sproject/rig/v2/remotefs/winfs.go:364.2,364.24 1 1
github.com/k0sproject/rig/v2/remotefs/winfs.go:368.48,371.2 2 1
github.com/k0sproject/rig/v2/remotefs/winfs.go:376.59,378.17 2 1
github.com/k0sproject/rig/v2/remotefs/winfs.go:378.17,380.3 1 1
github.com/k0sproject/rig/v2/remotefs/winfs.go:381.2,383.49 3 1
github.com/k0sproject/rig/v2/remotefs/winfs.go:383.49,385.3 1 0
github.com/k0sproject/rig/v2/remotefs/winfs.go:386.2,386.12 1 1
github.com/k0sproject/rig/v2/remotefs/winfs.go:390.64,393.206 3 0
github.com/k0sproject/rig/v2/remotefs/winfs.go:393.206,395.3 1 0
github.com/k0sproject/rig/v2/remotefs/winfs.go:396.2,396.12 1 0
github.com/k0sproject/rig/v2/remotefs/winfs.go:402.60,404.21 2 1
github.com/k0sproject/rig/v2/remotefs/winfs.go:404.21,406.3 1 1
github.com/k0sproject/rig/v2/remotefs/winfs.go:406.8,408.3 1 1
github.com/k0sproject/rig/v2/remotefs/winfs.go:412.2,413.49 2 1
github.com/k0sproject/rig/v2/remotefs/winfs.go:413.49,415.3 1 0
github.com/k0sproject/rig/v2/remotefs/winfs.go:416.2,416.12 1 1
github.com/k0sproject/rig/v2/remotefs/winfs.go:420.52,422.2 1 0
github.com/k0sproject/rig/v2/remotefs/winfs.go:425.55,427.2 1 1
github.com/k0sproject/rig/v2/remotefs/winfs.go:430.56,432.2 1 1
github.com/k0sproject/rig/v2/remotefs/winfs.go:435.59,437.2 1 1
github.com/k0sproject/rig/v2/remotefs/winfs.go:440.52,448.49 2 1
github.com/k0sproject/rig/v2/remotefs/winfs.go:448.49,450.3 1 1
github.com/k0sproject/rig/v2/remotefs/winfs.go:451.2,451.12 1 1
github.com/k0sproject/rig/v2/remotefs/winfs.go:457.71,459.33 2 1
github.com/k0sproject/rig/v2/remotefs/winfs.go:459.33,460.38 1 0
github.com/k0sproject/rig/v2/remotefs/winfs.go:460.38,461.12 1 0
github.com/k0sproject/rig/v2/remotefs/winfs.go:463.3,463.44 1 0
github.com/k0sproject/rig/v2/remotefs/winfs.go:463.44,465.4 1 0
github.com/k0sproject/rig/v2/remotefs/winfs.go:466.3,466.21 1 0
github.com/k0sproject/rig/v2/remotefs/winfs.go:466.21,467.12 1 0
github.com/k0sproject/rig/v2/remotefs/winfs.go:469.3,470.40 2 0
github.com/k0sproject/rig/v2/remotefs/winfs.go:470.40,472.4 1 0
github.com/k0sproject/rig/v2/remotefs/winfs.go:473.3,474.46 2 0
github.com/k0sproject/rig/v2/remotefs/winfs.go:474.46,476.4 1 0
github.com/k0sproject/rig/v2/remotefs/winfs.go:477.3,477.78 1 0
github.com/k0sproject/rig/v2/remotefs/winfs.go:479.2,479.16 1 1
github.com/k0sproject/rig/v2/remotefs/winfs.go:479.16,480.44 1 1
github.com/k0sproject/rig/v2/remotefs/winfs.go:480.44,482.4 1 0
github.com/k0sproject/rig/v2/remotefs/winfs.go:483.3,483.78 1 1
github.com/k0sproject/rig/v2/remotefs/winfs.go:485.2,485.21 1 1
github.com/k0sproject/rig/v2/remotefs/winfs.go:485.21,487.3 1 0
github.com/k0sproject/rig/v2/remotefs/winfs.go:488.2,488.75 1 1
github.com/k0sproject/rig/v2/remotefs/winfs.go:492.70,493.16 1 1
github.com/k0sproject/rig/v2/remotefs/winfs.go:493.16,495.3 1 0
github.com/k0sproject/rig/v2/remotefs/winfs.go:496.2,496.20 1 1
github.com/k0sproject/rig/v2/remotefs/winfs.go:496.20,498.3 1 0
github.com/k0sproject/rig/v2/remotefs/winfs.go:499.2,499.48 1 1
github.com/k0sproject/rig/v2/remotefs/winfs.go:499.48,501.3 1 1
github.com/k0sproject/rig/v2/remotefs/winfs.go:502.2,502.54 1 1
github.com/k0sproject/rig/v2/remotefs/winfs.go:502.54,504.3 1 0
github.com/k0sproject/rig/v2/remotefs/winfs.go:505.2,506.18 2 1
github.com/k0sproject/rig/v2/remotefs/winfs.go:506.18,508.3 1 0
github.com/k0sproject/rig/v2/remotefs/winfs.go:509.2,510.16 2 1
github.com/k0sproject/rig/v2/remotefs/winfs.go:510.16,512.3 1 0
github.com/k0sproject/rig/v2/remotefs/winfs.go:514.2,516.48 3 1
github.com/k0sproject/rig/v2/remotefs/winfs.go:516.48,522.3 2 1
github.com/k0sproject/rig/v2/remotefs/winfs.go:524.2,557.16 3 1
github.com/k0sproject/rig/v2/remotefs/winfs.go:557.16,559.3 1 1
github.com/k0sproject/rig/v2/remotefs/winfs.go:560.2,560.39 1 1
github.com/k0sproject/rig/v2/remotefs/winfs.go:565.65,580.16 3 1
github.com/k0sproject/rig/v2/remotefs/winfs.go:580.16,582.3 1 0
github.com/k0sproject/rig/v2/remotefs/winfs.go:583.2,583.43 1 1
github.com/k0sproject/rig/v2/remotefs/winfs.go:584.25,585.19 1 1
github.com/k0sproject/rig/v2/remotefs/winfs.go:586.28,587.20 1 1
github.com/k0sproject/rig/v2/remotefs/winfs.go:588.29,589.65 1 1
github.com/k0sproject/rig/v2/remotefs/winfs.go:590.43,591.115 1 1
github.com/k0sproject/rig/v2/remotefs/winfs.go:592.10,593.90 1 0
github.com/k0sproject/rig/v2/remotefs/winfs.go:599.77,601.36 2 1
github.com/k0sproject/rig/v2/remotefs/winfs.go:601.36,603.3 1 1
github.com/k0sproject/rig/v2/remotefs/winfs.go:604.2,604.16 1 1
github.com/k0sproject/rig/v2/remotefs/winfs.go:604.16,606.3 1 1
github.com/k0sproject/rig/v2/remotefs/winfs.go:607.2,607.12 1 1
github.com/k0sproject/rig/v2/remotefs/winfs.go:612.45,614.2 1 1
github.com/k0sproject/rig/v2/remotefs/winfs.go:617.57,618.185 1 0
github.com/k0sproject/rig/v2/remotefs/winfs.go:618.185,620.3 1 0
github.com/k0sproject/rig/v2/remotefs/winfs.go:621.2,621.12 1 0
github.com/k0sproject/rig/v2/remotefs/winfs.go:625.43,627.16 2 1
github.com/k0sproject/rig/v2/remotefs/winfs.go:627.16,629.3 1 0
github.com/k0sproject/rig/v2/remotefs/winfs.go:630.2,630.12 1 1
github.com/k0sproject/rig/v2/remotefs/winfs.go:634.44,636.16 2 0
github.com/k0sproject/rig/v2/remotefs/winfs.go:636.16,638.3 1 0
github.com/k0sproject/rig/v2/remotefs/winfs.go:639.2,639.17 1 0
github.com/k0sproject/rig/v2/remotefs/winfs.go:643.45,645.16 2 1
github.com/k0sproject/rig/v2/remotefs/winfs.go:645.16,647.3 1 0
github.com/k0sproject/rig/v2/remotefs/winfs.go:648.2,648.15 1 1
github.com/k0sproject/rig/v2/remotefs/winfs.go:648.15,650.3 1 1
github.com/k0sproject/rig/v2/remotefs/winfs.go:651.2,651.17 1 1
github.com/k0sproject/rig/v2/remotefs/winfs.go:655.49,657.16 2 1
github.com/k0sproject/rig/v2/remotefs/winfs.go:657.16,659.3 1 0
github.com/k0sproject/rig/v2/remotefs/winfs.go:660.2,661.16 2 1
github.com/k0sproject/rig/v2/remotefs/winfs.go:661.16,663.3 1 1
github.com/k0sproject/rig/v2/remotefs/winfs.go:664.2,664.32 1 1
github.com/k0sproject/rig/v2/remotefs/winfs.go:668.48,670.16 2 0
github.com/k0sproject/rig/v2/remotefs/winfs.go:670.16,672.3 1 0
github.com/k0sproject/rig/v2/remotefs/winfs.go:673.2,673.17 1 0
github.com/k0sproject/rig/v2/remotefs/winfs.go:677.55,678.164 1 1
github.com/k0sproject/rig/v2/remotefs/winfs.go:678.164,680.3 1 1
github.com/k0sproject/rig/v2/remotefs/winfs.go:681.2,681.12 1 1
github.com/k0sproject/rig/v2/remotefs/winfs.go:685.34,686.40 1 1
github.com/k0sproject/rig/v2/remotefs/winfs.go:686.40,688.3 1 1
github.com/k0sproject/rig/v2/remotefs/winfs.go:689.2,689.26 1 0
github.com/k0sproject/rig/v2/remotefs/winfs.go:693.39,694.48 1 0
github.com/k0sproject/rig/v2/remotefs/winfs.go:694.48,696.3 1 0
github.com/k0sproject/rig/v2/remotefs/winfs.go:697.2,697.71 1 0
github.com/k0sproject/rig/v2/remotefs/winfs.go:701.40,702.43 1 0
github.com/k0sproject/rig/v2/remotefs/winfs.go:702.43,704.3 1 0
github.com/k0sproject/rig/v2/remotefs/winfs.go:705.2,705.73 1 0
github.com/k0sproject/rig/v2/remotefs/winfs.go:709.38,710.47 1 0
github.com/k0sproject/rig/v2/remotefs/winfs.go:710.47,712.3 1 0
github.com/k0sproject/rig/v2/remotefs/winfs.go:713.2,713.46 1 0
github.com/k0sproject/rig/v2/remotefs/winfs.go:713.46,715.3 1 0
github.com/k0sproject/rig/v2/remotefs/winfs.go:716.2,716.11 1 0
github.com/k0sproject/rig/v2/remotefs/winfs.go:719.36,721.2 1 1
github.com/k0sproject/rig/v2/remotefs/winfs.go:732.51,743.89 4 1
github.com/k0sproject/rig/v2/remotefs/winfs.go:743.89,745.3 1 1
github.com/k0sproject/rig/v2/remotefs/winfs.go:747.2,750.86 3 1
github.com/k0sproject/rig/v2/remotefs/winfs.go:750.86,755.30 2 1
github.com/k0sproject/rig/v2/remotefs/winfs.go:755.30,757.4 1 1
github.com/k0sproject/rig/v2/remotefs/winfs.go:760.3,760.13 1 1
github.com/k0sproject/rig/v2/remotefs/winfs.go:765.2,766.12 2 1
github.com/k0sproject/rig/v2/remotefs/withname.go:21.34,23.2 1 0
github.com/k0sproject/rig/v2/remotefs/withname.go:25.56,27.2 1 0
github.com/k0sproject/rig/v2/remotefs/writefileatomic.go:12.81,14.50 2 1
github.com/k0sproject/rig/v2/remotefs/writefileatomic.go:14.50,16.3 1 1
github.com/k0sproject/rig/v2/remotefs/writefileatomic.go:17.2,18.16 2 1
github.com/k0sproject/rig/v2/remotefs/writefileatomic.go:18.16,20.3 1 1
github.com/k0sproject/rig/v2/remotefs/writefileatomic.go:21.2,21.15 1 1
github.com/k0sproject/rig/v2/remotefs/writefileatomic.go:21.15,21.39 1 1
github.com/k0sproject/rig/v2/remotefs/writefileatomic.go:22.2,22.57 1 1
github.com/k0sproject/rig/v2/remotefs/writefileatomic.go:22.57,24.3 1 1
github.com/k0sproject/rig/v2/remotefs/writefileatomic.go:25.2,25.46 1 1
github.com/k0sproject/rig/v2/remotefs/writefileatomic.go:25.46,27.3 1 1
github.com/k0sproject/rig/v2/remotefs/writefileatomic.go:28.2,28.47 1 1
github.com/k0sproject/rig/v2/remotefs/writefileatomic.go:28.47,30.3 1 1
github.com/k0sproject/rig/v2/remotefs/writefileatomic.go:31.2,31.12 1 1
github.com/k0sproject/rig/v2/rigtest/assertions.go:20.49,21.26 1 0
github.com/k0sproject/rig/v2/rigtest/assertions.go:21.26,23.3 1 0
github.com/k0sproject/rig/v2/rigtest/assertions.go:24.2,24.30 1 0
github.com/k0sproject/rig/v2/rigtest/assertions.go:24.30,26.3 1 0
github.com/k0sproject/rig/v2/rigtest/assertions.go:27.2,27.26 1 0
github.com/k0sproject/rig/v2/rigtest/assertions.go:27.26,28.42 1 0
github.com/k0sproject/rig/v2/rigtest/assertions.go:28.42,30.4 1 0
github.com/k0sproject/rig/v2/rigtest/assertions.go:30.9,32.4 1 0
github.com/k0sproject/rig/v2/rigtest/assertions.go:33.3,33.9 1 0
github.com/k0sproject/rig/v2/rigtest/assertions.go:36.2,36.41 1 0
github.com/k0sproject/rig/v2/rigtest/assertions.go:36.41,39.3 2 0
github.com/k0sproject/rig/v2/rigtest/assertions.go:40.2,40.37 1 0
github.com/k0sproject/rig/v2/rigtest/assertions.go:44.79,45.30 1 0
github.com/k0sproject/rig/v2/rigtest/assertions.go:45.30,47.3 1 0
github.com/k0sproject/rig/v2/rigtest/assertions.go:48.2,48.51 1 0
github.com/k0sproject/rig/v2/rigtest/assertions.go:48.51,51.3 2 0
github.com/k0sproject/rig/v2/rigtest/assertions.go:55.83,56.30 1 0
github.com/k0sproject/rig/v2/rigtest/assertions.go:56.30,58.3 1 0
github.com/k0sproject/rig/v2/rigtest/assertions.go:59.2,59.54 1 0
github.com/k0sproject/rig/v2/rigtest/assertions.go:59.54,62.3 2 0
github.com/k0sproject/rig/v2/rigtest/assertions.go:66.83,67.30 1 0
github.com/k0sproject/rig/v2/rigtest/assertions.go:67.30,69.3 1 0
github.com/k0sproject/rig/v2/rigtest/assertions.go:70.2,70.54 1 0
github.com/k0sproject/rig/v2/rigtest/assertions.go:70.54,73.3 2 0
github.com/k0sproject/rig/v2/rigtest/assertions.go:77.84,78.30 1 1
github.com/k0sproject/rig/v2/rigtest/assertions.go:78.30,80.3 1 1
github.com/k0sproject/rig/v2/rigtest/assertions.go:81.2,81.56 1 1
github.com/k0sproject/rig/v2/rigtest/assertions.go:81.56,84.3 2 0
github.com/k0sproject/rig/v2/rigtest/assertions.go:88.79,89.30 1 0
github.com/k0sproject/rig/v2/rigtest/assertions.go:89.30,91.3 1 0
github.com/k0sproject/rig/v2/rigtest/assertions.go:92.2,92.51 1 0
github.com/k0sproject/rig/v2/rigtest/assertions.go:92.51,95.3 2 0
github.com/k0sproject/rig/v2/rigtest/assertions.go:99.82,100.30 1 0
github.com/k0sproject/rig/v2/rigtest/assertions.go:100.30,102.3 1 0
github.com/k0sproject/rig/v2/rigtest/assertions.go:103.2,103.54 1 0
github.com/k0sproject/rig/v2/rigtest/assertions.go:103.54,106.3 2 0
github.com/k0sproject/rig/v2/rigtest/assertions.go:110.86,111.30 1 0
github.com/k0sproject/rig/v2/rigtest/assertions.go:111.30,113.3 1 0
github.com/k0sproject/rig/v2/rigtest/assertions.go:114.2,114.57 1 0
github.com/k0sproject/rig/v2/rigtest/assertions.go:114.57,117.3 2 0
github.com/k0sproject/rig/v2/rigtest/assertions.go:121.86,122.30 1 0
github.com/k0sproject/rig/v2/rigtest/assertions.go:122.30,124.3 1 0
github.com/k0sproject/rig/v2/rigtest/assertions.go:125.2,125.57 1 0
github.com/k0sproject/rig/v2/rigtest/assertions.go:125.57,128.3 2 0
github.com/k0sproject/rig/v2/rigtest/assertions.go:132.87,133.30 1 0
github.com/k0sproject/rig/v2/rigtest/assertions.go:133.30,135.3 1 0
github.com/k0sproject/rig/v2/rigtest/assertions.go:136.2,136.59 1 0
github.com/k0sproject/rig/v2/rigtest/assertions.go:136.59,139.3 2 0
github.com/k0sproject/rig/v2/rigtest/assertions.go:143.82,144.30 1 0
github.com/k0sproject/rig/v2/rigtest/assertions.go:144.30,146.3 1 0
github.com/k0sproject/rig/v2/rigtest/assertions.go:147.2,147.54 1 0
github.com/k0sproject/rig/v2/rigtest/assertions.go:147.54,150.3 2 0
github.com/k0sproject/rig/v2/rigtest/mocklogger.go:17.22,19.2 1 0
github.com/k0sproject/rig/v2/rigtest/mocklogger.go:22.17,24.2 1 0
github.com/k0sproject/rig/v2/rigtest/mocklogger.go:27.23,31.2 3 0
github.com/k0sproject/rig/v2/rigtest/mocklogger.go:41.37,43.2 1 0
github.com/k0sproject/rig/v2/rigtest/mocklogger.go:46.42,48.2 1 0
github.com/k0sproject/rig/v2/rigtest/mocklogger.go:51.47,53.2 1 0
github.com/k0sproject/rig/v2/rigtest/mocklogger.go:56.41,63.2 4 0
github.com/k0sproject/rig/v2/rigtest/mocklogger.go:71.60,76.2 3 0
github.com/k0sproject/rig/v2/rigtest/mocklogger.go:79.30,83.2 3 0
github.com/k0sproject/rig/v2/rigtest/mocklogger.go:86.32,90.2 3 0
github.com/k0sproject/rig/v2/rigtest/mocklogger.go:93.50,99.2 5 0
github.com/k0sproject/rig/v2/rigtest/mocklogger.go:102.57,105.33 3 0
github.com/k0sproject/rig/v2/rigtest/mocklogger.go:105.33,106.37 1 0
github.com/k0sproject/rig/v2/rigtest/mocklogger.go:106.37,108.4 1 0
github.com/k0sproject/rig/v2/rigtest/mocklogger.go:110.2,110.14 1 0
github.com/k0sproject/rig/v2/rigtest/mocklogger.go:114.63,117.33 3 0
github.com/k0sproject/rig/v2/rigtest/mocklogger.go:117.33,118.47 1 0
github.com/k0sproject/rig/v2/rigtest/mocklogger.go:118.47,120.4 1 0
github.com/k0sproject/rig/v2/rigtest/mocklogger.go:122.2,122.14 1 0
github.com/k0sproject/rig/v2/rigtest/mocklogger.go:126.58,129.33 3 0
github.com/k0sproject/rig/v2/rigtest/mocklogger.go:129.33,130.29 1 0
github.com/k0sproject/rig/v2/rigtest/mocklogger.go:130.29,132.4 1 0
github.com/k0sproject/rig/v2/rigtest/mocklogger.go:134.2,134.14 1 0
github.com/k0sproject/rig/v2/rigtest/mocklogger.go:138.51,138.76 1 0
github.com/k0sproject/rig/v2/rigtest/mocklogger.go:141.51,141.76 1 0
github.com/k0sproject/rig/v2/rigtest/mocklogger.go:144.50,144.74 1 0
github.com/k0sproject/rig/v2/rigtest/mocklogger.go:147.50,147.74 1 0
github.com/k0sproject/rig/v2/rigtest/mocklogger.go:150.51,150.75 1 0
github.com/k0sproject/rig/v2/rigtest/mockrunner.go:47.49,48.31 1 0
github.com/k0sproject/rig/v2/rigtest/mockrunner.go:48.31,50.3 1 0
github.com/k0sproject/rig/v2/rigtest/mockrunner.go:54.46,55.31 1 1
github.com/k0sproject/rig/v2/rigtest/mockrunner.go:55.31,57.3 1 1
github.com/k0sproject/rig/v2/rigtest/mockrunner.go:61.46,62.31 1 0
github.com/k0sproject/rig/v2/rigtest/mockrunner.go:62.31,64.3 1 0
github.com/k0sproject/rig/v2/rigtest/mockrunner.go:68.48,69.31 1 1
github.com/k0sproject/rig/v2/rigtest/mockrunner.go:69.31,71.3 1 1
github.com/k0sproject/rig/v2/rigtest/mockrunner.go:75.39,76.31 1 1
github.com/k0sproject/rig/v2/rigtest/mockrunner.go:76.31,78.3 1 1
github.com/k0sproject/rig/v2/rigtest/mockrunner.go:82.43,84.31 2 0
github.com/k0sproject/rig/v2/rigtest/mockrunner.go:84.31,86.3 1 0
github.com/k0sproject/rig/v2/rigtest/mockrunner.go:98.34,105.2 2 1
github.com/k0sproject/rig/v2/rigtest/mockrunner.go:118.42,122.2 1 1
github.com/k0sproject/rig/v2/rigtest/mockrunner.go:125.59,130.2 4 0
github.com/k0sproject/rig/v2/rigtest/mockrunner.go:133.39,137.2 3 0
github.com/k0sproject/rig/v2/rigtest/mockrunner.go:140.39,142.2 1 1
github.com/k0sproject/rig/v2/rigtest/mockrunner.go:145.38,147.2 1 0
github.com/k0sproject/rig/v2/rigtest/mockrunner.go:150.146,152.2 1 0
github.com/k0sproject/rig/v2/rigtest/mockrunner.go:155.43,155.63 1 1
github.com/k0sproject/rig/v2/rigtest/mockrunner.go:158.42,158.65 1 1
github.com/k0sproject/rig/v2/rigtest/mockrunner.go:163.44,163.67 1 0
github.com/k0sproject/rig/v2/rigtest/mockrunner.go:166.48,166.71 1 0
github.com/k0sproject/rig/v2/rigtest/mockrunner.go:169.45,173.2 3 0
github.com/k0sproject/rig/v2/rigtest/mockrunner.go:176.45,176.62 1 0
github.com/k0sproject/rig/v2/rigtest/mockrunner.go:179.150,184.2 4 1
github.com/k0sproject/rig/v2/rigtest/mockrunner.go:187.34,189.2 1 1
github.com/k0sproject/rig/v2/rigtest/mockrunner.go:192.65,195.46 3 1
github.com/k0sproject/rig/v2/rigtest/mockrunner.go:195.46,197.3 1 1
github.com/k0sproject/rig/v2/rigtest/mockrunner.go:198.2,198.58 1 0
github.com/k0sproject/rig/v2/rigtest/mockrunner.go:202.68,205.46 3 0
github.com/k0sproject/rig/v2/rigtest/mockrunner.go:205.46,207.3 1 0
github.com/k0sproject/rig/v2/rigtest/mockrunner.go:208.2,208.12 1 0
github.com/k0sproject/rig/v2/rigtest/mockrunner.go:212.36,216.2 3 1
github.com/k0sproject/rig/v2/rigtest/mockrunner.go:219.46,225.2 5 1
github.com/k0sproject/rig/v2/rigtest/mockrunner.go:228.47,231.26 3 1
github.com/k0sproject/rig/v2/rigtest/mockrunner.go:231.26,233.3 1 1
github.com/k0sproject/rig/v2/rigtest/mockrunner.go:234.2,234.38 1 1
github.com/k0sproject/rig/v2/rigtest/mockrunner.go:248.36,250.36 2 1
github.com/k0sproject/rig/v2/rigtest/mockrunner.go:250.36,253.3 2 0
github.com/k0sproject/rig/v2/rigtest/mockrunner.go:255.2,255.38 1 1
github.com/k0sproject/rig/v2/rigtest/mockrunner.go:255.38,258.3 2 0
github.com/k0sproject/rig/v2/rigtest/mockrunner.go:259.2,259.44 1 1
github.com/k0sproject/rig/v2/rigtest/mockrunner.go:259.44,262.3 2 0
github.com/k0sproject/rig/v2/rigtest/mockrunner.go:263.2,263.12 1 1
github.com/k0sproject/rig/v2/rigtest/mockrunner.go:267.35,273.2 5 1
github.com/k0sproject/rig/v2/rigtest/mockrunner.go:283.147,285.43 2 1
github.com/k0sproject/rig/v2/rigtest/mockrunner.go:285.43,288.3 2 1
github.com/k0sproject/rig/v2/rigtest/mockrunner.go:290.2,290.37 1 1
github.com/k0sproject/rig/v2/rigtest/mockrunner.go:290.37,291.49 1 1
github.com/k0sproject/rig/v2/rigtest/mockrunner.go:291.49,294.4 2 1
github.com/k0sproject/rig/v2/rigtest/mockrunner.go:297.2,298.100 2 1
github.com/k0sproject/rig/v2/rigtest/mockrunner.go:298.100,298.123 1 1
github.com/k0sproject/rig/v2/rigtest/mockrunner.go:299.2,299.15 1 1
github.com/k0sproject/rig/v2/rigtest/mockrunner.go:303.81,305.2 1 1
github.com/k0sproject/rig/v2/rigtest/mockrunner.go:308.79,309.82 1 1
github.com/k0sproject/rig/v2/rigtest/mockrunner.go:309.82,312.17 3 1
github.com/k0sproject/rig/v2/rigtest/mockrunner.go:312.17,314.4 1 0
github.com/k0sproject/rig/v2/rigtest/mockrunner.go:315.3,316.13 2 1
github.com/k0sproject/rig/v2/rigtest/mockrunner.go:321.65,322.82 1 0
github.com/k0sproject/rig/v2/rigtest/mockrunner.go:322.82,325.3 2 0
github.com/k0sproject/rig/v2/rigtest/mockrunner.go:329.76,330.82 1 0
github.com/k0sproject/rig/v2/rigtest/mockrunner.go:330.82,333.3 2 0
github.com/k0sproject/rig/v2/rigtest/mockrunner.go:337.36,339.2 1 1
github.com/k0sproject/rig/v2/retry/retry.go:29.41,33.39 1 1
github.com/k0sproject/rig/v2/retry/retry.go:33.39,35.4 1 1
github.com/k0sproject/rig/v2/retry/retry.go:39.2,39.27 1 1
github.com/k0sproject/rig/v2/retry/retry.go:39.27,41.3 1 1
github.com/k0sproject/rig/v2/retry/retry.go:42.2,42.16 1 1
github.com/k0sproject/rig/v2/retry/retry.go:49.27,50.26 1 1
github.com/k0sproject/rig/v2/retry/retry.go:50.26,52.3 1 1
github.com/k0sproject/rig/v2/retry/retry.go:57.36,58.26 1 1
github.com/k0sproject/rig/v2/retry/retry.go:58.26,60.3 1 1
github.com/k0sproject/rig/v2/retry/retry.go:65.31,66.26 1 1
github.com/k0sproject/rig/v2/retry/retry.go:66.26,68.3 1 1
github.com/k0sproject/rig/v2/retry/retry.go:73.32,74.26 1 1
github.com/k0sproject/rig/v2/retry/retry.go:74.26,76.3 1 1
github.com/k0sproject/rig/v2/retry/retry.go:82.36,83.26 1 1
github.com/k0sproject/rig/v2/retry/retry.go:83.26,85.3 1 1
github.com/k0sproject/rig/v2/retry/retry.go:95.69,101.2 2 1
github.com/k0sproject/rig/v2/retry/retry.go:105.95,111.2 2 1
github.com/k0sproject/rig/v2/retry/retry.go:114.68,118.2 3 1
github.com/k0sproject/rig/v2/retry/retry.go:122.94,126.2 3 1
github.com/k0sproject/rig/v2/retry/retry.go:129.87,131.30 2 1
github.com/k0sproject/rig/v2/retry/retry.go:131.30,135.3 3 1
github.com/k0sproject/rig/v2/retry/retry.go:136.2,136.20 1 1
github.com/k0sproject/rig/v2/retry/retry.go:140.113,142.58 2 1
github.com/k0sproject/rig/v2/retry/retry.go:142.58,146.3 3 1
github.com/k0sproject/rig/v2/retry/retry.go:147.2,147.20 1 1
github.com/k0sproject/rig/v2/retry/retry.go:150.59,151.24 1 1
github.com/k0sproject/rig/v2/retry/retry.go:151.24,152.16 1 1
github.com/k0sproject/rig/v2/retry/retry.go:152.16,153.32 1 1
github.com/k0sproject/rig/v2/retry/retry.go:153.32,155.5 1 1
github.com/k0sproject/rig/v2/retry/retry.go:159.2,159.20 1 1
github.com/k0sproject/rig/v2/retry/retry.go:159.20,161.3 1 1
github.com/k0sproject/rig/v2/retry/retry.go:161.8,163.3 1 1
github.com/k0sproject/rig/v2/retry/retry.go:165.2,165.12 1 1
github.com/k0sproject/rig/v2/retry/retry.go:168.49,169.22 1 1
github.com/k0sproject/rig/v2/retry/retry.go:169.22,171.3 1 1
github.com/k0sproject/rig/v2/retry/retry.go:172.2,173.6 2 1
github.com/k0sproject/rig/v2/retry/retry.go:173.6,176.17 3 1
github.com/k0sproject/rig/v2/retry/retry.go:176.17,178.4 1 1
github.com/k0sproject/rig/v2/retry/retry.go:180.3,180.33 1 1
github.com/k0sproject/rig/v2/retry/retry.go:180.33,182.4 1 1
github.com/k0sproject/rig/v2/retry/retry.go:184.3,184.60 1 1
github.com/k0sproject/rig/v2/retry/retry.go:184.60,186.4 1 1
github.com/k0sproject/rig/v2/retry/retry.go:188.3,188.10 1 1
github.com/k0sproject/rig/v2/retry/retry.go:190.103,190.103 0 1
github.com/k0sproject/rig/v2/retry/retry.go:191.21,192.95 1 1
github.com/k0sproject/rig/v2/sh/command.go:13.41,15.2 1 1
github.com/k0sproject/rig/v2/sh/command.go:18.73,20.2 1 1
github.com/k0sproject/rig/v2/sh/command.go:23.56,25.2 1 1
github.com/k0sproject/rig/v2/sh/command.go:28.61,29.27 1 1
github.com/k0sproject/rig/v2/sh/command.go:29.27,31.3 1 1
github.com/k0sproject/rig/v2/sh/command.go:32.2,32.10 1 1
github.com/k0sproject/rig/v2/sh/command.go:36.52,38.2 1 1
github.com/k0sproject/rig/v2/sh/command.go:41.52,43.2 1 1
github.com/k0sproject/rig/v2/sh/command.go:46.51,48.2 1 1
github.com/k0sproject/rig/v2/sh/command.go:51.63,53.2 1 1
github.com/k0sproject/rig/v2/sh/command.go:56.63,58.2 1 1
github.com/k0sproject/rig/v2/sh/command.go:61.69,63.2 1 1
github.com/k0sproject/rig/v2/sh/command.go:66.69,68.2 1 1
github.com/k0sproject/rig/v2/sh/command.go:72.56,74.2 1 1
github.com/k0sproject/rig/v2/sh/command.go:79.29,81.2 1 1
github.com/k0sproject/rig/v2/sh/command.go:89.49,90.20 1 1
github.com/k0sproject/rig/v2/sh/command.go:90.20,92.3 1 1
github.com/k0sproject/rig/v2/sh/command.go:93.2,96.35 4 1
github.com/k0sproject/rig/v2/sh/shellescape/expand.go:25.63,27.28 2 1
github.com/k0sproject/rig/v2/sh/shellescape/expand.go:27.28,29.3 1 1
github.com/k0sproject/rig/v2/sh/shellescape/expand.go:30.2,30.13 1 1
github.com/k0sproject/rig/v2/sh/shellescape/expand.go:37.32,38.32 1 1
github.com/k0sproject/rig/v2/sh/shellescape/expand.go:38.32,40.3 1 1
github.com/k0sproject/rig/v2/sh/shellescape/expand.go:45.33,46.32 1 1
github.com/k0sproject/rig/v2/sh/shellescape/expand.go:46.32,48.3 1 1
github.com/k0sproject/rig/v2/sh/shellescape/expand.go:53.40,54.32 1 0
github.com/k0sproject/rig/v2/sh/shellescape/expand.go:54.32,56.3 1 0
github.com/k0sproject/rig/v2/sh/shellescape/expand.go:60.40,61.32 1 0
github.com/k0sproject/rig/v2/sh/shellescape/expand.go:61.32,63.3 1 0
github.com/k0sproject/rig/v2/sh/shellescape/expand.go:68.31,70.2 1 1
github.com/k0sproject/rig/v2/sh/shellescape/expand.go:72.30,73.18 1 1
github.com/k0sproject/rig/v2/sh/shellescape/expand.go:73.18,75.3 1 0
github.com/k0sproject/rig/v2/sh/shellescape/expand.go:76.2,77.50 2 1
github.com/k0sproject/rig/v2/sh/shellescape/expand.go:80.47,81.18 1 1
github.com/k0sproject/rig/v2/sh/shellescape/expand.go:81.18,83.3 1 1
github.com/k0sproject/rig/v2/sh/shellescape/expand.go:84.2,84.24 1 1
github.com/k0sproject/rig/v2/sh/shellescape/expand.go:87.40,91.2 3 1
github.com/k0sproject/rig/v2/sh/shellescape/expand.go:93.48,94.45 1 1
github.com/k0sproject/rig/v2/sh/shellescape/expand.go:94.45,96.3 1 0
github.com/k0sproject/rig/v2/sh/shellescape/expand.go:97.2,97.12 1 1
github.com/k0sproject/rig/v2/sh/shellescape/expand.go:100.61,102.16 2 1
github.com/k0sproject/rig/v2/sh/shellescape/expand.go:102.16,104.3 1 0
github.com/k0sproject/rig/v2/sh/shellescape/expand.go:105.2,105.15 1 1
github.com/k0sproject/rig/v2/sh/shellescape/expand.go:108.53,110.16 2 0
github.com/k0sproject/rig/v2/sh/shellescape/expand.go:110.16,112.3 1 0
github.com/k0sproject/rig/v2/sh/shellescape/expand.go:113.2,113.15 1 0
github.com/k0sproject/rig/v2/sh/shellescape/expand.go:116.55,118.16 2 0
github.com/k0sproject/rig/v2/sh/shellescape/expand.go:118.16,120.3 1 0
github.com/k0sproject/rig/v2/sh/shellescape/expand.go:121.2,121.15 1 0
github.com/k0sproject/rig/v2/sh/shellescape/expand.go:124.34,126.2 1 1
github.com/k0sproject/rig/v2/sh/shellescape/expand.go:128.35,130.2 1 1
github.com/k0sproject/rig/v2/sh/shellescape/expand.go:132.31,133.23 1 0
github.com/k0sproject/rig/v2/sh/shellescape/expand.go:133.23,135.3 1 0
github.com/k0sproject/rig/v2/sh/shellescape/expand.go:138.69,140.31 2 1
github.com/k0sproject/rig/v2/sh/shellescape/expand.go:140.31,142.3 1 0
github.com/k0sproject/rig/v2/sh/shellescape/expand.go:143.2,143.17 1 1
github.com/k0sproject/rig/v2/sh/shellescape/expand.go:149.65,155.28 5 1
github.com/k0sproject/rig/v2/sh/shellescape/expand.go:155.28,158.15 2 1
github.com/k0sproject/rig/v2/sh/shellescape/expand.go:158.15,161.12 3 0
github.com/k0sproject/rig/v2/sh/shellescape/expand.go:164.3,164.21 1 1
github.com/k0sproject/rig/v2/sh/shellescape/expand.go:164.21,166.12 2 0
github.com/k0sproject/rig/v2/sh/shellescape/expand.go:169.3,169.58 1 1
github.com/k0sproject/rig/v2/sh/shellescape/expand.go:169.58,172.12 3 1
github.com/k0sproject/rig/v2/sh/shellescape/expand.go:175.3,175.15 1 1
github.com/k0sproject/rig/v2/sh/shellescape/expand.go:175.15,176.21 1 1
github.com/k0sproject/rig/v2/sh/shellescape/expand.go:176.21,179.13 3 0
github.com/k0sproject/rig/v2/sh/shellescape/expand.go:181.4,181.21 1 1
github.com/k0sproject/rig/v2/sh/shellescape/expand.go:181.21,184.13 3 1
github.com/k0sproject/rig/v2/sh/shellescape/expand.go:186.4,186.37 1 1
github.com/k0sproject/rig/v2/sh/shellescape/expand.go:186.37,190.13 4 1
github.com/k0sproject/rig/v2/sh/shellescape/expand.go:193.4,193.52 1 1
github.com/k0sproject/rig/v2/sh/shellescape/expand.go:193.52,195.13 2 1
github.com/k0sproject/rig/v2/sh/shellescape/expand.go:199.4,202.26 4 1
github.com/k0sproject/rig/v2/sh/shellescape/expand.go:202.26,204.19 2 1
github.com/k0sproject/rig/v2/sh/shellescape/expand.go:204.19,206.6 1 0
github.com/k0sproject/rig/v2/sh/shellescape/expand.go:207.5,207.12 1 1
github.com/k0sproject/rig/v2/sh/shellescape/expand.go:208.10,210.5 1 0
github.com/k0sproject/rig/v2/sh/shellescape/expand.go:211.4,213.12 3 1
github.com/k0sproject/rig/v2/sh/shellescape/expand.go:216.3,216.14 1 1
github.com/k0sproject/rig/v2/sh/shellescape/expand.go:216.14,217.21 1 1
github.com/k0sproject/rig/v2/sh/shellescape/expand.go:217.21,220.23 3 1
github.com/k0sproject/rig/v2/sh/shellescape/expand.go:220.23,222.20 2 1
github.com/k0sproject/rig/v2/sh/shellescape/expand.go:222.20,224.7 1 0
github.com/k0sproject/rig/v2/sh/shellescape/expand.go:225.6,225.18 1 1
github.com/k0sproject/rig/v2/sh/shellescape/expand.go:226.11,228.20 2 1
github.com/k0sproject/rig/v2/sh/shellescape/expand.go:228.20,230.7 1 0
github.com/k0sproject/rig/v2/sh/shellescape/expand.go:231.6,231.18 1 1
github.com/k0sproject/rig/v2/sh/shellescape/expand.go:233.5,234.13 2 1
github.com/k0sproject/rig/v2/sh/shellescape/expand.go:236.4,237.12 2 1
github.com/k0sproject/rig/v2/sh/shellescape/expand.go:240.3,240.31 1 1
github.com/k0sproject/rig/v2/sh/shellescape/expand.go:240.31,242.22 2 1
github.com/k0sproject/rig/v2/sh/shellescape/expand.go:242.22,244.5 1 1
github.com/k0sproject/rig/v2/sh/shellescape/expand.go:245.4,246.18 2 1
github.com/k0sproject/rig/v2/sh/shellescape/expand.go:246.18,248.5 1 0
github.com/k0sproject/rig/v2/sh/shellescape/expand.go:249.4,250.12 2 1
github.com/k0sproject/rig/v2/sh/shellescape/expand.go:253.3,253.30 1 1
github.com/k0sproject/rig/v2/sh/shellescape/expand.go:256.2,256.23 1 1
github.com/k0sproject/rig/v2/sh/shellescape/expand.go:256.23,258.3 1 0
github.com/k0sproject/rig/v2/sh/shellescape/expand.go:260.2,260.24 1 1
github.com/k0sproject/rig/v2/sh/shellescape/expand.go:260.24,262.3 1 0
github.com/k0sproject/rig/v2/sh/shellescape/expand.go:264.2,264.28 1 1
github.com/k0sproject/rig/v2/sh/shellescape/expand.go:267.57,269.2 1 1
github.com/k0sproject/rig/v2/sh/shellescape/expand.go:271.44,272.17 1 1
github.com/k0sproject/rig/v2/sh/shellescape/expand.go:272.17,274.3 1 0
github.com/k0sproject/rig/v2/sh/shellescape/expand.go:275.2,276.16 2 1
github.com/k0sproject/rig/v2/sh/shellescape/expand.go:276.16,278.3 1 0
github.com/k0sproject/rig/v2/sh/shellescape/expand.go:279.2,281.16 3 1
github.com/k0sproject/rig/v2/sh/shellescape/expand.go:281.16,283.3 1 0
github.com/k0sproject/rig/v2/sh/shellescape/expand.go:284.2,284.51 1 1
github.com/k0sproject/rig/v2/sh/shellescape/expand.go:287.75,289.16 2 1
github.com/k0sproject/rig/v2/sh/shellescape/expand.go:289.16,291.3 1 0
github.com/k0sproject/rig/v2/sh/shellescape/expand.go:292.2,293.16 2 1
github.com/k0sproject/rig/v2/sh/shellescape/expand.go:293.16,295.3 1 0
github.com/k0sproject/rig/v2/sh/shellescape/expand.go:296.2,296.15 1 1
github.com/k0sproject/rig/v2/sh/shellescape/expand.go:296.15,298.3 1 0
github.com/k0sproject/rig/v2/sh/shellescape/expand.go:299.2,299.16 1 1
github.com/k0sproject/rig/v2/sh/shellescape/expand.go:299.16,300.27 1 1
github.com/k0sproject/rig/v2/sh/shellescape/expand.go:300.27,302.4 1 0
github.com/k0sproject/rig/v2/sh/shellescape/expand.go:303.3,304.24 2 1
github.com/k0sproject/rig/v2/sh/shellescape/expand.go:304.24,306.4 1 0
github.com/k0sproject/rig/v2/sh/shellescape/expand.go:308.2,308.16 1 1
github.com/k0sproject/rig/v2/sh/shellescape/expand.go:308.16,311.3 2 0
github.com/k0sproject/rig/v2/sh/shellescape/expand.go:312.2,312.23 1 1
github.com/k0sproject/rig/v2/sh/shellescape/expand.go:312.23,314.3 1 0
github.com/k0sproject/rig/v2/sh/shellescape/expand.go:315.2,315.41 1 1
github.com/k0sproject/rig/v2/sh/shellescape/expand.go:318.58,320.16 2 1
github.com/k0sproject/rig/v2/sh/shellescape/expand.go:320.16,322.3 1 0
github.com/k0sproject/rig/v2/sh/shellescape/expand.go:323.2,323.15 1 1
github.com/k0sproject/rig/v2/sh/shellescape/expand.go:323.15,325.3 1 1
github.com/k0sproject/rig/v2/sh/shellescape/expand.go:326.2,326.16 1 1
github.com/k0sproject/rig/v2/sh/shellescape/expand.go:326.16,327.27 1 1
github.com/k0sproject/rig/v2/sh/shellescape/expand.go:327.27,329.4 1 0
github.com/k0sproject/rig/v2/sh/shellescape/expand.go:330.3,331.17 2 1
github.com/k0sproject/rig/v2/sh/shellescape/expand.go:331.17,333.4 1 0
github.com/k0sproject/rig/v2/sh/shellescape/expand.go:335.2,335.26 1 1
github.com/k0sproject/rig/v2/sh/shellescape/expand.go:338.55,339.19 1 1
github.com/k0sproject/rig/v2/sh/shellescape/expand.go:339.19,341.3 1 0
github.com/k0sproject/rig/v2/sh/shellescape/expand.go:343.2,344.21 2 1
github.com/k0sproject/rig/v2/sh/shellescape/expand.go:344.21,347.3 1 1
github.com/k0sproject/rig/v2/sh/shellescape/expand.go:349.2,349.38 1 1
github.com/k0sproject/rig/v2/sh/shellescape/expand.go:349.38,352.3 1 1
github.com/k0sproject/rig/v2/sh/shellescape/expand.go:354.2,354.44 1 1
github.com/k0sproject/rig/v2/sh/shellescape/expand.go:354.44,357.3 1 1
github.com/k0sproject/rig/v2/sh/shellescape/expand.go:359.2,359.20 1 1
github.com/k0sproject/rig/v2/sh/shellescape/expand.go:360.11,361.16 1 1
github.com/k0sproject/rig/v2/sh/shellescape/expand.go:361.16,363.4 1 1
github.com/k0sproject/rig/v2/sh/shellescape/expand.go:364.3,364.18 1 1
github.com/k0sproject/rig/v2/sh/shellescape/expand.go:365.11,366.16 1 1
github.com/k0sproject/rig/v2/sh/shellescape/expand.go:366.16,368.4 1 1
github.com/k0sproject/rig/v2/sh/shellescape/expand.go:369.3,369.26 1 1
github.com/k0sproject/rig/v2/sh/shellescape/expand.go:372.2,372.109 1 0
github.com/k0sproject/rig/v2/sh/shellescape/expand.go:375.51,377.36 2 1
github.com/k0sproject/rig/v2/sh/shellescape/expand.go:377.36,379.3 1 0
github.com/k0sproject/rig/v2/sh/shellescape/expand.go:380.2,382.35 3 1
github.com/k0sproject/rig/v2/sh/shellescape/expand.go:382.35,383.36 1 1
github.com/k0sproject/rig/v2/sh/shellescape/expand.go:383.36,385.14 2 1
github.com/k0sproject/rig/v2/sh/shellescape/expand.go:385.14,386.13 1 0
github.com/k0sproject/rig/v2/sh/shellescape/expand.go:388.4,388.36 1 1
github.com/k0sproject/rig/v2/sh/shellescape/expand.go:391.2,392.40 2 1
github.com/k0sproject/rig/v2/sh/shellescape/expand.go:392.40,394.3 1 0
github.com/k0sproject/rig/v2/sh/shellescape/expand.go:395.2,395.49 1 1
github.com/k0sproject/rig/v2/sh/shellescape/expand.go:398.48,399.17 1 1
github.com/k0sproject/rig/v2/sh/shellescape/expand.go:399.17,401.3 1 0
github.com/k0sproject/rig/v2/sh/shellescape/expand.go:403.2,403.21 1 1
github.com/k0sproject/rig/v2/sh/shellescape/expand.go:403.21,405.22 1 1
github.com/k0sproject/rig/v2/sh/shellescape/expand.go:405.22,407.4 1 0
github.com/k0sproject/rig/v2/sh/shellescape/expand.go:408.3,408.54 1 1
github.com/k0sproject/rig/v2/sh/shellescape/expand.go:411.2,411.21 1 1
github.com/k0sproject/rig/v2/sh/shellescape/expand.go:411.21,414.3 1 1
github.com/k0sproject/rig/v2/sh/shellescape/expand.go:416.2,417.28 2 1
github.com/k0sproject/rig/v2/sh/shellescape/expand.go:417.28,419.44 2 1
github.com/k0sproject/rig/v2/sh/shellescape/expand.go:419.44,420.9 1 1
github.com/k0sproject/rig/v2/sh/shellescape/expand.go:424.2,424.14 1 1
github.com/k0sproject/rig/v2/sh/shellescape/expand.go:424.14,426.3 1 0
github.com/k0sproject/rig/v2/sh/shellescape/expand.go:428.2,428.25 1 1
github.com/k0sproject/rig/v2/sh/shellescape/expand.go:428.25,431.3 1 1
github.com/k0sproject/rig/v2/sh/shellescape/expand.go:434.2,434.24 1 1
github.com/k0sproject/rig/v2/sh/shellescape/expand.go:434.24,436.3 1 0
github.com/k0sproject/rig/v2/sh/shellescape/expand.go:438.2,443.19 5 1
github.com/k0sproject/rig/v2/sh/shellescape/expand.go:444.11,445.35 1 1
github.com/k0sproject/rig/v2/sh/shellescape/expand.go:446.10,447.99 1 0
github.com/k0sproject/rig/v2/sh/shellescape/shellescape.go:15.44,16.17 1 1
github.com/k0sproject/rig/v2/sh/shellescape/shellescape.go:16.17,18.3 1 1
github.com/k0sproject/rig/v2/sh/shellescape/shellescape.go:19.2,20.22 2 1
github.com/k0sproject/rig/v2/sh/shellescape/shellescape.go:20.22,21.12 1 1
github.com/k0sproject/rig/v2/sh/shellescape/shellescape.go:22.13,23.18 1 1
github.com/k0sproject/rig/v2/sh/shellescape/shellescape.go:24.143,25.18 1 1
github.com/k0sproject/rig/v2/sh/shellescape/shellescape.go:27.3,27.25 1 1
github.com/k0sproject/rig/v2/sh/shellescape/shellescape.go:27.25,30.4 1 1
github.com/k0sproject/rig/v2/sh/shellescape/shellescape.go:32.2,32.32 1 1
github.com/k0sproject/rig/v2/sh/shellescape/shellescape.go:36.51,41.2 4 1
github.com/k0sproject/rig/v2/sh/shellescape/shellescape.go:44.53,47.24 3 1
github.com/k0sproject/rig/v2/sh/shellescape/shellescape.go:47.24,48.16 1 1
github.com/k0sproject/rig/v2/sh/shellescape/shellescape.go:48.16,52.12 3 1
github.com/k0sproject/rig/v2/sh/shellescape/shellescape.go:56.3,56.24 1 1
github.com/k0sproject/rig/v2/sh/shellescape/shellescape.go:56.24,58.4 1 1
github.com/k0sproject/rig/v2/sh/shellescape/shellescape.go:58.9,60.4 1 0
github.com/k0sproject/rig/v2/sh/shellescape/shellescape.go:62.2,62.25 1 1
github.com/k0sproject/rig/v2/sh/shellescape/shellescape.go:66.31,68.11 2 1
github.com/k0sproject/rig/v2/sh/shellescape/shellescape.go:68.11,70.3 1 1
github.com/k0sproject/rig/v2/sh/shellescape/shellescape.go:71.2,71.26 1 1
github.com/k0sproject/rig/v2/sh/shellescape/shellescape.go:71.26,73.3 1 1
github.com/k0sproject/rig/v2/sh/shellescape/shellescape.go:75.2,76.9 2 1
github.com/k0sproject/rig/v2/sh/shellescape/shellescape.go:76.9,78.3 1 0
github.com/k0sproject/rig/v2/sh/shellescape/shellescape.go:79.2,82.25 3 1
github.com/k0sproject/rig/v2/sh/shellescape/shellescape.go:82.25,84.3 1 1
github.com/k0sproject/rig/v2/sh/shellescape/shellescape.go:84.8,86.3 1 1
github.com/k0sproject/rig/v2/sh/shellescape/shellescape.go:87.2,87.25 1 1
github.com/k0sproject/rig/v2/sh/shellescape/shellescape.go:91.34,92.19 1 1
github.com/k0sproject/rig/v2/sh/shellescape/shellescape.go:93.9,94.12 1 0
github.com/k0sproject/rig/v2/sh/shellescape/shellescape.go:95.9,96.24 1 0
github.com/k0sproject/rig/v2/sh/shellescape/shellescape.go:99.2,100.9 2 1
github.com/k0sproject/rig/v2/sh/shellescape/shellescape.go:100.9,102.3 1 0
github.com/k0sproject/rig/v2/sh/shellescape/shellescape.go:103.2,107.27 4 1
github.com/k0sproject/rig/v2/sh/shellescape/shellescape.go:107.27,109.3 1 1
github.com/k0sproject/rig/v2/sh/shellescape/shellescape.go:111.2,114.27 3 1
github.com/k0sproject/rig/v2/sh/shellescape/shellescape.go:114.27,116.10 2 1
github.com/k0sproject/rig/v2/sh/shellescape/shellescape.go:117.14,118.29 1 0
github.com/k0sproject/rig/v2/sh/shellescape/shellescape.go:119.29,120.28 1 1
github.com/k0sproject/rig/v2/sh/shellescape/shellescape.go:121.28,122.24 1 1
github.com/k0sproject/rig/v2/sh/shellescape/shellescape.go:123.11,124.26 1 1
github.com/k0sproject/rig/v2/sh/shellescape/shellescape.go:126.3,126.22 1 1
github.com/k0sproject/rig/v2/sh/shellescape/shellescape.go:126.22,128.4 1 1
github.com/k0sproject/rig/v2/sh/shellescape/shellescape.go:130.2,130.25 1 1
github.com/k0sproject/rig/v2/sh/shellescape/shellescape.go:134.41,136.2 1 1
github.com/k0sproject/rig/v2/sh/shellescape/shellescape.go:138.27,139.24 1 1
github.com/k0sproject/rig/v2/sh/shellescape/shellescape.go:139.24,141.3 1 1
github.com/k0sproject/rig/v2/sh/shellescape/shellescape.go:143.2,143.11 1 1
github.com/k0sproject/rig/v2/sh/shellescape/shellescape.go:147.35,148.22 1 1
github.com/k0sproject/rig/v2/sh/shellescape/shellescape.go:148.22,149.23 1 1
github.com/k0sproject/rig/v2/sh/shellescape/shellescape.go:149.23,152.4 1 1
github.com/k0sproject/rig/v2/sh/shellescape/shellescape.go:154.2,154.10 1 1
github.com/k0sproject/rig/v2/sh/shellescape/split.go:9.44,13.9 3 1
github.com/k0sproject/rig/v2/sh/shellescape/split.go:13.9,15.3 1 0
github.com/k0sproject/rig/v2/sh/shellescape/split.go:16.2,21.28 4 1
github.com/k0sproject/rig/v2/sh/shellescape/split.go:21.28,24.16 2 1
github.com/k0sproject/rig/v2/sh/shellescape/split.go:24.16,27.12 3 1
github.com/k0sproject/rig/v2/sh/shellescape/split.go:30.3,30.10 1 1
github.com/k0sproject/rig/v2/sh/shellescape/split.go:31.47,32.20 1 1
github.com/k0sproject/rig/v2/sh/shellescape/split.go:33.46,34.36 1 1
github.com/k0sproject/rig/v2/sh/shellescape/split.go:35.47,36.36 1 1
github.com/k0sproject/rig/v2/sh/shellescape/split.go:37.65,40.26 2 1
github.com/k0sproject/rig/v2/sh/shellescape/split.go:41.11,42.41 1 1
github.com/k0sproject/rig/v2/sh/shellescape/split.go:46.2,46.38 1 1
github.com/k0sproject/rig/v2/sh/shellescape/split.go:46.38,48.3 1 1
github.com/k0sproject/rig/v2/sh/shellescape/split.go:50.2,50.15 1 1
github.com/k0sproject/rig/v2/sh/shellescape/split.go:50.15,52.3 1 0
github.com/k0sproject/rig/v2/sh/shellescape/split.go:55.2,55.30 1 1
github.com/k0sproject/rig/v2/sh/shellescape/split.go:55.30,57.3 1 1
github.com/k0sproject/rig/v2/sh/shellescape/split.go:59.2,59.22 1 1
github.com/k0sproject/rig/v2/sh/shellescape/unquote.go:12.19,14.4 1 1
github.com/k0sproject/rig/v2/sh/shellescape/unquote.go:26.44,28.9 2 1
github.com/k0sproject/rig/v2/sh/shellescape/unquote.go:28.9,30.3 1 0
github.com/k0sproject/rig/v2/sh/shellescape/unquote.go:31.2,36.28 4 1
github.com/k0sproject/rig/v2/sh/shellescape/unquote.go:36.28,39.16 2 1
github.com/k0sproject/rig/v2/sh/shellescape/unquote.go:39.16,42.12 3 1
github.com/k0sproject/rig/v2/sh/shellescape/unquote.go:45.3,45.22 1 1
github.com/k0sproject/rig/v2/sh/shellescape/unquote.go:46.13,47.23 1 1
github.com/k0sproject/rig/v2/sh/shellescape/unquote.go:47.23,49.5 1 1
github.com/k0sproject/rig/v2/sh/shellescape/unquote.go:49.10,51.5 1 1
github.com/k0sproject/rig/v2/sh/shellescape/unquote.go:52.12,53.23 1 1
github.com/k0sproject/rig/v2/sh/shellescape/unquote.go:53.23,55.5 1 1
github.com/k0sproject/rig/v2/sh/shellescape/unquote.go:55.10,57.5 1 1
github.com/k0sproject/rig/v2/sh/shellescape/unquote.go:58.13,59.23 1 1
github.com/k0sproject/rig/v2/sh/shellescape/unquote.go:59.23,61.5 1 1
github.com/k0sproject/rig/v2/sh/shellescape/unquote.go:61.10,63.5 1 1
github.com/k0sproject/rig/v2/sh/shellescape/unquote.go:64.11,65.29 1 1
github.com/k0sproject/rig/v2/sh/shellescape/unquote.go:69.2,69.38 1 1
github.com/k0sproject/rig/v2/sh/shellescape/unquote.go:69.38,71.3 1 1
github.com/k0sproject/rig/v2/sh/shellescape/unquote.go:73.2,73.15 1 1
github.com/k0sproject/rig/v2/sh/shellescape/unquote.go:73.15,75.3 1 0
github.com/k0sproject/rig/v2/sh/shellescape/unquote.go:77.2,77.25 1 1
github.com/k0sproject/rig/v2/sshconfig/defaultconfig_darwin.go:3.45,5.2 1 1
github.com/k0sproject/rig/v2/sshconfig/defaults.go:11.46,14.2 2 1
github.com/k0sproject/rig/v2/sshconfig/defaults.go:16.40,17.20 1 1
github.com/k0sproject/rig/v2/sshconfig/defaults.go:17.20,19.3 1 0
github.com/k0sproject/rig/v2/sshconfig/defaults.go:20.2,22.16 3 1
github.com/k0sproject/rig/v2/sshconfig/defaults.go:22.16,24.3 1 0
github.com/k0sproject/rig/v2/sshconfig/defaults.go:25.2,27.21 3 1
github.com/k0sproject/rig/v2/sshconfig/defaults.go:27.21,29.16 2 1
github.com/k0sproject/rig/v2/sshconfig/defaults.go:29.16,30.12 1 0
github.com/k0sproject/rig/v2/sshconfig/defaults.go:32.3,32.33 1 1
github.com/k0sproject/rig/v2/sshconfig/defaults.go:32.33,33.12 1 0
github.com/k0sproject/rig/v2/sshconfig/defaults.go:35.3,35.29 1 1
github.com/k0sproject/rig/v2/sshconfig/defaults.go:37.2,37.26 1 1
github.com/k0sproject/rig/v2/sshconfig/defaults.go:37.26,39.3 1 0
github.com/k0sproject/rig/v2/sshconfig/defaults.go:40.2,40.33 1 1
github.com/k0sproject/rig/v2/sshconfig/defaults.go:53.37,54.51 1 1
github.com/k0sproject/rig/v2/sshconfig/defaults.go:54.51,56.3 1 1
github.com/k0sproject/rig/v2/sshconfig/defaults.go:57.2,57.13 1 0
github.com/k0sproject/rig/v2/sshconfig/defaults.go:58.31,59.22 1 0
github.com/k0sproject/rig/v2/sshconfig/defaults.go:60.17,61.24 1 0
github.com/k0sproject/rig/v2/sshconfig/defaults.go:62.37,63.29 1 0
github.com/k0sproject/rig/v2/sshconfig/defaults.go:64.27,65.29 1 0
github.com/k0sproject/rig/v2/sshconfig/defaults.go:66.23,67.25 1 0
github.com/k0sproject/rig/v2/sshconfig/defaults.go:68.14,69.21 1 0
github.com/k0sproject/rig/v2/sshconfig/defaults.go:70.34,71.29 1 0
github.com/k0sproject/rig/v2/sshconfig/defaults.go:73.2,73.11 1 0
github.com/k0sproject/rig/v2/sshconfig/parser.go:109.17,110.47 1 1
github.com/k0sproject/rig/v2/sshconfig/parser.go:110.47,112.5 1 1
github.com/k0sproject/rig/v2/sshconfig/parser.go:113.4,113.13 1 0
github.com/k0sproject/rig/v2/sshconfig/parser.go:118.17,119.49 1 1
github.com/k0sproject/rig/v2/sshconfig/parser.go:119.49,121.5 1 1
github.com/k0sproject/rig/v2/sshconfig/parser.go:122.4,122.13 1 0
github.com/k0sproject/rig/v2/sshconfig/parser.go:157.64,158.57 1 0
github.com/k0sproject/rig/v2/sshconfig/parser.go:158.57,160.3 1 0
github.com/k0sproject/rig/v2/sshconfig/parser.go:161.2,161.12 1 0
github.com/k0sproject/rig/v2/sshconfig/parser.go:168.59,170.27 2 1
github.com/k0sproject/rig/v2/sshconfig/parser.go:170.27,172.3 1 1
github.com/k0sproject/rig/v2/sshconfig/parser.go:173.2,173.16 1 1
github.com/k0sproject/rig/v2/sshconfig/parser.go:179.32,180.32 1 1
github.com/k0sproject/rig/v2/sshconfig/parser.go:180.32,182.3 1 1
github.com/k0sproject/rig/v2/sshconfig/parser.go:186.36,187.32 1 0
github.com/k0sproject/rig/v2/sshconfig/parser.go:187.32,189.3 1 0
github.com/k0sproject/rig/v2/sshconfig/parser.go:194.53,195.32 1 1
github.com/k0sproject/rig/v2/sshconfig/parser.go:195.32,197.3 1 1
github.com/k0sproject/rig/v2/sshconfig/parser.go:201.51,202.32 1 1
github.com/k0sproject/rig/v2/sshconfig/parser.go:202.32,204.3 1 1
github.com/k0sproject/rig/v2/sshconfig/parser.go:208.55,209.32 1 1
github.com/k0sproject/rig/v2/sshconfig/parser.go:209.32,211.3 1 1
github.com/k0sproject/rig/v2/sshconfig/parser.go:215.53,216.32 1 1
github.com/k0sproject/rig/v2/sshconfig/parser.go:216.32,218.3 1 1
github.com/k0sproject/rig/v2/sshconfig/parser.go:222.44,223.32 1 1
github.com/k0sproject/rig/v2/sshconfig/parser.go:223.32,225.3 1 1
github.com/k0sproject/rig/v2/sshconfig/parser.go:229.45,230.32 1 1
github.com/k0sproject/rig/v2/sshconfig/parser.go:230.32,232.3 1 1
github.com/k0sproject/rig/v2/sshconfig/parser.go:244.68,247.36 3 1
github.com/k0sproject/rig/v2/sshconfig/parser.go:247.36,249.3 1 1
github.com/k0sproject/rig/v2/sshconfig/parser.go:250.2,250.34 1 1
github.com/k0sproject/rig/v2/sshconfig/parser.go:250.34,252.3 1 1
github.com/k0sproject/rig/v2/sshconfig/parser.go:253.2,253.39 1 1
github.com/k0sproject/rig/v2/sshconfig/parser.go:253.39,255.3 1 1
github.com/k0sproject/rig/v2/sshconfig/parser.go:256.2,256.37 1 1
github.com/k0sproject/rig/v2/sshconfig/parser.go:256.37,258.3 1 1
github.com/k0sproject/rig/v2/sshconfig/parser.go:260.2,261.16 2 1
github.com/k0sproject/rig/v2/sshconfig/parser.go:261.16,263.3 1 1
github.com/k0sproject/rig/v2/sshconfig/parser.go:264.2,264.51 1 1
github.com/k0sproject/rig/v2/sshconfig/parser.go:272.68,274.16 2 1
github.com/k0sproject/rig/v2/sshconfig/parser.go:274.16,276.3 1 0
github.com/k0sproject/rig/v2/sshconfig/parser.go:277.2,278.51 2 1
github.com/k0sproject/rig/v2/sshconfig/parser.go:278.51,280.3 1 0
github.com/k0sproject/rig/v2/sshconfig/parser.go:281.2,281.20 1 1
github.com/k0sproject/rig/v2/sshconfig/parser.go:284.46,285.20 1 1
github.com/k0sproject/rig/v2/sshconfig/parser.go:285.20,293.14 6 1
github.com/k0sproject/rig/v2/sshconfig/parser.go:294.24,296.12 1 1
github.com/k0sproject/rig/v2/sshconfig/parser.go:297.15,299.18 2 1
github.com/k0sproject/rig/v2/sshconfig/parser.go:299.18,301.5 1 0
github.com/k0sproject/rig/v2/sshconfig/parser.go:302.4,302.14 1 1
github.com/k0sproject/rig/v2/sshconfig/parser.go:302.14,305.5 1 1
github.com/k0sproject/rig/v2/sshconfig/parser.go:306.22,308.18 2 1
github.com/k0sproject/rig/v2/sshconfig/parser.go:308.18,310.5 1 1
github.com/k0sproject/rig/v2/sshconfig/parser.go:311.4,312.14 2 1
github.com/k0sproject/rig/v2/sshconfig/parser.go:312.14,315.5 1 1
github.com/k0sproject/rig/v2/sshconfig/parser.go:316.11,317.53 1 1
github.com/k0sproject/rig/v2/sshconfig/parser.go:317.53,319.5 1 1
github.com/k0sproject/rig/v2/sshconfig/parser.go:322.2,322.12 1 1
github.com/k0sproject/rig/v2/sshconfig/parser.go:327.52,334.16 5 1
github.com/k0sproject/rig/v2/sshconfig/parser.go:334.16,336.3 1 0
github.com/k0sproject/rig/v2/sshconfig/parser.go:338.2,338.30 1 1
github.com/k0sproject/rig/v2/sshconfig/parser.go:338.30,340.3 1 1
github.com/k0sproject/rig/v2/sshconfig/parser.go:342.2,342.26 1 1
github.com/k0sproject/rig/v2/sshconfig/parser.go:342.26,344.3 1 1
github.com/k0sproject/rig/v2/sshconfig/parser.go:346.2,348.49 2 1
github.com/k0sproject/rig/v2/sshconfig/parser.go:348.49,350.3 1 0
github.com/k0sproject/rig/v2/sshconfig/parser.go:352.2,353.40 2 1
github.com/k0sproject/rig/v2/sshconfig/parser.go:353.40,355.3 1 1
github.com/k0sproject/rig/v2/sshconfig/parser.go:357.2,357.54 1 1
github.com/k0sproject/rig/v2/sshconfig/parser.go:357.54,359.3 1 0
github.com/k0sproject/rig/v2/sshconfig/parser.go:361.2,361.46 1 1
github.com/k0sproject/rig/v2/sshconfig/parser.go:361.46,364.41 3 0
github.com/k0sproject/rig/v2/sshconfig/parser.go:364.41,366.4 1 0
github.com/k0sproject/rig/v2/sshconfig/parser.go:369.2,369.27 1 1
github.com/k0sproject/rig/v2/sshconfig/parser.go:369.27,370.43 1 1
github.com/k0sproject/rig/v2/sshconfig/parser.go:370.43,372.4 1 0
github.com/k0sproject/rig/v2/sshconfig/parser.go:375.2,375.12 1 1
github.com/k0sproject/rig/v2/sshconfig/parser.go:378.26,380.2 1 1
github.com/k0sproject/rig/v2/sshconfig/parser.go:383.26,387.2 3 0
github.com/k0sproject/rig/v2/sshconfig/patternmatch.go:11.56,12.20 1 1
github.com/k0sproject/rig/v2/sshconfig/patternmatch.go:12.20,14.3 1 1
github.com/k0sproject/rig/v2/sshconfig/patternmatch.go:16.2,16.22 1 1
github.com/k0sproject/rig/v2/sshconfig/patternmatch.go:16.22,18.3 1 1
github.com/k0sproject/rig/v2/sshconfig/patternmatch.go:20.2,20.41 1 1
github.com/k0sproject/rig/v2/sshconfig/patternmatch.go:20.41,22.3 1 1
github.com/k0sproject/rig/v2/sshconfig/patternmatch.go:24.2,26.29 3 1
github.com/k0sproject/rig/v2/sshconfig/patternmatch.go:26.29,27.13 1 1
github.com/k0sproject/rig/v2/sshconfig/patternmatch.go:28.12,29.24 1 1
github.com/k0sproject/rig/v2/sshconfig/patternmatch.go:30.12,31.23 1 1
github.com/k0sproject/rig/v2/sshconfig/patternmatch.go:32.11,33.54 1 1
github.com/k0sproject/rig/v2/sshconfig/patternmatch.go:33.54,35.5 1 1
github.com/k0sproject/rig/v2/sshconfig/patternmatch.go:36.4,36.20 1 1
github.com/k0sproject/rig/v2/sshconfig/patternmatch.go:39.2,42.16 3 1
github.com/k0sproject/rig/v2/sshconfig/patternmatch.go:42.16,44.3 1 0
github.com/k0sproject/rig/v2/sshconfig/patternmatch.go:46.2,46.38 1 1
github.com/k0sproject/rig/v2/sshconfig/patternmatch.go:54.70,57.35 2 1
github.com/k0sproject/rig/v2/sshconfig/patternmatch.go:57.35,58.20 1 1
github.com/k0sproject/rig/v2/sshconfig/patternmatch.go:58.20,59.12 1 0
github.com/k0sproject/rig/v2/sshconfig/patternmatch.go:61.3,61.58 1 1
github.com/k0sproject/rig/v2/sshconfig/patternmatch.go:61.58,63.24 2 1
github.com/k0sproject/rig/v2/sshconfig/patternmatch.go:63.24,64.13 1 0
github.com/k0sproject/rig/v2/sshconfig/patternmatch.go:66.4,67.14 2 1
github.com/k0sproject/rig/v2/sshconfig/patternmatch.go:67.14,69.5 1 1
github.com/k0sproject/rig/v2/sshconfig/patternmatch.go:71.4,72.18 2 1
github.com/k0sproject/rig/v2/sshconfig/patternmatch.go:72.18,74.5 1 0
github.com/k0sproject/rig/v2/sshconfig/patternmatch.go:76.4,76.13 1 1
github.com/k0sproject/rig/v2/sshconfig/patternmatch.go:76.13,77.15 1 1
github.com/k0sproject/rig/v2/sshconfig/patternmatch.go:77.15,79.6 1 1
github.com/k0sproject/rig/v2/sshconfig/patternmatch.go:80.5,80.28 1 1
github.com/k0sproject/rig/v2/sshconfig/patternmatch.go:85.2,85.30 1 1
github.com/k0sproject/rig/v2/sshconfig/printer.go:24.36,26.16 2 1
github.com/k0sproject/rig/v2/sshconfig/printer.go:26.16,28.3 1 0
github.com/k0sproject/rig/v2/sshconfig/printer.go:29.2,29.22 1 1
github.com/k0sproject/rig/v2/sshconfig/printer.go:36.44,38.16 2 1
github.com/k0sproject/rig/v2/sshconfig/printer.go:38.16,40.3 1 0
github.com/k0sproject/rig/v2/sshconfig/printer.go:41.2,44.15 2 1
github.com/k0sproject/rig/v2/sshconfig/printer.go:47.65,49.2 1 1
github.com/k0sproject/rig/v2/sshconfig/printer.go:51.89,53.2 1 1
github.com/k0sproject/rig/v2/sshconfig/printer.go:55.29,56.13 1 1
github.com/k0sproject/rig/v2/sshconfig/printer.go:56.13,58.3 1 1
github.com/k0sproject/rig/v2/sshconfig/printer.go:59.2,59.30 1 1
github.com/k0sproject/rig/v2/sshconfig/printer.go:59.30,61.3 1 0
github.com/k0sproject/rig/v2/sshconfig/printer.go:62.2,62.10 1 1
github.com/k0sproject/rig/v2/sshconfig/printer.go:65.65,66.36 1 1
github.com/k0sproject/rig/v2/sshconfig/printer.go:66.36,68.3 1 1
github.com/k0sproject/rig/v2/sshconfig/printer.go:69.2,69.78 1 1
github.com/k0sproject/rig/v2/sshconfig/printer.go:69.78,71.3 1 0
github.com/k0sproject/rig/v2/sshconfig/printer.go:72.2,72.26 1 1
github.com/k0sproject/rig/v2/sshconfig/printer.go:72.26,73.52 1 1
github.com/k0sproject/rig/v2/sshconfig/printer.go:73.52,75.4 1 1
github.com/k0sproject/rig/v2/sshconfig/printer.go:77.2,77.21 1 1
github.com/k0sproject/rig/v2/sshconfig/printer.go:77.21,78.59 1 1
github.com/k0sproject/rig/v2/sshconfig/printer.go:78.59,80.4 1 0
github.com/k0sproject/rig/v2/sshconfig/printer.go:82.2,82.18 1 1
github.com/k0sproject/rig/v2/sshconfig/printer.go:85.55,87.9 2 1
github.com/k0sproject/rig/v2/sshconfig/printer.go:87.9,89.3 1 0
github.com/k0sproject/rig/v2/sshconfig/printer.go:90.2,90.27 1 1
github.com/k0sproject/rig/v2/sshconfig/printer.go:93.80,95.16 2 1
github.com/k0sproject/rig/v2/sshconfig/printer.go:95.16,97.3 1 1
github.com/k0sproject/rig/v2/sshconfig/printer.go:98.2,98.22 1 1
github.com/k0sproject/rig/v2/sshconfig/printer.go:98.22,100.3 1 1
github.com/k0sproject/rig/v2/sshconfig/printer.go:101.2,102.29 2 1
github.com/k0sproject/rig/v2/sshconfig/printer.go:102.29,103.12 1 1
github.com/k0sproject/rig/v2/sshconfig/printer.go:103.12,105.4 1 1
github.com/k0sproject/rig/v2/sshconfig/printer.go:106.3,106.47 1 1
github.com/k0sproject/rig/v2/sshconfig/printer.go:106.47,107.53 1 1
github.com/k0sproject/rig/v2/sshconfig/printer.go:107.53,110.5 1 0
github.com/k0sproject/rig/v2/sshconfig/printer.go:111.4,111.21 1 1
github.com/k0sproject/rig/v2/sshconfig/printer.go:114.2,114.26 1 1
github.com/k0sproject/rig/v2/sshconfig/printer.go:117.60,119.2 1 1
github.com/k0sproject/rig/v2/sshconfig/printer.go:121.58,123.2 1 1
github.com/k0sproject/rig/v2/sshconfig/printer.go:125.53,126.55 1 1
github.com/k0sproject/rig/v2/sshconfig/printer.go:126.55,128.3 1 1
github.com/k0sproject/rig/v2/sshconfig/printer.go:129.2,129.56 1 1
github.com/k0sproject/rig/v2/sshconfig/printer.go:129.56,130.35 1 1
github.com/k0sproject/rig/v2/sshconfig/printer.go:130.35,132.4 1 1
github.com/k0sproject/rig/v2/sshconfig/printer.go:133.3,133.58 1 0
github.com/k0sproject/rig/v2/sshconfig/printer.go:135.2,135.18 1 1
github.com/k0sproject/rig/v2/sshconfig/printer.go:138.54,139.56 1 1
github.com/k0sproject/rig/v2/sshconfig/printer.go:139.56,140.19 1 0
github.com/k0sproject/rig/v2/sshconfig/printer.go:140.19,142.4 1 0
github.com/k0sproject/rig/v2/sshconfig/printer.go:143.3,143.18 1 0
github.com/k0sproject/rig/v2/sshconfig/printer.go:146.2,146.58 1 1
github.com/k0sproject/rig/v2/sshconfig/printer.go:146.58,148.3 1 1
github.com/k0sproject/rig/v2/sshconfig/printer.go:150.2,150.18 1 0
github.com/k0sproject/rig/v2/sshconfig/printer.go:153.55,155.48 2 1
github.com/k0sproject/rig/v2/sshconfig/printer.go:155.48,156.27 1 1
github.com/k0sproject/rig/v2/sshconfig/printer.go:156.27,157.54 1 1
github.com/k0sproject/rig/v2/sshconfig/printer.go:157.54,159.5 1 1
github.com/k0sproject/rig/v2/sshconfig/printer.go:163.2,163.58 1 0
github.com/k0sproject/rig/v2/sshconfig/printer.go:163.58,165.3 1 0
github.com/k0sproject/rig/v2/sshconfig/printer.go:167.2,167.18 1 0
github.com/k0sproject/rig/v2/sshconfig/printer.go:170.61,172.48 2 1
github.com/k0sproject/rig/v2/sshconfig/printer.go:172.48,173.27 1 1
github.com/k0sproject/rig/v2/sshconfig/printer.go:173.27,174.65 1 1
github.com/k0sproject/rig/v2/sshconfig/printer.go:174.65,176.25 2 1
github.com/k0sproject/rig/v2/sshconfig/printer.go:176.25,177.22 1 0
github.com/k0sproject/rig/v2/sshconfig/printer.go:177.22,179.7 1 0
github.com/k0sproject/rig/v2/sshconfig/printer.go:180.6,182.52 3 0
github.com/k0sproject/rig/v2/sshconfig/printer.go:184.5,184.29 1 1
github.com/k0sproject/rig/v2/sshconfig/printer.go:188.2,188.57 1 0
github.com/k0sproject/rig/v2/sshconfig/printer.go:188.57,190.30 2 0
github.com/k0sproject/rig/v2/sshconfig/printer.go:190.30,191.48 1 0
github.com/k0sproject/rig/v2/sshconfig/printer.go:191.48,192.21 1 0
github.com/k0sproject/rig/v2/sshconfig/printer.go:192.21,194.6 1 0
github.com/k0sproject/rig/v2/sshconfig/printer.go:195.5,195.22 1 0
github.com/k0sproject/rig/v2/sshconfig/printer.go:198.3,198.27 1 0
github.com/k0sproject/rig/v2/sshconfig/printer.go:200.2,200.58 1 0
github.com/k0sproject/rig/v2/sshconfig/printer.go:200.58,202.3 1 0
github.com/k0sproject/rig/v2/sshconfig/printer.go:203.2,203.18 1 0
github.com/k0sproject/rig/v2/sshconfig/printer.go:206.54,208.48 2 0
github.com/k0sproject/rig/v2/sshconfig/printer.go:208.48,209.27 1 0
github.com/k0sproject/rig/v2/sshconfig/printer.go:209.27,210.58 1 0
github.com/k0sproject/rig/v2/sshconfig/printer.go:210.58,212.25 2 0
github.com/k0sproject/rig/v2/sshconfig/printer.go:212.25,213.22 1 0
github.com/k0sproject/rig/v2/sshconfig/printer.go:213.22,215.7 1 0
github.com/k0sproject/rig/v2/sshconfig/printer.go:216.6,218.23 3 0
github.com/k0sproject/rig/v2/sshconfig/printer.go:220.5,220.29 1 0
github.com/k0sproject/rig/v2/sshconfig/printer.go:224.2,224.57 1 0
github.com/k0sproject/rig/v2/sshconfig/printer.go:224.57,226.30 2 0
github.com/k0sproject/rig/v2/sshconfig/printer.go:226.30,227.48 1 0
github.com/k0sproject/rig/v2/sshconfig/printer.go:227.48,228.21 1 0
github.com/k0sproject/rig/v2/sshconfig/printer.go:228.21,230.6 1 0
github.com/k0sproject/rig/v2/sshconfig/printer.go:231.5,231.22 1 0
github.com/k0sproject/rig/v2/sshconfig/printer.go:235.2,235.18 1 0
github.com/k0sproject/rig/v2/sshconfig/printer.go:238.33,242.29 4 1
github.com/k0sproject/rig/v2/sshconfig/printer.go:242.29,245.3 2 1
github.com/k0sproject/rig/v2/sshconfig/printer.go:246.2,248.16 3 1
github.com/k0sproject/rig/v2/sshconfig/printer.go:248.16,252.3 3 1
github.com/k0sproject/rig/v2/sshconfig/printer.go:253.2,253.27 1 1
github.com/k0sproject/rig/v2/sshconfig/printer.go:253.27,254.30 1 1
github.com/k0sproject/rig/v2/sshconfig/printer.go:254.30,255.12 1 0
github.com/k0sproject/rig/v2/sshconfig/printer.go:257.3,258.10 2 1
github.com/k0sproject/rig/v2/sshconfig/printer.go:258.10,259.12 1 0
github.com/k0sproject/rig/v2/sshconfig/printer.go:261.3,261.31 1 1
github.com/k0sproject/rig/v2/sshconfig/printer.go:261.31,262.12 1 1
github.com/k0sproject/rig/v2/sshconfig/printer.go:264.3,264.54 1 1
github.com/k0sproject/rig/v2/sshconfig/printer.go:264.54,266.11 2 1
github.com/k0sproject/rig/v2/sshconfig/printer.go:266.11,267.13 1 1
github.com/k0sproject/rig/v2/sshconfig/printer.go:269.4,269.19 1 0
github.com/k0sproject/rig/v2/sshconfig/printer.go:269.19,270.13 1 0
github.com/k0sproject/rig/v2/sshconfig/printer.go:272.4,272.48 1 0
github.com/k0sproject/rig/v2/sshconfig/printer.go:272.48,273.17 1 0
github.com/k0sproject/rig/v2/sshconfig/printer.go:273.17,277.6 3 0
github.com/k0sproject/rig/v2/sshconfig/printer.go:278.5,279.17 2 0
github.com/k0sproject/rig/v2/sshconfig/printer.go:279.17,281.6 1 0
github.com/k0sproject/rig/v2/sshconfig/printer.go:281.11,283.6 1 0
github.com/k0sproject/rig/v2/sshconfig/printer.go:285.4,285.12 1 0
github.com/k0sproject/rig/v2/sshconfig/printer.go:287.3,288.10 2 1
github.com/k0sproject/rig/v2/sshconfig/printer.go:288.10,289.12 1 1
github.com/k0sproject/rig/v2/sshconfig/printer.go:291.3,291.19 1 1
github.com/k0sproject/rig/v2/sshconfig/printer.go:291.19,292.12 1 1
github.com/k0sproject/rig/v2/sshconfig/printer.go:294.3,298.21 5 1
github.com/k0sproject/rig/v2/sshconfig/printer.go:300.2,300.20 1 1
github.com/k0sproject/rig/v2/sshconfig/set.go:85.42,87.16 2 1
github.com/k0sproject/rig/v2/sshconfig/set.go:87.16,89.3 1 0
github.com/k0sproject/rig/v2/sshconfig/set.go:90.2,93.20 4 1
github.com/k0sproject/rig/v2/sshconfig/set.go:98.47,99.11 1 1
github.com/k0sproject/rig/v2/sshconfig/set.go:99.11,101.3 1 1
github.com/k0sproject/rig/v2/sshconfig/set.go:101.8,103.3 1 1
github.com/k0sproject/rig/v2/sshconfig/set.go:108.31,110.2 1 0
github.com/k0sproject/rig/v2/sshconfig/set.go:112.29,113.26 1 1
github.com/k0sproject/rig/v2/sshconfig/set.go:113.26,115.3 1 0
github.com/k0sproject/rig/v2/sshconfig/set.go:116.2,116.30 1 1
github.com/k0sproject/rig/v2/sshconfig/set.go:119.46,122.38 2 1
github.com/k0sproject/rig/v2/sshconfig/set.go:122.38,124.3 1 0
github.com/k0sproject/rig/v2/sshconfig/set.go:126.2,126.20 1 1
github.com/k0sproject/rig/v2/sshconfig/set.go:126.20,128.3 1 0
github.com/k0sproject/rig/v2/sshconfig/set.go:130.2,131.40 2 1
github.com/k0sproject/rig/v2/sshconfig/set.go:131.40,133.3 1 0
github.com/k0sproject/rig/v2/sshconfig/set.go:134.2,134.23 1 1
github.com/k0sproject/rig/v2/sshconfig/set.go:137.34,138.17 1 1
github.com/k0sproject/rig/v2/sshconfig/set.go:138.17,140.3 1 1
github.com/k0sproject/rig/v2/sshconfig/set.go:141.2,141.16 1 1
github.com/k0sproject/rig/v2/sshconfig/set.go:141.16,143.3 1 1
github.com/k0sproject/rig/v2/sshconfig/set.go:144.2,144.12 1 1
github.com/k0sproject/rig/v2/sshconfig/set.go:147.41,148.31 1 1
github.com/k0sproject/rig/v2/sshconfig/set.go:148.31,150.3 1 1
github.com/k0sproject/rig/v2/sshconfig/set.go:151.2,151.12 1 1
github.com/k0sproject/rig/v2/sshconfig/set.go:154.35,159.20 4 1
github.com/k0sproject/rig/v2/sshconfig/set.go:159.20,161.3 1 1
github.com/k0sproject/rig/v2/sshconfig/set.go:163.2,164.12 2 1
github.com/k0sproject/rig/v2/sshconfig/set.go:164.12,167.29 3 1
github.com/k0sproject/rig/v2/sshconfig/set.go:167.29,169.4 1 1
github.com/k0sproject/rig/v2/sshconfig/set.go:170.3,170.9 1 1
github.com/k0sproject/rig/v2/sshconfig/set.go:173.2,178.35 4 1
github.com/k0sproject/rig/v2/sshconfig/set.go:178.35,183.3 4 1
github.com/k0sproject/rig/v2/sshconfig/set.go:186.64,187.36 1 1
github.com/k0sproject/rig/v2/sshconfig/set.go:187.36,189.3 1 1
github.com/k0sproject/rig/v2/sshconfig/set.go:190.2,190.31 1 1
github.com/k0sproject/rig/v2/sshconfig/set.go:193.88,195.9 2 1
github.com/k0sproject/rig/v2/sshconfig/set.go:195.9,197.3 1 1
github.com/k0sproject/rig/v2/sshconfig/set.go:198.2,198.21 1 1
github.com/k0sproject/rig/v2/sshconfig/set.go:198.21,200.3 1 0
github.com/k0sproject/rig/v2/sshconfig/set.go:202.2,205.26 3 1
github.com/k0sproject/rig/v2/sshconfig/set.go:205.26,206.20 1 1
github.com/k0sproject/rig/v2/sshconfig/set.go:206.20,208.4 1 1
github.com/k0sproject/rig/v2/sshconfig/set.go:209.3,209.23 1 1
github.com/k0sproject/rig/v2/sshconfig/set.go:210.8,210.33 1 1
github.com/k0sproject/rig/v2/sshconfig/set.go:210.33,212.3 1 1
github.com/k0sproject/rig/v2/sshconfig/set.go:214.2,214.80 1 1
github.com/k0sproject/rig/v2/sshconfig/set.go:214.80,216.3 1 1
github.com/k0sproject/rig/v2/sshconfig/set.go:216.8,216.36 1 1
github.com/k0sproject/rig/v2/sshconfig/set.go:216.36,217.125 1 1
github.com/k0sproject/rig/v2/sshconfig/set.go:217.125,219.4 1 0
github.com/k0sproject/rig/v2/sshconfig/set.go:222.2,222.19 1 1
github.com/k0sproject/rig/v2/sshconfig/set.go:225.64,226.42 1 1
github.com/k0sproject/rig/v2/sshconfig/set.go:226.42,228.3 1 1
github.com/k0sproject/rig/v2/sshconfig/set.go:229.2,230.16 2 1
github.com/k0sproject/rig/v2/sshconfig/set.go:230.16,232.3 1 1
github.com/k0sproject/rig/v2/sshconfig/set.go:233.2,233.26 1 1
github.com/k0sproject/rig/v2/sshconfig/set.go:233.26,235.3 1 1
github.com/k0sproject/rig/v2/sshconfig/set.go:236.2,236.12 1 1
github.com/k0sproject/rig/v2/sshconfig/set.go:239.69,240.49 1 1
github.com/k0sproject/rig/v2/sshconfig/set.go:240.49,242.3 1 1
github.com/k0sproject/rig/v2/sshconfig/set.go:243.2,244.16 2 1
github.com/k0sproject/rig/v2/sshconfig/set.go:244.16,246.3 1 1
github.com/k0sproject/rig/v2/sshconfig/set.go:247.2,247.21 1 1
github.com/k0sproject/rig/v2/sshconfig/set.go:247.21,249.3 1 1
github.com/k0sproject/rig/v2/sshconfig/set.go:250.2,251.12 2 1
github.com/k0sproject/rig/v2/sshconfig/set.go:254.72,255.42 1 1
github.com/k0sproject/rig/v2/sshconfig/set.go:255.42,257.3 1 1
github.com/k0sproject/rig/v2/sshconfig/set.go:258.2,259.16 2 1
github.com/k0sproject/rig/v2/sshconfig/set.go:259.16,260.55 1 0
github.com/k0sproject/rig/v2/sshconfig/set.go:260.55,261.24 1 0
github.com/k0sproject/rig/v2/sshconfig/set.go:261.24,263.5 1 0
github.com/k0sproject/rig/v2/sshconfig/set.go:264.4,264.14 1 0
github.com/k0sproject/rig/v2/sshconfig/set.go:266.3,266.13 1 0
github.com/k0sproject/rig/v2/sshconfig/set.go:268.2,268.21 1 1
github.com/k0sproject/rig/v2/sshconfig/set.go:268.21,270.3 1 1
github.com/k0sproject/rig/v2/sshconfig/set.go:271.2,272.12 2 1
github.com/k0sproject/rig/v2/sshconfig/set.go:275.62,276.42 1 1
github.com/k0sproject/rig/v2/sshconfig/set.go:276.42,278.3 1 0
github.com/k0sproject/rig/v2/sshconfig/set.go:279.2,280.16 2 1
github.com/k0sproject/rig/v2/sshconfig/set.go:280.16,282.3 1 1
github.com/k0sproject/rig/v2/sshconfig/set.go:283.2,285.16 3 1
github.com/k0sproject/rig/v2/sshconfig/set.go:285.16,286.74 1 1
github.com/k0sproject/rig/v2/sshconfig/set.go:286.74,287.22 1 0
github.com/k0sproject/rig/v2/sshconfig/set.go:287.22,289.5 1 0
github.com/k0sproject/rig/v2/sshconfig/set.go:290.4,293.14 4 0
github.com/k0sproject/rig/v2/sshconfig/set.go:295.3,295.104 1 1
github.com/k0sproject/rig/v2/sshconfig/set.go:297.2,297.26 1 1
github.com/k0sproject/rig/v2/sshconfig/set.go:297.26,299.3 1 1
github.com/k0sproject/rig/v2/sshconfig/set.go:300.2,301.12 2 1
github.com/k0sproject/rig/v2/sshconfig/set.go:304.61,305.42 1 1
github.com/k0sproject/rig/v2/sshconfig/set.go:305.42,307.3 1 1
github.com/k0sproject/rig/v2/sshconfig/set.go:308.2,309.61 2 1
github.com/k0sproject/rig/v2/sshconfig/set.go:309.61,311.17 2 0
github.com/k0sproject/rig/v2/sshconfig/set.go:311.17,313.4 1 0
github.com/k0sproject/rig/v2/sshconfig/set.go:314.3,314.11 1 0
github.com/k0sproject/rig/v2/sshconfig/set.go:315.8,317.17 2 1
github.com/k0sproject/rig/v2/sshconfig/set.go:317.17,319.4 1 1
github.com/k0sproject/rig/v2/sshconfig/set.go:320.3,320.11 1 1
github.com/k0sproject/rig/v2/sshconfig/set.go:322.2,323.16 2 1
github.com/k0sproject/rig/v2/sshconfig/set.go:323.16,325.3 1 1
github.com/k0sproject/rig/v2/sshconfig/set.go:326.2,326.37 1 1
github.com/k0sproject/rig/v2/sshconfig/set.go:326.37,327.21 1 0
github.com/k0sproject/rig/v2/sshconfig/set.go:327.21,329.4 1 0
github.com/k0sproject/rig/v2/sshconfig/set.go:330.3,332.20 3 0
github.com/k0sproject/rig/v2/sshconfig/set.go:333.8,334.23 1 1
github.com/k0sproject/rig/v2/sshconfig/set.go:334.23,336.4 1 1
github.com/k0sproject/rig/v2/sshconfig/set.go:337.3,337.21 1 1
github.com/k0sproject/rig/v2/sshconfig/set.go:339.2,339.12 1 1
github.com/k0sproject/rig/v2/sshconfig/set.go:342.62,343.42 1 1
github.com/k0sproject/rig/v2/sshconfig/set.go:343.42,345.3 1 0
github.com/k0sproject/rig/v2/sshconfig/set.go:346.2,347.61 2 1
github.com/k0sproject/rig/v2/sshconfig/set.go:347.61,349.17 2 1
github.com/k0sproject/rig/v2/sshconfig/set.go:349.17,351.4 1 0
github.com/k0sproject/rig/v2/sshconfig/set.go:352.3,352.31 1 1
github.com/k0sproject/rig/v2/sshconfig/set.go:352.31,354.4 1 0
github.com/k0sproject/rig/v2/sshconfig/set.go:355.3,355.11 1 1
github.com/k0sproject/rig/v2/sshconfig/set.go:356.8,358.17 2 1
github.com/k0sproject/rig/v2/sshconfig/set.go:358.17,360.4 1 1
github.com/k0sproject/rig/v2/sshconfig/set.go:361.3,361.31 1 0
github.com/k0sproject/rig/v2/sshconfig/set.go:361.31,363.4 1 0
github.com/k0sproject/rig/v2/sshconfig/set.go:364.3,364.11 1 0
github.com/k0sproject/rig/v2/sshconfig/set.go:366.2,367.16 2 1
github.com/k0sproject/rig/v2/sshconfig/set.go:367.16,369.3 1 1
github.com/k0sproject/rig/v2/sshconfig/set.go:370.2,370.37 1 1
github.com/k0sproject/rig/v2/sshconfig/set.go:370.37,371.21 1 0
github.com/k0sproject/rig/v2/sshconfig/set.go:371.21,373.4 1 0
github.com/k0sproject/rig/v2/sshconfig/set.go:374.3,377.13 4 0
github.com/k0sproject/rig/v2/sshconfig/set.go:379.2,379.23 1 1
github.com/k0sproject/rig/v2/sshconfig/set.go:379.23,381.3 1 1
github.com/k0sproject/rig/v2/sshconfig/set.go:382.2,383.12 2 1
github.com/k0sproject/rig/v2/sshconfig/set.go:389.66,390.42 1 1
github.com/k0sproject/rig/v2/sshconfig/set.go:390.42,392.3 1 1
github.com/k0sproject/rig/v2/sshconfig/set.go:394.2,398.19 3 1
github.com/k0sproject/rig/v2/sshconfig/set.go:398.19,399.63 1 1
github.com/k0sproject/rig/v2/sshconfig/set.go:399.63,401.4 1 1
github.com/k0sproject/rig/v2/sshconfig/set.go:402.3,404.17 3 1
github.com/k0sproject/rig/v2/sshconfig/set.go:404.17,406.4 1 1
github.com/k0sproject/rig/v2/sshconfig/set.go:409.2,410.16 2 1
github.com/k0sproject/rig/v2/sshconfig/set.go:410.16,411.54 1 1
github.com/k0sproject/rig/v2/sshconfig/set.go:411.54,413.4 1 1
github.com/k0sproject/rig/v2/sshconfig/set.go:413.9,415.4 1 1
github.com/k0sproject/rig/v2/sshconfig/set.go:416.8,416.27 1 0
github.com/k0sproject/rig/v2/sshconfig/set.go:416.27,418.3 1 0
github.com/k0sproject/rig/v2/sshconfig/set.go:420.2,421.9 2 1
github.com/k0sproject/rig/v2/sshconfig/set.go:422.39,423.42 1 0
github.com/k0sproject/rig/v2/sshconfig/set.go:423.42,425.4 1 0
github.com/k0sproject/rig/v2/sshconfig/set.go:426.3,426.21 1 0
github.com/k0sproject/rig/v2/sshconfig/set.go:426.21,428.4 1 0
github.com/k0sproject/rig/v2/sshconfig/set.go:429.36,430.69 1 0
github.com/k0sproject/rig/v2/sshconfig/set.go:431.24,432.13 1 1
github.com/k0sproject/rig/v2/sshconfig/set.go:435.2,435.37 1 1
github.com/k0sproject/rig/v2/sshconfig/set.go:435.37,439.3 3 0
github.com/k0sproject/rig/v2/sshconfig/set.go:439.8,441.3 1 1
github.com/k0sproject/rig/v2/sshconfig/set.go:443.2,443.12 1 1
github.com/k0sproject/rig/v2/sshconfig/set.go:446.41,447.31 1 1
github.com/k0sproject/rig/v2/sshconfig/set.go:447.31,450.3 1 0
github.com/k0sproject/rig/v2/sshconfig/set.go:452.2,452.61 1 1
github.com/k0sproject/rig/v2/sshconfig/set.go:455.62,456.42 1 1
github.com/k0sproject/rig/v2/sshconfig/set.go:456.42,458.3 1 1
github.com/k0sproject/rig/v2/sshconfig/set.go:459.2,459.51 1 1
github.com/k0sproject/rig/v2/sshconfig/set.go:462.66,463.49 1 1
github.com/k0sproject/rig/v2/sshconfig/set.go:463.49,465.3 1 1
github.com/k0sproject/rig/v2/sshconfig/set.go:467.2,469.31 3 1
github.com/k0sproject/rig/v2/sshconfig/set.go:469.31,470.18 1 1
github.com/k0sproject/rig/v2/sshconfig/set.go:470.18,471.12 1 0
github.com/k0sproject/rig/v2/sshconfig/set.go:473.3,474.6 2 1
github.com/k0sproject/rig/v2/sshconfig/set.go:476.2,476.48 1 1
github.com/k0sproject/rig/v2/sshconfig/set.go:482.69,483.49 1 1
github.com/k0sproject/rig/v2/sshconfig/set.go:483.49,485.3 1 1
github.com/k0sproject/rig/v2/sshconfig/set.go:487.2,488.16 2 1
github.com/k0sproject/rig/v2/sshconfig/set.go:488.16,490.3 1 0
github.com/k0sproject/rig/v2/sshconfig/set.go:491.2,491.35 1 1
github.com/k0sproject/rig/v2/sshconfig/set.go:491.35,492.22 1 1
github.com/k0sproject/rig/v2/sshconfig/set.go:492.22,494.4 1 1
github.com/k0sproject/rig/v2/sshconfig/set.go:495.3,495.37 1 1
github.com/k0sproject/rig/v2/sshconfig/set.go:498.2,499.9 2 1
github.com/k0sproject/rig/v2/sshconfig/set.go:499.9,501.3 1 0
github.com/k0sproject/rig/v2/sshconfig/set.go:502.2,502.49 1 1
github.com/k0sproject/rig/v2/sshconfig/set.go:502.49,504.3 1 1
github.com/k0sproject/rig/v2/sshconfig/set.go:505.2,505.52 1 1
github.com/k0sproject/rig/v2/sshconfig/set.go:505.52,508.3 1 1
github.com/k0sproject/rig/v2/sshconfig/set.go:509.2,509.31 1 1
github.com/k0sproject/rig/v2/sshconfig/set.go:509.31,511.41 2 1
github.com/k0sproject/rig/v2/sshconfig/set.go:511.41,513.4 1 1
github.com/k0sproject/rig/v2/sshconfig/set.go:515.2,516.12 2 1
github.com/k0sproject/rig/v2/sshconfig/set.go:521.71,522.49 1 1
github.com/k0sproject/rig/v2/sshconfig/set.go:522.49,524.3 1 1
github.com/k0sproject/rig/v2/sshconfig/set.go:525.2,526.16 2 1
github.com/k0sproject/rig/v2/sshconfig/set.go:526.16,528.3 1 0
github.com/k0sproject/rig/v2/sshconfig/set.go:529.2,529.35 1 1
github.com/k0sproject/rig/v2/sshconfig/set.go:529.35,530.22 1 1
github.com/k0sproject/rig/v2/sshconfig/set.go:530.22,532.4 1 1
github.com/k0sproject/rig/v2/sshconfig/set.go:533.3,534.13 2 1
github.com/k0sproject/rig/v2/sshconfig/set.go:536.2,537.9 2 1
github.com/k0sproject/rig/v2/sshconfig/set.go:537.9,539.3 1 0
github.com/k0sproject/rig/v2/sshconfig/set.go:540.2,540.49 1 1
github.com/k0sproject/rig/v2/sshconfig/set.go:540.49,542.3 1 1
github.com/k0sproject/rig/v2/sshconfig/set.go:543.2,543.52 1 1
github.com/k0sproject/rig/v2/sshconfig/set.go:543.52,546.3 1 0
github.com/k0sproject/rig/v2/sshconfig/set.go:547.2,547.31 1 1
github.com/k0sproject/rig/v2/sshconfig/set.go:547.31,548.41 1 1
github.com/k0sproject/rig/v2/sshconfig/set.go:548.41,550.4 1 1
github.com/k0sproject/rig/v2/sshconfig/set.go:552.2,553.12 2 1
github.com/k0sproject/rig/v2/sshconfig/set.go:556.74,557.40 1 1
github.com/k0sproject/rig/v2/sshconfig/set.go:557.40,559.3 1 1
github.com/k0sproject/rig/v2/sshconfig/set.go:560.2,562.68 3 1
github.com/k0sproject/rig/v2/sshconfig/set.go:562.68,565.3 2 1
github.com/k0sproject/rig/v2/sshconfig/set.go:566.2,567.16 2 1
github.com/k0sproject/rig/v2/sshconfig/set.go:567.16,569.3 1 1
github.com/k0sproject/rig/v2/sshconfig/set.go:570.2,570.16 1 1
github.com/k0sproject/rig/v2/sshconfig/set.go:571.16,572.20 1 1
github.com/k0sproject/rig/v2/sshconfig/set.go:573.16,574.27 1 0
github.com/k0sproject/rig/v2/sshconfig/set.go:575.16,576.34 1 1
github.com/k0sproject/rig/v2/sshconfig/set.go:579.2,580.22 2 1
github.com/k0sproject/rig/v2/sshconfig/set.go:580.22,583.17 3 1
github.com/k0sproject/rig/v2/sshconfig/set.go:583.17,585.4 1 0
github.com/k0sproject/rig/v2/sshconfig/set.go:586.3,586.14 1 1
github.com/k0sproject/rig/v2/sshconfig/set.go:588.2,591.16 4 1
github.com/k0sproject/rig/v2/sshconfig/set.go:591.16,592.70 1 1
github.com/k0sproject/rig/v2/sshconfig/set.go:592.70,593.19 1 0
github.com/k0sproject/rig/v2/sshconfig/set.go:593.19,595.5 1 0
github.com/k0sproject/rig/v2/sshconfig/set.go:596.4,597.14 2 0
github.com/k0sproject/rig/v2/sshconfig/set.go:599.3,599.102 1 1
github.com/k0sproject/rig/v2/sshconfig/set.go:601.2,602.9 2 1
github.com/k0sproject/rig/v2/sshconfig/set.go:602.9,604.3 1 0
github.com/k0sproject/rig/v2/sshconfig/set.go:605.2,605.23 1 1
github.com/k0sproject/rig/v2/sshconfig/set.go:605.23,607.3 1 1
github.com/k0sproject/rig/v2/sshconfig/set.go:608.2,609.12 2 1
github.com/k0sproject/rig/v2/sshconfig/set.go:612.78,613.49 1 1
github.com/k0sproject/rig/v2/sshconfig/set.go:613.49,615.3 1 0
github.com/k0sproject/rig/v2/sshconfig/set.go:616.2,617.31 2 1
github.com/k0sproject/rig/v2/sshconfig/set.go:617.31,619.22 2 1
github.com/k0sproject/rig/v2/sshconfig/set.go:619.22,621.4 1 1
github.com/k0sproject/rig/v2/sshconfig/set.go:623.3,623.19 1 1
github.com/k0sproject/rig/v2/sshconfig/set.go:624.180,624.180 0 1
github.com/k0sproject/rig/v2/sshconfig/set.go:626.11,627.87 1 1
github.com/k0sproject/rig/v2/sshconfig/set.go:629.3,631.17 3 1
github.com/k0sproject/rig/v2/sshconfig/set.go:631.17,633.4 1 0
github.com/k0sproject/rig/v2/sshconfig/set.go:634.3,634.20 1 1
github.com/k0sproject/rig/v2/sshconfig/set.go:636.2,638.16 3 1
github.com/k0sproject/rig/v2/sshconfig/set.go:638.16,640.3 1 0
github.com/k0sproject/rig/v2/sshconfig/set.go:641.2,641.21 1 1
github.com/k0sproject/rig/v2/sshconfig/set.go:641.21,643.3 1 1
github.com/k0sproject/rig/v2/sshconfig/set.go:644.2,645.12 2 1
github.com/k0sproject/rig/v2/sshconfig/set.go:648.78,649.40 1 1
github.com/k0sproject/rig/v2/sshconfig/set.go:649.40,651.3 1 0
github.com/k0sproject/rig/v2/sshconfig/set.go:653.2,654.16 2 1
github.com/k0sproject/rig/v2/sshconfig/set.go:654.16,656.3 1 1
github.com/k0sproject/rig/v2/sshconfig/set.go:658.2,660.16 3 1
github.com/k0sproject/rig/v2/sshconfig/set.go:660.16,661.55 1 1
github.com/k0sproject/rig/v2/sshconfig/set.go:661.55,662.24 1 0
github.com/k0sproject/rig/v2/sshconfig/set.go:662.24,664.5 1 0
github.com/k0sproject/rig/v2/sshconfig/set.go:665.4,666.14 2 0
github.com/k0sproject/rig/v2/sshconfig/set.go:668.3,668.116 1 1
github.com/k0sproject/rig/v2/sshconfig/set.go:670.2,670.26 1 1
github.com/k0sproject/rig/v2/sshconfig/set.go:670.26,672.3 1 1
github.com/k0sproject/rig/v2/sshconfig/set.go:673.2,674.12 2 1
github.com/k0sproject/rig/v2/sshconfig/set.go:677.69,678.40 1 1
github.com/k0sproject/rig/v2/sshconfig/set.go:678.40,680.3 1 1
github.com/k0sproject/rig/v2/sshconfig/set.go:681.2,682.27 2 1
github.com/k0sproject/rig/v2/sshconfig/set.go:682.27,684.17 2 1
github.com/k0sproject/rig/v2/sshconfig/set.go:684.17,686.4 1 1
github.com/k0sproject/rig/v2/sshconfig/set.go:687.3,687.23 1 1
github.com/k0sproject/rig/v2/sshconfig/set.go:689.2,691.16 3 1
github.com/k0sproject/rig/v2/sshconfig/set.go:691.16,692.70 1 1
github.com/k0sproject/rig/v2/sshconfig/set.go:692.70,693.19 1 0
github.com/k0sproject/rig/v2/sshconfig/set.go:693.19,695.5 1 0
github.com/k0sproject/rig/v2/sshconfig/set.go:696.4,697.14 2 0
github.com/k0sproject/rig/v2/sshconfig/set.go:699.3,699.99 1 1
github.com/k0sproject/rig/v2/sshconfig/set.go:701.2,701.21 1 1
github.com/k0sproject/rig/v2/sshconfig/set.go:701.21,703.3 1 1
github.com/k0sproject/rig/v2/sshconfig/set.go:704.2,705.12 2 1
github.com/k0sproject/rig/v2/sshconfig/set.go:708.71,709.22 1 1
github.com/k0sproject/rig/v2/sshconfig/set.go:709.22,711.3 1 1
github.com/k0sproject/rig/v2/sshconfig/set.go:712.2,715.16 4 1
github.com/k0sproject/rig/v2/sshconfig/set.go:715.16,717.3 1 0
github.com/k0sproject/rig/v2/sshconfig/set.go:718.2,718.19 1 1
github.com/k0sproject/rig/v2/sshconfig/set.go:718.19,720.3 1 1
github.com/k0sproject/rig/v2/sshconfig/set.go:720.8,723.10 3 1
github.com/k0sproject/rig/v2/sshconfig/set.go:723.10,725.4 1 0
github.com/k0sproject/rig/v2/sshconfig/set.go:727.2,729.12 3 1
github.com/k0sproject/rig/v2/sshconfig/set.go:732.62,733.42 1 1
github.com/k0sproject/rig/v2/sshconfig/set.go:733.42,735.3 1 0
github.com/k0sproject/rig/v2/sshconfig/set.go:736.2,737.16 2 1
github.com/k0sproject/rig/v2/sshconfig/set.go:737.16,739.3 1 1
github.com/k0sproject/rig/v2/sshconfig/set.go:740.2,740.30 1 1
github.com/k0sproject/rig/v2/sshconfig/set.go:740.30,742.3 1 1
github.com/k0sproject/rig/v2/sshconfig/set.go:743.2,743.33 1 1
github.com/k0sproject/rig/v2/sshconfig/set.go:748.71,749.49 1 1
github.com/k0sproject/rig/v2/sshconfig/set.go:749.49,751.3 1 1
github.com/k0sproject/rig/v2/sshconfig/set.go:752.2,753.16 2 1
github.com/k0sproject/rig/v2/sshconfig/set.go:753.16,755.3 1 0
github.com/k0sproject/rig/v2/sshconfig/set.go:756.2,756.31 1 1
github.com/k0sproject/rig/v2/sshconfig/set.go:756.31,757.18 1 1
github.com/k0sproject/rig/v2/sshconfig/set.go:757.18,758.12 1 0
github.com/k0sproject/rig/v2/sshconfig/set.go:760.3,760.22 1 1
github.com/k0sproject/rig/v2/sshconfig/set.go:760.22,763.11 3 1
github.com/k0sproject/rig/v2/sshconfig/set.go:763.11,765.5 1 0
github.com/k0sproject/rig/v2/sshconfig/set.go:766.4,767.30 2 1
github.com/k0sproject/rig/v2/sshconfig/set.go:767.30,769.19 2 1
github.com/k0sproject/rig/v2/sshconfig/set.go:769.19,771.6 1 0
github.com/k0sproject/rig/v2/sshconfig/set.go:772.5,772.14 1 1
github.com/k0sproject/rig/v2/sshconfig/set.go:772.14,773.14 1 1
github.com/k0sproject/rig/v2/sshconfig/set.go:775.5,775.33 1 1
github.com/k0sproject/rig/v2/sshconfig/set.go:777.4,777.39 1 1
github.com/k0sproject/rig/v2/sshconfig/set.go:778.9,780.4 1 1
github.com/k0sproject/rig/v2/sshconfig/set.go:782.2,782.12 1 1
github.com/k0sproject/rig/v2/sshconfig/set.go:786.70,787.49 1 1
github.com/k0sproject/rig/v2/sshconfig/set.go:787.49,789.3 1 1
github.com/k0sproject/rig/v2/sshconfig/set.go:790.2,793.16 4 1
github.com/k0sproject/rig/v2/sshconfig/set.go:793.16,795.3 1 0
github.com/k0sproject/rig/v2/sshconfig/set.go:796.2,796.19 1 1
github.com/k0sproject/rig/v2/sshconfig/set.go:796.19,798.3 1 1
github.com/k0sproject/rig/v2/sshconfig/set.go:798.8,800.10 2 1
github.com/k0sproject/rig/v2/sshconfig/set.go:800.10,802.4 1 0
github.com/k0sproject/rig/v2/sshconfig/set.go:803.3,803.17 1 1
github.com/k0sproject/rig/v2/sshconfig/set.go:803.17,805.4 1 1
github.com/k0sproject/rig/v2/sshconfig/set.go:806.3,806.10 1 0
github.com/k0sproject/rig/v2/sshconfig/set.go:808.2,808.31 1 1
github.com/k0sproject/rig/v2/sshconfig/set.go:808.31,809.18 1 1
github.com/k0sproject/rig/v2/sshconfig/set.go:809.18,810.12 1 0
github.com/k0sproject/rig/v2/sshconfig/set.go:812.3,813.22 2 1
github.com/k0sproject/rig/v2/sshconfig/set.go:813.22,815.4 1 1
github.com/k0sproject/rig/v2/sshconfig/set.go:816.3,816.21 1 1
github.com/k0sproject/rig/v2/sshconfig/set.go:816.21,818.4 1 0
github.com/k0sproject/rig/v2/sshconfig/set.go:819.3,819.27 1 1
github.com/k0sproject/rig/v2/sshconfig/set.go:821.2,822.12 2 1
github.com/k0sproject/rig/v2/sshconfig/set.go:827.78,828.49 1 1
github.com/k0sproject/rig/v2/sshconfig/set.go:828.49,830.3 1 0
github.com/k0sproject/rig/v2/sshconfig/set.go:831.2,832.16 2 1
github.com/k0sproject/rig/v2/sshconfig/set.go:832.16,834.3 1 1
github.com/k0sproject/rig/v2/sshconfig/set.go:835.2,835.21 1 1
github.com/k0sproject/rig/v2/sshconfig/set.go:835.21,837.3 1 1
github.com/k0sproject/rig/v2/sshconfig/set.go:838.2,838.35 1 1
github.com/k0sproject/rig/v2/sshconfig/set.go:838.35,839.22 1 1
github.com/k0sproject/rig/v2/sshconfig/set.go:839.22,841.4 1 0
github.com/k0sproject/rig/v2/sshconfig/set.go:842.3,843.13 2 1
github.com/k0sproject/rig/v2/sshconfig/set.go:845.2,845.82 1 1
github.com/k0sproject/rig/v2/sshconfig/set.go:845.82,846.22 1 1
github.com/k0sproject/rig/v2/sshconfig/set.go:846.22,848.4 1 0
github.com/k0sproject/rig/v2/sshconfig/set.go:849.3,850.13 2 1
github.com/k0sproject/rig/v2/sshconfig/set.go:853.2,853.31 1 1
github.com/k0sproject/rig/v2/sshconfig/set.go:853.31,854.37 1 1
github.com/k0sproject/rig/v2/sshconfig/set.go:854.37,856.4 1 1
github.com/k0sproject/rig/v2/sshconfig/set.go:858.2,859.12 2 1
github.com/k0sproject/rig/v2/sshconfig/set.go:862.35,864.16 2 1
github.com/k0sproject/rig/v2/sshconfig/set.go:864.16,866.3 1 1
github.com/k0sproject/rig/v2/sshconfig/set.go:867.2,867.23 1 1
github.com/k0sproject/rig/v2/sshconfig/set.go:870.60,871.42 1 1
github.com/k0sproject/rig/v2/sshconfig/set.go:871.42,873.3 1 1
github.com/k0sproject/rig/v2/sshconfig/set.go:874.2,875.16 2 1
github.com/k0sproject/rig/v2/sshconfig/set.go:875.16,877.3 1 0
github.com/k0sproject/rig/v2/sshconfig/set.go:878.2,878.33 1 1
github.com/k0sproject/rig/v2/sshconfig/set.go:878.33,880.3 1 0
github.com/k0sproject/rig/v2/sshconfig/set.go:881.2,881.26 1 1
github.com/k0sproject/rig/v2/sshconfig/set.go:881.26,883.3 1 1
github.com/k0sproject/rig/v2/sshconfig/set.go:884.2,885.12 2 1
github.com/k0sproject/rig/v2/sshconfig/set.go:891.37,893.16 2 1
github.com/k0sproject/rig/v2/sshconfig/set.go:893.16,895.3 1 0
github.com/k0sproject/rig/v2/sshconfig/set.go:896.2,896.41 1 1
github.com/k0sproject/rig/v2/sshconfig/set.go:899.74,900.42 1 1
github.com/k0sproject/rig/v2/sshconfig/set.go:900.42,902.3 1 1
github.com/k0sproject/rig/v2/sshconfig/set.go:903.2,904.16 2 1
github.com/k0sproject/rig/v2/sshconfig/set.go:904.16,906.3 1 0
github.com/k0sproject/rig/v2/sshconfig/set.go:907.2,909.16 3 1
github.com/k0sproject/rig/v2/sshconfig/set.go:909.16,910.55 1 1
github.com/k0sproject/rig/v2/sshconfig/set.go:910.55,911.24 1 0
github.com/k0sproject/rig/v2/sshconfig/set.go:911.24,913.5 1 0
github.com/k0sproject/rig/v2/sshconfig/set.go:914.4,914.14 1 0
github.com/k0sproject/rig/v2/sshconfig/set.go:916.3,916.52 1 1
github.com/k0sproject/rig/v2/sshconfig/set.go:916.52,917.20 1 0
github.com/k0sproject/rig/v2/sshconfig/set.go:917.20,919.5 1 0
github.com/k0sproject/rig/v2/sshconfig/set.go:920.4,920.14 1 0
github.com/k0sproject/rig/v2/sshconfig/set.go:922.3,922.54 1 1
github.com/k0sproject/rig/v2/sshconfig/set.go:922.54,923.21 1 0
github.com/k0sproject/rig/v2/sshconfig/set.go:923.21,925.5 1 0
github.com/k0sproject/rig/v2/sshconfig/set.go:926.4,926.14 1 0
github.com/k0sproject/rig/v2/sshconfig/set.go:928.3,928.13 1 1
github.com/k0sproject/rig/v2/sshconfig/set.go:930.2,930.26 1 1
github.com/k0sproject/rig/v2/sshconfig/set.go:930.26,932.3 1 1
github.com/k0sproject/rig/v2/sshconfig/set.go:933.2,934.12 2 1
github.com/k0sproject/rig/v2/sshconfig/set.go:938.56,941.2 2 0
github.com/k0sproject/rig/v2/sshconfig/set.go:947.58,952.9 4 1
github.com/k0sproject/rig/v2/sshconfig/set.go:953.11,954.64 1 1
github.com/k0sproject/rig/v2/sshconfig/set.go:955.27,956.75 1 1
github.com/k0sproject/rig/v2/sshconfig/set.go:957.10,958.45 1 1
github.com/k0sproject/rig/v2/sshconfig/set.go:961.2,961.73 1 1
github.com/k0sproject/rig/v2/sshconfig/set.go:961.73,962.30 1 1
github.com/k0sproject/rig/v2/sshconfig/set.go:962.30,964.4 1 1
github.com/k0sproject/rig/v2/sshconfig/set.go:965.3,965.32 1 1
github.com/k0sproject/rig/v2/sshconfig/set.go:965.32,967.4 1 1
github.com/k0sproject/rig/v2/sshconfig/set.go:968.3,968.13 1 1
github.com/k0sproject/rig/v2/sshconfig/set.go:970.2,970.16 1 1
github.com/k0sproject/rig/v2/sshconfig/set.go:970.16,972.3 1 1
github.com/k0sproject/rig/v2/sshconfig/set.go:973.2,973.12 1 1
github.com/k0sproject/rig/v2/sshconfig/set.go:977.42,979.9 2 1
github.com/k0sproject/rig/v2/sshconfig/set.go:979.9,981.3 1 0
github.com/k0sproject/rig/v2/sshconfig/set.go:982.2,983.9 2 1
github.com/k0sproject/rig/v2/sshconfig/set.go:983.9,985.3 1 0
github.com/k0sproject/rig/v2/sshconfig/set.go:987.2,987.37 1 1
github.com/k0sproject/rig/v2/sshconfig/set.go:987.37,989.3 1 1
github.com/k0sproject/rig/v2/sshconfig/set.go:989.8,991.3 1 1
github.com/k0sproject/rig/v2/sshconfig/set.go:992.2,992.12 1 1
github.com/k0sproject/rig/v2/sshconfig/set.go:998.35,999.33 1 1
github.com/k0sproject/rig/v2/sshconfig/set.go:999.33,1001.10 2 1
github.com/k0sproject/rig/v2/sshconfig/set.go:1001.10,1002.12 1 1
github.com/k0sproject/rig/v2/sshconfig/set.go:1004.3,1004.23 1 1
github.com/k0sproject/rig/v2/sshconfig/set.go:1005.23,1007.18 2 1
github.com/k0sproject/rig/v2/sshconfig/set.go:1007.18,1009.5 1 0
github.com/k0sproject/rig/v2/sshconfig/set.go:1010.4,1010.27 1 1
github.com/k0sproject/rig/v2/sshconfig/set.go:1011.22,1012.59 1 1
github.com/k0sproject/rig/v2/sshconfig/set.go:1012.59,1014.5 1 1
github.com/k0sproject/rig/v2/sshconfig/set.go:1015.4,1015.52 1 1
github.com/k0sproject/rig/v2/sshconfig/set.go:1015.52,1017.19 2 1
github.com/k0sproject/rig/v2/sshconfig/set.go:1017.19,1019.6 1 0
github.com/k0sproject/rig/v2/sshconfig/set.go:1020.5,1020.39 1 1
github.com/k0sproject/rig/v2/sshconfig/set.go:1022.20,1024.99 1 1
github.com/k0sproject/rig/v2/sshconfig/set.go:1024.99,1025.13 1 0
github.com/k0sproject/rig/v2/sshconfig/set.go:1027.4,1027.65 1 1
github.com/k0sproject/rig/v2/sshconfig/set.go:1027.65,1028.39 1 1
github.com/k0sproject/rig/v2/sshconfig/set.go:1028.39,1030.76 2 0
github.com/k0sproject/rig/v2/sshconfig/set.go:1030.76,1032.21 2 0
github.com/k0sproject/rig/v2/sshconfig/set.go:1032.21,1034.8 1 0
github.com/k0sproject/rig/v2/sshconfig/set.go:1035.7,1035.64 1 0
github.com/k0sproject/rig/v2/sshconfig/set.go:1038.5,1038.13 1 1
github.com/k0sproject/rig/v2/sshconfig/set.go:1042.2,1042.12 1 1
github.com/k0sproject/rig/v2/sshconfig/set.go:1088.43,1099.2 4 0
github.com/k0sproject/rig/v2/sshconfig/set.go:1101.60,1102.15 1 1
github.com/k0sproject/rig/v2/sshconfig/set.go:1103.12,1104.18 1 0
github.com/k0sproject/rig/v2/sshconfig/set.go:1105.12,1106.25 1 0
github.com/k0sproject/rig/v2/sshconfig/set.go:1107.12,1108.21 1 0
github.com/k0sproject/rig/v2/sshconfig/set.go:1109.12,1110.62 1 0
github.com/k0sproject/rig/v2/sshconfig/set.go:1110.62,1111.19 1 0
github.com/k0sproject/rig/v2/sshconfig/set.go:1111.19,1113.5 1 0
github.com/k0sproject/rig/v2/sshconfig/set.go:1115.3,1115.58 1 0
github.com/k0sproject/rig/v2/sshconfig/set.go:1115.58,1116.19 1 0
github.com/k0sproject/rig/v2/sshconfig/set.go:1116.19,1118.5 1 0
github.com/k0sproject/rig/v2/sshconfig/set.go:1120.3,1120.91 1 0
github.com/k0sproject/rig/v2/sshconfig/set.go:1121.12,1122.55 1 1
github.com/k0sproject/rig/v2/sshconfig/set.go:1122.55,1123.19 1 1
github.com/k0sproject/rig/v2/sshconfig/set.go:1123.19,1125.5 1 1
github.com/k0sproject/rig/v2/sshconfig/set.go:1128.3,1128.56 1 0
github.com/k0sproject/rig/v2/sshconfig/set.go:1128.56,1129.20 1 0
github.com/k0sproject/rig/v2/sshconfig/set.go:1129.20,1131.5 1 0
github.com/k0sproject/rig/v2/sshconfig/set.go:1133.3,1133.58 1 0
github.com/k0sproject/rig/v2/sshconfig/set.go:1133.58,1134.19 1 0
github.com/k0sproject/rig/v2/sshconfig/set.go:1134.19,1136.5 1 0
github.com/k0sproject/rig/v2/sshconfig/set.go:1138.3,1138.87 1 0
github.com/k0sproject/rig/v2/sshconfig/set.go:1139.12,1140.29 1 0
github.com/k0sproject/rig/v2/sshconfig/set.go:1141.12,1142.58 1 0
github.com/k0sproject/rig/v2/sshconfig/set.go:1142.58,1143.19 1 0
github.com/k0sproject/rig/v2/sshconfig/set.go:1143.19,1145.5 1 0
github.com/k0sproject/rig/v2/sshconfig/set.go:1147.3,1147.25 1 0
github.com/k0sproject/rig/v2/sshconfig/set.go:1148.12,1149.80 1 0
github.com/k0sproject/rig/v2/sshconfig/set.go:1149.80,1150.73 1 0
github.com/k0sproject/rig/v2/sshconfig/set.go:1150.73,1152.5 1 0
github.com/k0sproject/rig/v2/sshconfig/set.go:1154.3,1154.95 1 0
github.com/k0sproject/rig/v2/sshconfig/set.go:1155.12,1156.63 1 0
github.com/k0sproject/rig/v2/sshconfig/set.go:1156.63,1157.19 1 0
github.com/k0sproject/rig/v2/sshconfig/set.go:1157.19,1159.5 1 0
github.com/k0sproject/rig/v2/sshconfig/set.go:1161.3,1161.78 1 0
github.com/k0sproject/rig/v2/sshconfig/set.go:1161.78,1162.19 1 0
github.com/k0sproject/rig/v2/sshconfig/set.go:1162.19,1163.50 1 0
github.com/k0sproject/rig/v2/sshconfig/set.go:1163.50,1165.6 1 0
github.com/k0sproject/rig/v2/sshconfig/set.go:1166.5,1166.94 1 0
github.com/k0sproject/rig/v2/sshconfig/set.go:1169.3,1169.17 1 0
github.com/k0sproject/rig/v2/sshconfig/set.go:1170.12,1172.17 2 0
github.com/k0sproject/rig/v2/sshconfig/set.go:1172.17,1174.4 1 0
github.com/k0sproject/rig/v2/sshconfig/set.go:1175.3,1175.16 1 0
github.com/k0sproject/rig/v2/sshconfig/set.go:1176.12,1178.17 2 0
github.com/k0sproject/rig/v2/sshconfig/set.go:1178.17,1180.4 1 0
github.com/k0sproject/rig/v2/sshconfig/set.go:1181.3,1181.42 1 0
github.com/k0sproject/rig/v2/sshconfig/set.go:1183.2,1183.75 1 0
github.com/k0sproject/rig/v2/sshconfig/set.go:1186.69,1187.17 1 1
github.com/k0sproject/rig/v2/sshconfig/set.go:1187.17,1189.3 1 1
github.com/k0sproject/rig/v2/sshconfig/set.go:1190.2,1190.55 1 1
github.com/k0sproject/rig/v2/sshconfig/set.go:1190.55,1192.3 1 1
github.com/k0sproject/rig/v2/sshconfig/set.go:1194.2,1194.14 1 1
github.com/k0sproject/rig/v2/sshconfig/set.go:1194.14,1196.17 2 1
github.com/k0sproject/rig/v2/sshconfig/set.go:1196.17,1198.4 1 0
github.com/k0sproject/rig/v2/sshconfig/set.go:1199.3,1199.13 1 1
github.com/k0sproject/rig/v2/sshconfig/set.go:1201.2,1201.16 1 1
github.com/k0sproject/rig/v2/sshconfig/set.go:1201.16,1202.37 1 1
github.com/k0sproject/rig/v2/sshconfig/set.go:1202.37,1204.23 2 1
github.com/k0sproject/rig/v2/sshconfig/set.go:1204.23,1206.5 1 0
github.com/k0sproject/rig/v2/sshconfig/set.go:1209.2,1210.26 2 1
github.com/k0sproject/rig/v2/sshconfig/set.go:1210.26,1211.73 1 1
github.com/k0sproject/rig/v2/sshconfig/set.go:1211.73,1212.43 1 1
github.com/k0sproject/rig/v2/sshconfig/set.go:1212.43,1214.19 2 1
github.com/k0sproject/rig/v2/sshconfig/set.go:1214.19,1217.6 2 0
github.com/k0sproject/rig/v2/sshconfig/set.go:1218.5,1218.23 1 1
github.com/k0sproject/rig/v2/sshconfig/set.go:1220.4,1221.16 2 0
github.com/k0sproject/rig/v2/sshconfig/set.go:1224.2,1224.18 1 1
github.com/k0sproject/rig/v2/sshconfig/set.go:1224.18,1226.3 1 0
github.com/k0sproject/rig/v2/sshconfig/set.go:1227.2,1227.19 1 1
github.com/k0sproject/rig/v2/sshconfig/set.go:1233.59,1235.9 2 1
github.com/k0sproject/rig/v2/sshconfig/set.go:1235.9,1237.3 1 0
github.com/k0sproject/rig/v2/sshconfig/set.go:1238.2,1239.9 2 1
github.com/k0sproject/rig/v2/sshconfig/set.go:1239.9,1241.3 1 0
github.com/k0sproject/rig/v2/sshconfig/set.go:1242.2,1242.37 1 1
github.com/k0sproject/rig/v2/sshconfig/set.go:1242.37,1243.20 1 0
github.com/k0sproject/rig/v2/sshconfig/set.go:1243.20,1245.4 1 0
github.com/k0sproject/rig/v2/sshconfig/set.go:1246.3,1246.23 1 0
github.com/k0sproject/rig/v2/sshconfig/set.go:1248.2,1249.22 2 1
github.com/k0sproject/rig/v2/sshconfig/set.go:1250.22,1251.23 1 1
github.com/k0sproject/rig/v2/sshconfig/set.go:1252.21,1253.73 1 0
github.com/k0sproject/rig/v2/sshconfig/set.go:1254.169,1255.44 1 0
github.com/k0sproject/rig/v2/sshconfig/set.go:1256.22,1259.27 3 0
github.com/k0sproject/rig/v2/sshconfig/set.go:1259.27,1261.4 1 0
github.com/k0sproject/rig/v2/sshconfig/set.go:1261.9,1261.29 1 0
github.com/k0sproject/rig/v2/sshconfig/set.go:1261.29,1263.4 1 0
github.com/k0sproject/rig/v2/sshconfig/set.go:1264.3,1264.10 1 0
github.com/k0sproject/rig/v2/sshconfig/set.go:1264.10,1266.4 1 0
github.com/k0sproject/rig/v2/sshconfig/set.go:1267.3,1267.26 1 0
github.com/k0sproject/rig/v2/sshconfig/set.go:1269.2,1269.28 1 1
github.com/k0sproject/rig/v2/sshconfig/set.go:1275.60,1277.9 2 1
github.com/k0sproject/rig/v2/sshconfig/set.go:1277.9,1279.3 1 0
github.com/k0sproject/rig/v2/sshconfig/set.go:1280.2,1281.9 2 1
github.com/k0sproject/rig/v2/sshconfig/set.go:1281.9,1283.3 1 0
github.com/k0sproject/rig/v2/sshconfig/set.go:1284.2,1284.35 1 1
github.com/k0sproject/rig/v2/sshconfig/set.go:1284.35,1286.3 1 0
github.com/k0sproject/rig/v2/sshconfig/set.go:1287.2,1287.22 1 1
github.com/k0sproject/rig/v2/sshconfig/set.go:1287.22,1289.3 1 1
github.com/k0sproject/rig/v2/sshconfig/set.go:1290.2,1291.29 2 1
github.com/k0sproject/rig/v2/sshconfig/set.go:1291.29,1293.10 2 1
github.com/k0sproject/rig/v2/sshconfig/set.go:1294.35,1295.39 1 1
github.com/k0sproject/rig/v2/sshconfig/set.go:1296.25,1297.51 1 0
github.com/k0sproject/rig/v2/sshconfig/set.go:1297.51,1299.5 1 0
github.com/k0sproject/rig/v2/sshconfig/set.go:1300.20,1301.58 1 0
github.com/k0sproject/rig/v2/sshconfig/set.go:1301.58,1303.5 1 0
github.com/k0sproject/rig/v2/sshconfig/set.go:1304.11,1305.82 1 0
github.com/k0sproject/rig/v2/sshconfig/set.go:1308.2,1308.31 1 1
github.com/k0sproject/rig/v2/sshconfig/set.go:1308.31,1310.17 2 1
github.com/k0sproject/rig/v2/sshconfig/set.go:1310.17,1312.4 1 0
github.com/k0sproject/rig/v2/sshconfig/set.go:1313.3,1313.17 1 1
github.com/k0sproject/rig/v2/sshconfig/set.go:1315.2,1315.20 1 1
github.com/k0sproject/rig/v2/sshconfig/set.go:1318.53,1320.16 2 1
github.com/k0sproject/rig/v2/sshconfig/set.go:1320.16,1322.3 1 0
github.com/k0sproject/rig/v2/sshconfig/set.go:1323.2,1323.29 1 1
github.com/k0sproject/rig/v2/sshconfig/set.go:1323.29,1325.17 2 1
github.com/k0sproject/rig/v2/sshconfig/set.go:1325.17,1327.4 1 0
github.com/k0sproject/rig/v2/sshconfig/set.go:1328.3,1328.12 1 1
github.com/k0sproject/rig/v2/sshconfig/set.go:1328.12,1330.4 1 1
github.com/k0sproject/rig/v2/sshconfig/set.go:1332.2,1332.14 1 1
github.com/k0sproject/rig/v2/sshconfig/set.go:1336.66,1338.16 2 1
github.com/k0sproject/rig/v2/sshconfig/set.go:1338.16,1340.3 1 0
github.com/k0sproject/rig/v2/sshconfig/set.go:1341.2,1341.21 1 1
github.com/k0sproject/rig/v2/sshconfig/set.go:1341.21,1343.3 1 0
github.com/k0sproject/rig/v2/sshconfig/set.go:1344.2,1345.16 2 1
github.com/k0sproject/rig/v2/sshconfig/set.go:1345.16,1347.3 1 0
github.com/k0sproject/rig/v2/sshconfig/set.go:1348.2,1348.19 1 1
github.com/k0sproject/rig/v2/sshconfig/set.go:1352.67,1354.28 2 1
github.com/k0sproject/rig/v2/sshconfig/set.go:1354.28,1358.26 4 1
github.com/k0sproject/rig/v2/sshconfig/set.go:1358.26,1361.4 2 0
github.com/k0sproject/rig/v2/sshconfig/set.go:1362.3,1362.20 1 1
github.com/k0sproject/rig/v2/sshconfig/set.go:1363.14,1366.23 1 0
github.com/k0sproject/rig/v2/sshconfig/set.go:1367.29,1370.29 1 0
github.com/k0sproject/rig/v2/sshconfig/set.go:1370.29,1371.15 1 0
github.com/k0sproject/rig/v2/sshconfig/set.go:1371.15,1374.6 1 0
github.com/k0sproject/rig/v2/sshconfig/set.go:1376.5,1376.13 1 0
github.com/k0sproject/rig/v2/sshconfig/set.go:1379.4,1379.14 1 0
github.com/k0sproject/rig/v2/sshconfig/set.go:1379.14,1381.13 1 0
github.com/k0sproject/rig/v2/sshconfig/set.go:1383.4,1385.21 2 0
github.com/k0sproject/rig/v2/sshconfig/set.go:1388.3,1389.22 2 1
github.com/k0sproject/rig/v2/sshconfig/set.go:1389.22,1391.4 1 1
github.com/k0sproject/rig/v2/sshconfig/set.go:1392.3,1394.17 3 1
github.com/k0sproject/rig/v2/sshconfig/set.go:1394.17,1396.4 1 0
github.com/k0sproject/rig/v2/sshconfig/set.go:1399.3,1399.26 1 1
github.com/k0sproject/rig/v2/sshconfig/set.go:1399.26,1404.18 2 1
github.com/k0sproject/rig/v2/sshconfig/set.go:1404.18,1406.5 1 0
github.com/k0sproject/rig/v2/sshconfig/set.go:1407.4,1408.18 2 1
github.com/k0sproject/rig/v2/sshconfig/set.go:1408.18,1410.5 1 0
github.com/k0sproject/rig/v2/sshconfig/set.go:1411.4,1413.20 3 1
github.com/k0sproject/rig/v2/sshconfig/set.go:1413.20,1415.5 1 1
github.com/k0sproject/rig/v2/sshconfig/set.go:1416.4,1417.61 2 1
github.com/k0sproject/rig/v2/sshconfig/set.go:1417.61,1419.15 2 0
github.com/k0sproject/rig/v2/sshconfig/set.go:1419.15,1421.6 1 0
github.com/k0sproject/rig/v2/sshconfig/set.go:1422.5,1422.13 1 0
github.com/k0sproject/rig/v2/sshconfig/set.go:1424.4,1425.14 2 1
github.com/k0sproject/rig/v2/sshconfig/set.go:1425.14,1427.5 1 0
github.com/k0sproject/rig/v2/sshconfig/set.go:1428.4,1428.12 1 1
github.com/k0sproject/rig/v2/sshconfig/set.go:1432.3,1435.34 2 1
github.com/k0sproject/rig/v2/sshconfig/set.go:1435.34,1437.18 2 0
github.com/k0sproject/rig/v2/sshconfig/set.go:1437.18,1439.5 1 0
github.com/k0sproject/rig/v2/sshconfig/set.go:1440.4,1440.13 1 0
github.com/k0sproject/rig/v2/sshconfig/set.go:1440.13,1441.15 1 0
github.com/k0sproject/rig/v2/sshconfig/set.go:1441.15,1443.6 1 0
github.com/k0sproject/rig/v2/sshconfig/set.go:1444.5,1444.13 1 0
github.com/k0sproject/rig/v2/sshconfig/set.go:1446.4,1446.14 1 0
github.com/k0sproject/rig/v2/sshconfig/set.go:1446.14,1447.13 1 0
github.com/k0sproject/rig/v2/sshconfig/set.go:1449.4,1449.21 1 0
github.com/k0sproject/rig/v2/sshconfig/set.go:1458.3,1461.20 2 1
github.com/k0sproject/rig/v2/sshconfig/set.go:1462.15,1465.18 2 1
github.com/k0sproject/rig/v2/sshconfig/set.go:1465.18,1467.5 1 0
github.com/k0sproject/rig/v2/sshconfig/set.go:1468.4,1468.31 1 1
github.com/k0sproject/rig/v2/sshconfig/set.go:1469.23,1470.32 1 0
github.com/k0sproject/rig/v2/sshconfig/set.go:1471.20,1472.28 1 0
github.com/k0sproject/rig/v2/sshconfig/set.go:1473.15,1474.92 1 1
github.com/k0sproject/rig/v2/sshconfig/set.go:1474.92,1476.5 1 1
github.com/k0sproject/rig/v2/sshconfig/set.go:1476.10,1476.87 1 1
github.com/k0sproject/rig/v2/sshconfig/set.go:1476.87,1478.5 1 1
github.com/k0sproject/rig/v2/sshconfig/set.go:1478.10,1480.5 1 0
github.com/k0sproject/rig/v2/sshconfig/set.go:1481.17,1483.18 2 0
github.com/k0sproject/rig/v2/sshconfig/set.go:1483.18,1485.5 1 0
github.com/k0sproject/rig/v2/sshconfig/set.go:1486.4,1486.30 1 0
github.com/k0sproject/rig/v2/sshconfig/set.go:1487.11,1488.85 1 0
github.com/k0sproject/rig/v2/sshconfig/set.go:1491.3,1492.17 2 1
github.com/k0sproject/rig/v2/sshconfig/set.go:1492.17,1494.4 1 0
github.com/k0sproject/rig/v2/sshconfig/set.go:1495.3,1495.23 1 1
github.com/k0sproject/rig/v2/sshconfig/set.go:1495.23,1496.12 1 1
github.com/k0sproject/rig/v2/sshconfig/set.go:1498.3,1498.22 1 1
github.com/k0sproject/rig/v2/sshconfig/set.go:1498.22,1500.4 1 0
github.com/k0sproject/rig/v2/sshconfig/set.go:1501.3,1501.24 1 1
github.com/k0sproject/rig/v2/sshconfig/set.go:1501.24,1503.4 1 1
github.com/k0sproject/rig/v2/sshconfig/set.go:1507.2,1507.18 1 1
github.com/k0sproject/rig/v2/sshconfig/set.go:1510.38,1512.9 2 1
github.com/k0sproject/rig/v2/sshconfig/set.go:1512.9,1514.3 1 0
github.com/k0sproject/rig/v2/sshconfig/set.go:1515.2,1515.40 1 1
github.com/k0sproject/rig/v2/sshconfig/set.go:1515.40,1517.3 1 0
github.com/k0sproject/rig/v2/sshconfig/set.go:1517.8,1517.46 1 1
github.com/k0sproject/rig/v2/sshconfig/set.go:1517.46,1518.34 1 1
github.com/k0sproject/rig/v2/sshconfig/set.go:1518.34,1519.80 1 0
github.com/k0sproject/rig/v2/sshconfig/set.go:1519.80,1521.5 1 0
github.com/k0sproject/rig/v2/sshconfig/set.go:1524.2,1524.14 1 1
github.com/k0sproject/rig/v2/sshconfig/set.go:1527.41,1529.9 2 1
github.com/k0sproject/rig/v2/sshconfig/set.go:1529.9,1531.3 1 0
github.com/k0sproject/rig/v2/sshconfig/set.go:1532.2,1532.69 1 1
github.com/k0sproject/rig/v2/sshconfig/set.go:1535.34,1537.2 1 1
github.com/k0sproject/rig/v2/sshconfig/set.go:1540.40,1542.9 2 1
github.com/k0sproject/rig/v2/sshconfig/set.go:1542.9,1544.3 1 1
github.com/k0sproject/rig/v2/sshconfig/set.go:1548.2,1550.51 2 1
github.com/k0sproject/rig/v2/sshconfig/set.go:1550.51,1551.40 1 1
github.com/k0sproject/rig/v2/sshconfig/set.go:1552.17,1553.15 1 0
github.com/k0sproject/rig/v2/sshconfig/set.go:1554.12,1555.20 1 0
github.com/k0sproject/rig/v2/sshconfig/set.go:1556.11,1557.16 1 1
github.com/k0sproject/rig/v2/sshconfig/set.go:1561.2,1561.49 1 0
github.com/k0sproject/rig/v2/sshconfig/set.go:1561.49,1563.3 1 0
github.com/k0sproject/rig/v2/sshconfig/set.go:1565.2,1568.41 3 0
github.com/k0sproject/rig/v2/sshconfig/set.go:1568.41,1570.3 1 0
github.com/k0sproject/rig/v2/sshconfig/set.go:1570.8,1570.43 1 0
github.com/k0sproject/rig/v2/sshconfig/set.go:1570.43,1572.3 1 0
github.com/k0sproject/rig/v2/sshconfig/set.go:1574.2,1574.9 1 0
github.com/k0sproject/rig/v2/sshconfig/set.go:1574.9,1576.3 1 0
github.com/k0sproject/rig/v2/sshconfig/set.go:1578.2,1578.13 1 0
github.com/k0sproject/rig/v2/sshconfig/set.go:1579.42,1580.14 1 0
github.com/k0sproject/rig/v2/sshconfig/set.go:1581.39,1582.19 1 0
github.com/k0sproject/rig/v2/sshconfig/set.go:1583.10,1584.15 1 0
github.com/k0sproject/rig/v2/sshconfig/set.go:1589.56,1591.9 2 0
github.com/k0sproject/rig/v2/sshconfig/set.go:1591.9,1594.3 1 0
github.com/k0sproject/rig/v2/sshconfig/set.go:1596.2,1596.54 1 0
github.com/k0sproject/rig/v2/sshconfig/set.go:1596.54,1598.3 1 0
github.com/k0sproject/rig/v2/sshconfig/set.go:1600.2,1600.56 1 0
github.com/k0sproject/rig/v2/sshconfig/set.go:1600.56,1602.3 1 0
github.com/k0sproject/rig/v2/sshconfig/set.go:1604.2,1604.14 1 0
github.com/k0sproject/rig/v2/sshconfig/set.go:1607.44,1608.70 1 0
github.com/k0sproject/rig/v2/sshconfig/set.go:1608.70,1610.3 1 0
github.com/k0sproject/rig/v2/sshconfig/set.go:1610.8,1610.78 1 0
github.com/k0sproject/rig/v2/sshconfig/set.go:1610.78,1612.3 1 0
github.com/k0sproject/rig/v2/sshconfig/set.go:1613.2,1613.10 1 0
github.com/k0sproject/rig/v2/sshconfig/set.go:1616.46,1617.99 1 0
github.com/k0sproject/rig/v2/sshconfig/set.go:1617.99,1618.38 1 0
github.com/k0sproject/rig/v2/sshconfig/set.go:1618.38,1619.61 1 0
github.com/k0sproject/rig/v2/sshconfig/set.go:1619.61,1621.5 1 0
github.com/k0sproject/rig/v2/sshconfig/set.go:1623.3,1623.33 1 0
github.com/k0sproject/rig/v2/sshconfig/set.go:1623.33,1624.68 1 0
github.com/k0sproject/rig/v2/sshconfig/set.go:1624.68,1626.5 1 0
github.com/k0sproject/rig/v2/sshconfig/set.go:1629.2,1629.84 1 0
github.com/k0sproject/rig/v2/sshconfig/set.go:1629.84,1631.3 1 0
github.com/k0sproject/rig/v2/sshconfig/set.go:1632.2,1632.12 1 0
github.com/k0sproject/rig/v2/sshconfig/set.go:1635.66,1637.109 2 0
github.com/k0sproject/rig/v2/sshconfig/set.go:1637.109,1638.110 1 0
github.com/k0sproject/rig/v2/sshconfig/set.go:1638.110,1640.4 1 0
github.com/k0sproject/rig/v2/sshconfig/set.go:1641.3,1641.40 1 0
github.com/k0sproject/rig/v2/sshconfig/set.go:1641.40,1643.23 2 0
github.com/k0sproject/rig/v2/sshconfig/set.go:1643.23,1644.13 1 0
github.com/k0sproject/rig/v2/sshconfig/set.go:1646.4,1647.18 2 0
github.com/k0sproject/rig/v2/sshconfig/set.go:1650.2,1650.12 1 0
github.com/k0sproject/rig/v2/sshconfig/set.go:1658.47,1659.25 1 1
github.com/k0sproject/rig/v2/sshconfig/set.go:1659.25,1662.3 1 1
github.com/k0sproject/rig/v2/sshconfig/set.go:1664.2,1665.34 2 0
github.com/k0sproject/rig/v2/sshconfig/set.go:1665.34,1668.3 1 0
github.com/k0sproject/rig/v2/sshconfig/set.go:1670.2,1670.56 1 0
github.com/k0sproject/rig/v2/sshconfig/set.go:1670.56,1673.3 1 0
github.com/k0sproject/rig/v2/sshconfig/set.go:1675.2,1675.46 1 0
github.com/k0sproject/rig/v2/sshconfig/set.go:1675.46,1677.49 2 0
github.com/k0sproject/rig/v2/sshconfig/set.go:1677.49,1678.12 1 0
github.com/k0sproject/rig/v2/sshconfig/set.go:1681.3,1682.17 2 0
github.com/k0sproject/rig/v2/sshconfig/set.go:1682.17,1684.4 1 0
github.com/k0sproject/rig/v2/sshconfig/set.go:1687.3,1687.20 1 0
github.com/k0sproject/rig/v2/sshconfig/set.go:1687.20,1688.58 1 0
github.com/k0sproject/rig/v2/sshconfig/set.go:1688.58,1690.19 2 0
github.com/k0sproject/rig/v2/sshconfig/set.go:1690.19,1692.6 1 0
github.com/k0sproject/rig/v2/sshconfig/set.go:1693.5,1693.15 1 0
github.com/k0sproject/rig/v2/sshconfig/set.go:1693.15,1694.14 1 0
github.com/k0sproject/rig/v2/sshconfig/set.go:1696.5,1697.19 2 0
github.com/k0sproject/rig/v2/sshconfig/set.go:1697.19,1699.6 1 0
github.com/k0sproject/rig/v2/sshconfig/set.go:1700.5,1700.14 1 0
github.com/k0sproject/rig/v2/sshconfig/set.go:1700.14,1701.53 1 0
github.com/k0sproject/rig/v2/sshconfig/set.go:1701.53,1703.7 1 0
github.com/k0sproject/rig/v2/sshconfig/set.go:1704.6,1704.16 1 0
github.com/k0sproject/rig/v2/sshconfig/set.go:1709.3,1709.49 1 0
github.com/k0sproject/rig/v2/sshconfig/set.go:1709.49,1711.4 1 0
github.com/k0sproject/rig/v2/sshconfig/set.go:1712.3,1712.13 1 0
github.com/k0sproject/rig/v2/sshconfig/set.go:1717.2,1717.40 1 0
github.com/k0sproject/rig/v2/sshconfig/set.go:1717.40,1720.3 1 0
github.com/k0sproject/rig/v2/sshconfig/set.go:1723.2,1723.130 1 0
github.com/k0sproject/rig/v2/sshconfig/set.go:1728.54,1730.29 2 0
github.com/k0sproject/rig/v2/sshconfig/set.go:1730.29,1732.17 2 0
github.com/k0sproject/rig/v2/sshconfig/set.go:1732.17,1734.4 1 0
github.com/k0sproject/rig/v2/sshconfig/set.go:1735.3,1735.30 1 0
github.com/k0sproject/rig/v2/sshconfig/set.go:1737.2,1738.16 2 0
github.com/k0sproject/rig/v2/sshconfig/set.go:1738.16,1740.3 1 0
github.com/k0sproject/rig/v2/sshconfig/set.go:1741.2,1741.35 1 0
github.com/k0sproject/rig/v2/sshconfig/set.go:1741.35,1743.17 2 0
github.com/k0sproject/rig/v2/sshconfig/set.go:1743.17,1745.4 1 0
github.com/k0sproject/rig/v2/sshconfig/set.go:1746.3,1746.30 1 0
github.com/k0sproject/rig/v2/sshconfig/set.go:1746.30,1748.28 2 0
github.com/k0sproject/rig/v2/sshconfig/set.go:1749.20,1750.14 1 0
github.com/k0sproject/rig/v2/sshconfig/set.go:1751.21,1752.14 1 0
github.com/k0sproject/rig/v2/sshconfig/set.go:1756.4,1756.37 1 0
github.com/k0sproject/rig/v2/sshconfig/set.go:1756.37,1757.26 1 0
github.com/k0sproject/rig/v2/sshconfig/set.go:1757.26,1760.6 1 0
github.com/k0sproject/rig/v2/sshconfig/set.go:1765.2,1765.19 1 0
github.com/k0sproject/rig/v2/sshconfig/setterbuilders.go:14.63,17.61 2 1
github.com/k0sproject/rig/v2/sshconfig/setterbuilders.go:17.61,18.43 1 1
github.com/k0sproject/rig/v2/sshconfig/setterbuilders.go:18.43,20.4 1 1
github.com/k0sproject/rig/v2/sshconfig/setterbuilders.go:21.3,23.17 3 1
github.com/k0sproject/rig/v2/sshconfig/setterbuilders.go:23.17,25.4 1 1
github.com/k0sproject/rig/v2/sshconfig/setterbuilders.go:26.3,26.22 1 1
github.com/k0sproject/rig/v2/sshconfig/setterbuilders.go:26.22,33.4 1 1
github.com/k0sproject/rig/v2/sshconfig/setterbuilders.go:34.3,35.19 2 1
github.com/k0sproject/rig/v2/sshconfig/setterbuilders.go:36.12,37.16 1 1
github.com/k0sproject/rig/v2/sshconfig/setterbuilders.go:38.12,39.16 1 1
github.com/k0sproject/rig/v2/sshconfig/setterbuilders.go:40.12,41.16 1 1
github.com/k0sproject/rig/v2/sshconfig/setterbuilders.go:43.3,43.19 1 1
github.com/k0sproject/rig/v2/sshconfig/setterbuilders.go:43.19,47.4 2 1
github.com/k0sproject/rig/v2/sshconfig/setterbuilders.go:48.3,50.17 3 1
github.com/k0sproject/rig/v2/sshconfig/setterbuilders.go:51.12,54.29 2 1
github.com/k0sproject/rig/v2/sshconfig/setterbuilders.go:54.29,55.39 1 1
github.com/k0sproject/rig/v2/sshconfig/setterbuilders.go:55.39,57.6 1 1
github.com/k0sproject/rig/v2/sshconfig/setterbuilders.go:59.12,62.31 2 1
github.com/k0sproject/rig/v2/sshconfig/setterbuilders.go:62.31,63.39 1 1
github.com/k0sproject/rig/v2/sshconfig/setterbuilders.go:63.39,65.6 1 1
github.com/k0sproject/rig/v2/sshconfig/setterbuilders.go:67.12,70.31 1 1
github.com/k0sproject/rig/v2/sshconfig/setterbuilders.go:70.31,71.34 1 1
github.com/k0sproject/rig/v2/sshconfig/setterbuilders.go:71.34,73.20 2 1
github.com/k0sproject/rig/v2/sshconfig/setterbuilders.go:73.20,75.7 1 0
github.com/k0sproject/rig/v2/sshconfig/setterbuilders.go:76.6,76.17 1 1
github.com/k0sproject/rig/v2/sshconfig/setterbuilders.go:76.17,77.26 1 1
github.com/k0sproject/rig/v2/sshconfig/setterbuilders.go:79.6,79.38 1 1
github.com/k0sproject/rig/v2/sshconfig/setterbuilders.go:83.3,84.13 2 1
github.com/k0sproject/rig/v2/sshconfig/setterbuilders.go:89.40,90.61 1 1
github.com/k0sproject/rig/v2/sshconfig/setterbuilders.go:90.61,91.43 1 1
github.com/k0sproject/rig/v2/sshconfig/setterbuilders.go:91.43,93.4 1 0
github.com/k0sproject/rig/v2/sshconfig/setterbuilders.go:94.3,94.42 1 1
github.com/k0sproject/rig/v2/sshconfig/setterbuilders.go:94.42,96.4 1 1
github.com/k0sproject/rig/v2/sshconfig/setterbuilders.go:97.3,97.37 1 1
github.com/k0sproject/rig/v2/sshconfig/setterbuilders.go:107.58,108.61 1 1
github.com/k0sproject/rig/v2/sshconfig/setterbuilders.go:108.61,109.43 1 1
github.com/k0sproject/rig/v2/sshconfig/setterbuilders.go:109.43,111.4 1 1
github.com/k0sproject/rig/v2/sshconfig/setterbuilders.go:113.3,117.17 5 1
github.com/k0sproject/rig/v2/sshconfig/setterbuilders.go:117.17,119.4 1 1
github.com/k0sproject/rig/v2/sshconfig/setterbuilders.go:121.3,123.17 3 1
github.com/k0sproject/rig/v2/sshconfig/setterbuilders.go:123.17,124.56 1 1
github.com/k0sproject/rig/v2/sshconfig/setterbuilders.go:124.56,125.25 1 0
github.com/k0sproject/rig/v2/sshconfig/setterbuilders.go:125.25,127.6 1 0
github.com/k0sproject/rig/v2/sshconfig/setterbuilders.go:128.5,129.15 2 0
github.com/k0sproject/rig/v2/sshconfig/setterbuilders.go:131.4,131.111 1 1
github.com/k0sproject/rig/v2/sshconfig/setterbuilders.go:133.3,133.27 1 1
github.com/k0sproject/rig/v2/sshconfig/setterbuilders.go:133.27,135.4 1 1
github.com/k0sproject/rig/v2/sshconfig/setterbuilders.go:136.3,137.13 2 1
github.com/k0sproject/rig/v2/sshconfig/splitargs.go:11.19,13.4 1 1
github.com/k0sproject/rig/v2/sshconfig/splitargs.go:22.73,26.9 3 1
github.com/k0sproject/rig/v2/sshconfig/splitargs.go:26.9,28.3 1 0
github.com/k0sproject/rig/v2/sshconfig/splitargs.go:29.2,29.15 1 1
github.com/k0sproject/rig/v2/sshconfig/splitargs.go:29.15,32.3 2 1
github.com/k0sproject/rig/v2/sshconfig/splitargs.go:33.2,37.34 3 1
github.com/k0sproject/rig/v2/sshconfig/splitargs.go:37.34,41.38 2 1
github.com/k0sproject/rig/v2/sshconfig/splitargs.go:41.38,42.12 1 0
github.com/k0sproject/rig/v2/sshconfig/splitargs.go:45.3,45.42 1 1
github.com/k0sproject/rig/v2/sshconfig/splitargs.go:45.42,46.9 1 1
github.com/k0sproject/rig/v2/sshconfig/splitargs.go:50.3,50.29 1 1
github.com/k0sproject/rig/v2/sshconfig/splitargs.go:50.29,52.22 2 1
github.com/k0sproject/rig/v2/sshconfig/splitargs.go:52.22,53.129 1 0
github.com/k0sproject/rig/v2/sshconfig/splitargs.go:53.129,55.6 1 0
github.com/k0sproject/rig/v2/sshconfig/splitargs.go:56.5,56.41 1 0
github.com/k0sproject/rig/v2/sshconfig/splitargs.go:57.10,57.60 1 1
github.com/k0sproject/rig/v2/sshconfig/splitargs.go:57.60,59.10 1 1
github.com/k0sproject/rig/v2/sshconfig/splitargs.go:60.10,60.62 1 1
github.com/k0sproject/rig/v2/sshconfig/splitargs.go:60.62,62.5 1 1
github.com/k0sproject/rig/v2/sshconfig/splitargs.go:62.10,62.44 1 1
github.com/k0sproject/rig/v2/sshconfig/splitargs.go:62.44,64.5 1 1
github.com/k0sproject/rig/v2/sshconfig/splitargs.go:64.10,66.5 1 1
github.com/k0sproject/rig/v2/sshconfig/splitargs.go:68.3,68.17 1 1
github.com/k0sproject/rig/v2/sshconfig/splitargs.go:68.17,70.4 1 0
github.com/k0sproject/rig/v2/sshconfig/splitargs.go:71.3,71.27 1 1
github.com/k0sproject/rig/v2/sshconfig/splitargs.go:71.27,74.4 2 1
github.com/k0sproject/rig/v2/sshconfig/splitargs.go:76.2,76.18 1 1
github.com/k0sproject/rig/v2/sshconfig/tree.go:33.71,35.2 1 1
github.com/k0sproject/rig/v2/sshconfig/tree.go:38.29,40.2 1 0
github.com/k0sproject/rig/v2/sshconfig/tree.go:43.34,45.2 1 0
github.com/k0sproject/rig/v2/sshconfig/tree.go:48.30,50.2 1 1
github.com/k0sproject/rig/v2/sshconfig/tree.go:53.26,55.2 1 0
github.com/k0sproject/rig/v2/sshconfig/tree.go:58.35,60.2 1 0
github.com/k0sproject/rig/v2/sshconfig/tree.go:63.38,65.2 1 1
github.com/k0sproject/rig/v2/sshconfig/tree.go:74.48,76.2 1 1
github.com/k0sproject/rig/v2/sshconfig/tree.go:79.43,81.40 2 1
github.com/k0sproject/rig/v2/sshconfig/tree.go:81.40,83.3 1 1
github.com/k0sproject/rig/v2/sshconfig/tree.go:84.2,84.12 1 1
github.com/k0sproject/rig/v2/sshconfig/tree.go:94.48,96.2 1 1
github.com/k0sproject/rig/v2/sshconfig/tree.go:99.37,100.23 1 1
github.com/k0sproject/rig/v2/sshconfig/tree.go:100.23,102.3 1 0
github.com/k0sproject/rig/v2/sshconfig/tree.go:103.2,103.41 1 1
github.com/k0sproject/rig/v2/sshconfig/tree.go:107.42,108.23 1 1
github.com/k0sproject/rig/v2/sshconfig/tree.go:108.23,110.3 1 0
github.com/k0sproject/rig/v2/sshconfig/tree.go:111.2,111.44 1 1
github.com/k0sproject/rig/v2/sshconfig/tree.go:115.38,116.23 1 1
github.com/k0sproject/rig/v2/sshconfig/tree.go:116.23,118.3 1 0
github.com/k0sproject/rig/v2/sshconfig/tree.go:119.2,119.42 1 1
github.com/k0sproject/rig/v2/sshconfig/tree.go:123.34,124.23 1 1
github.com/k0sproject/rig/v2/sshconfig/tree.go:124.23,126.3 1 0
github.com/k0sproject/rig/v2/sshconfig/tree.go:127.2,127.41 1 1
github.com/k0sproject/rig/v2/sshconfig/tree.go:131.36,133.2 1 0
github.com/k0sproject/rig/v2/sshconfig/tree.go:136.31,138.2 1 1
github.com/k0sproject/rig/v2/sshconfig/tree.go:141.36,142.23 1 1
github.com/k0sproject/rig/v2/sshconfig/tree.go:142.23,145.23 3 1
github.com/k0sproject/rig/v2/sshconfig/tree.go:145.23,148.4 1 1
github.com/k0sproject/rig/v2/sshconfig/tree.go:148.9,151.50 2 1
github.com/k0sproject/rig/v2/sshconfig/tree.go:151.50,154.5 1 1
github.com/k0sproject/rig/v2/sshconfig/tree.go:155.4,155.15 1 1
github.com/k0sproject/rig/v2/sshconfig/tree.go:158.2,158.14 1 1
github.com/k0sproject/rig/v2/sshconfig/tree.go:162.32,164.2 1 1
github.com/k0sproject/rig/v2/sshconfig/tree.go:183.37,184.36 1 1
github.com/k0sproject/rig/v2/sshconfig/tree.go:184.36,186.3 1 1
github.com/k0sproject/rig/v2/sshconfig/tree.go:187.2,187.45 1 0
github.com/k0sproject/rig/v2/sshconfig/tree.go:191.49,193.2 1 1
github.com/k0sproject/rig/v2/sshconfig/tree.go:195.34,196.16 1 1
github.com/k0sproject/rig/v2/sshconfig/tree.go:196.16,198.3 1 1
github.com/k0sproject/rig/v2/sshconfig/tree.go:199.2,199.27 1 1
github.com/k0sproject/rig/v2/sshconfig/tree.go:199.27,201.3 1 1
github.com/k0sproject/rig/v2/sshconfig/tree.go:202.2,202.56 1 1
github.com/k0sproject/rig/v2/sshconfig/tree.go:202.56,203.50 1 0
github.com/k0sproject/rig/v2/sshconfig/tree.go:203.50,205.4 1 0
github.com/k0sproject/rig/v2/sshconfig/tree.go:207.2,207.29 1 1
github.com/k0sproject/rig/v2/sshconfig/tree.go:207.29,209.3 1 1
github.com/k0sproject/rig/v2/sshconfig/tree.go:210.2,210.60 1 1
github.com/k0sproject/rig/v2/sshconfig/tree.go:210.60,211.52 1 0
github.com/k0sproject/rig/v2/sshconfig/tree.go:211.52,213.4 1 0
github.com/k0sproject/rig/v2/sshconfig/tree.go:222.53,226.16 3 1
github.com/k0sproject/rig/v2/sshconfig/tree.go:226.16,228.35 2 1
github.com/k0sproject/rig/v2/sshconfig/tree.go:228.35,230.4 1 0
github.com/k0sproject/rig/v2/sshconfig/tree.go:230.9,232.4 1 1
github.com/k0sproject/rig/v2/sshconfig/tree.go:233.3,233.37 1 1
github.com/k0sproject/rig/v2/sshconfig/tree.go:233.37,235.4 1 0
github.com/k0sproject/rig/v2/sshconfig/tree.go:236.3,238.83 3 1
github.com/k0sproject/rig/v2/sshconfig/tree.go:238.83,240.4 1 1
github.com/k0sproject/rig/v2/sshconfig/tree.go:241.8,244.32 3 1
github.com/k0sproject/rig/v2/sshconfig/tree.go:244.32,246.4 1 1
github.com/k0sproject/rig/v2/sshconfig/tree.go:246.9,248.41 2 1
github.com/k0sproject/rig/v2/sshconfig/tree.go:248.41,250.5 1 0
github.com/k0sproject/rig/v2/sshconfig/tree.go:252.3,252.44 1 1
github.com/k0sproject/rig/v2/sshconfig/tree.go:252.44,254.4 1 1
github.com/k0sproject/rig/v2/sshconfig/tree.go:255.3,255.17 1 1
github.com/k0sproject/rig/v2/sshconfig/tree.go:255.17,258.89 3 1
github.com/k0sproject/rig/v2/sshconfig/tree.go:258.89,260.5 1 1
github.com/k0sproject/rig/v2/sshconfig/tree.go:262.3,264.34 3 1
github.com/k0sproject/rig/v2/sshconfig/tree.go:264.34,266.4 1 1
github.com/k0sproject/rig/v2/sshconfig/tree.go:266.9,268.41 2 1
github.com/k0sproject/rig/v2/sshconfig/tree.go:268.41,270.5 1 0
github.com/k0sproject/rig/v2/sshconfig/tree.go:272.3,272.46 1 1
github.com/k0sproject/rig/v2/sshconfig/tree.go:272.46,274.4 1 1
github.com/k0sproject/rig/v2/sshconfig/tree.go:275.3,275.17 1 1
github.com/k0sproject/rig/v2/sshconfig/tree.go:275.17,278.93 3 1
github.com/k0sproject/rig/v2/sshconfig/tree.go:278.93,280.5 1 0
github.com/k0sproject/rig/v2/sshconfig/tree.go:284.2,287.82 4 1
github.com/k0sproject/rig/v2/sshconfig/tree.go:287.82,289.3 1 0
github.com/k0sproject/rig/v2/sshconfig/tree.go:292.2,292.30 1 1
github.com/k0sproject/rig/v2/sshconfig/tree.go:292.30,294.3 1 1
github.com/k0sproject/rig/v2/sshconfig/tree.go:296.2,296.35 1 1
github.com/k0sproject/rig/v2/sshconfig/tree.go:305.69,307.48 1 1
github.com/k0sproject/rig/v2/sshconfig/tree.go:307.48,307.78 1 1
github.com/k0sproject/rig/v2/sshconfig/tree.go:310.2,310.32 1 1
github.com/k0sproject/rig/v2/sshconfig/tree.go:310.32,312.3 1 1
github.com/k0sproject/rig/v2/sshconfig/tree.go:314.2,317.57 2 1
github.com/k0sproject/rig/v2/sshconfig/tree.go:317.57,317.98 1 1
github.com/k0sproject/rig/v2/sshconfig/tree.go:320.2,320.15 1 1
github.com/k0sproject/rig/v2/sshconfig/tree.go:320.15,321.57 1 1
github.com/k0sproject/rig/v2/sshconfig/tree.go:321.57,324.4 1 0
github.com/k0sproject/rig/v2/sshconfig/tree.go:325.3,325.72 1 1
github.com/k0sproject/rig/v2/sshconfig/tree.go:328.2,329.30 2 1
github.com/k0sproject/rig/v2/sshconfig/tree.go:329.30,331.3 1 0
github.com/k0sproject/rig/v2/sshconfig/tree.go:333.2,335.57 2 1
github.com/k0sproject/rig/v2/sshconfig/tree.go:335.57,335.99 1 1
github.com/k0sproject/rig/v2/sshconfig/tree.go:336.2,336.15 1 1
github.com/k0sproject/rig/v2/sshconfig/tree.go:336.15,338.3 1 1
github.com/k0sproject/rig/v2/sshconfig/tree.go:339.2,340.13 2 1
github.com/k0sproject/rig/v2/sshconfig/tree.go:341.76,343.25 1 0
github.com/k0sproject/rig/v2/sshconfig/tree.go:345.2,346.16 2 1
github.com/k0sproject/rig/v2/sshconfig/tree.go:346.16,348.3 1 0
github.com/k0sproject/rig/v2/sshconfig/tree.go:350.2,350.22 1 1
github.com/k0sproject/rig/v2/sshconfig/tree.go:350.22,352.3 1 0
github.com/k0sproject/rig/v2/sshconfig/tree.go:354.2,354.25 1 1
github.com/k0sproject/rig/v2/sshconfig/tree.go:357.98,361.21 4 1
github.com/k0sproject/rig/v2/sshconfig/tree.go:361.21,364.17 3 1
github.com/k0sproject/rig/v2/sshconfig/tree.go:364.17,366.4 1 1
github.com/k0sproject/rig/v2/sshconfig/tree.go:367.3,367.16 1 1
github.com/k0sproject/rig/v2/sshconfig/tree.go:367.16,368.12 1 1
github.com/k0sproject/rig/v2/sshconfig/tree.go:370.3,370.14 1 1
github.com/k0sproject/rig/v2/sshconfig/tree.go:371.30,374.22 3 1
github.com/k0sproject/rig/v2/sshconfig/tree.go:375.24,376.33 1 1
github.com/k0sproject/rig/v2/sshconfig/tree.go:376.33,378.78 2 1
github.com/k0sproject/rig/v2/sshconfig/tree.go:378.78,380.6 1 0
github.com/k0sproject/rig/v2/sshconfig/tree.go:381.5,381.31 1 1
github.com/k0sproject/rig/v2/sshconfig/tree.go:381.31,382.63 1 1
github.com/k0sproject/rig/v2/sshconfig/tree.go:382.63,384.7 1 1
github.com/k0sproject/rig/v2/sshconfig/tree.go:384.12,386.7 1 1
github.com/k0sproject/rig/v2/sshconfig/tree.go:388.5,388.37 1 1
github.com/k0sproject/rig/v2/sshconfig/tree.go:388.37,390.6 1 1
github.com/k0sproject/rig/v2/sshconfig/tree.go:391.5,392.19 2 1
github.com/k0sproject/rig/v2/sshconfig/tree.go:392.19,394.6 1 0
github.com/k0sproject/rig/v2/sshconfig/tree.go:395.5,396.35 2 1
github.com/k0sproject/rig/v2/sshconfig/tree.go:396.35,398.20 2 1
github.com/k0sproject/rig/v2/sshconfig/tree.go:398.20,400.7 1 0
github.com/k0sproject/rig/v2/sshconfig/tree.go:401.6,402.30 2 1
github.com/k0sproject/rig/v2/sshconfig/tree.go:402.30,404.7 1 0
github.com/k0sproject/rig/v2/sshconfig/tree.go:405.6,410.20 6 1
github.com/k0sproject/rig/v2/sshconfig/tree.go:410.20,412.7 1 1
github.com/k0sproject/rig/v2/sshconfig/tree.go:413.6,413.15 1 1
github.com/k0sproject/rig/v2/sshconfig/tree.go:416.11,417.65 1 1
github.com/k0sproject/rig/v2/sshconfig/tree.go:421.2,421.38 1 1
github.com/k0sproject/rig/v2/sshconfig/tree.go:421.38,423.3 1 0
github.com/k0sproject/rig/v2/sshconfig/tree.go:425.2,425.12 1 1
github.com/k0sproject/rig/v2/stattime/stattime.go:12.43,13.34 1 1
github.com/k0sproject/rig/v2/stattime/stattime.go:13.34,14.40 1 1
github.com/k0sproject/rig/v2/stattime/stattime.go:14.40,15.41 1 1
github.com/k0sproject/rig/v2/stattime/stattime.go:15.41,17.5 1 1
github.com/k0sproject/rig/v2/stattime/stattime.go:18.4,18.27 1 1
github.com/k0sproject/rig/v2/stattime/stattime.go:20.3,20.26 1 1
github.com/k0sproject/rig/v2/stattime/stattime.go:22.2,22.20 1 1
github.com/k0sproject/rig/v2/stattime/stattime.go:26.49,28.19 2 1
github.com/k0sproject/rig/v2/stattime/stattime.go:28.19,30.3 1 1
github.com/k0sproject/rig/v2/stattime/stattime.go:31.2,31.14 1 1
github.com/k0sproject/rig/v2/stattime/stattime.go:35.41,38.2 2 1
github.com/k0sproject/rig/v2/stattime/stattime.go:41.34,44.2 2 1
github.com/k0sproject/rig/v2/stattime/stattime.go:47.33,50.2 2 1
github.com/k0sproject/rig/v2/stattime/stattime.go:53.64,56.2 2 1
github.com/k0sproject/rig/v2/sudo/defaultprovider.go:16.52,23.3 6 0
github.com/k0sproject/rig/v2/sudo/defaultprovider.go:37.30,39.2 1 1
github.com/k0sproject/rig/v2/sudo/doas.go:9.30,11.2 1 0
github.com/k0sproject/rig/v2/sudo/doas.go:14.41,15.60 1 0
github.com/k0sproject/rig/v2/sudo/doas.go:15.60,16.20 1 0
github.com/k0sproject/rig/v2/sudo/doas.go:16.20,18.4 1 0
github.com/k0sproject/rig/v2/sudo/doas.go:19.3,19.34 1 0
github.com/k0sproject/rig/v2/sudo/doas.go:19.34,21.4 1 0
github.com/k0sproject/rig/v2/sudo/doas.go:22.3,22.40 1 0
github.com/k0sproject/rig/v2/sudo/noop.go:8.30,10.2 1 0
github.com/k0sproject/rig/v2/sudo/noop.go:13.45,14.60 1 0
github.com/k0sproject/rig/v2/sudo/noop.go:14.60,15.20 1 0
github.com/k0sproject/rig/v2/sudo/noop.go:15.20,17.4 1 0
github.com/k0sproject/rig/v2/sudo/noop.go:18.3,18.42 1 0
github.com/k0sproject/rig/v2/sudo/noop.go:18.42,20.4 1 0
github.com/k0sproject/rig/v2/sudo/noop.go:21.3,21.40 1 0
github.com/k0sproject/rig/v2/sudo/service.go:21.53,23.16 2 0
github.com/k0sproject/rig/v2/sudo/service.go:23.16,25.3 1 0
github.com/k0sproject/rig/v2/sudo/service.go:26.2,26.20 1 0
github.com/k0sproject/rig/v2/sudo/service.go:31.71,33.2 1 0
github.com/k0sproject/rig/v2/sudo/sudo.go:9.30,11.2 1 1
github.com/k0sproject/rig/v2/sudo/sudo.go:14.41,15.60 1 0
github.com/k0sproject/rig/v2/sudo/sudo.go:15.60,16.20 1 0
github.com/k0sproject/rig/v2/sudo/sudo.go:16.20,18.4 1 0
github.com/k0sproject/rig/v2/sudo/sudo.go:19.3,19.34 1 0
github.com/k0sproject/rig/v2/sudo/sudo.go:19.34,21.4 1 0
github.com/k0sproject/rig/v2/sudo/sudo.go:22.3,22.40 1 0
github.com/k0sproject/rig/v2/sudo/windows.go:13.48,14.65 1 1
github.com/k0sproject/rig/v2/sudo/windows.go:14.65,15.26 1 1
github.com/k0sproject/rig/v2/sudo/windows.go:15.26,17.4 1 1
github.com/k0sproject/rig/v2/sudo/windows.go:18.3,19.47 2 1
github.com/k0sproject/rig/v2/sudo/windows.go:19.47,21.4 1 1
github.com/k0sproject/rig/v2/sudo/windows.go:22.3,22.45 1 1
